特征一实部,特征一虚部,特征二,特征三,特征四四部,特征四虚部
12862,1098,714,10,2491,16415
24359,1920,727,10,-769,3715
10385,25856,827,11,3251,-9272
24325,-2632,722,8,-6226,16009
-9093,10545,849,3,-9093,10545
28318,7144,704,8,5430,-12076
-3672,21836,720,15,-6766,-3364
20350,22877,841,13,6266,17739
3740,-7482,722,7,-6513,5581
18742,17475,728,1,17582,18975
19275,23784,826,15,-1785,9460
-6374,9541,740,7,-3880,16922
21264,20927,832,5,19968,20421
21076,19804,839,5,20167,18707
23067,20516,848,15,20854,20338
20447,21486,834,15,15231,16681
7979,963,746,4,5012,20897
27850,6316,704,8,2252,-9134
28860,7365,732,1,-9852,5186
28438,10537,708,1,5673,-14392
28278,9396,728,2,-6511,15687
-6749,11356,830,4,2126,-9994
24280,2258,743,8,-615,7192
18624,24363,828,15,3207,-9429
18189,24791,828,15,6967,-13369
13399,-9523,704,5,-5268,-1547
22538,919,743,1,1782,19024
22102,20836,830,14,20944,20453
27875,12118,704,1,18422,-11103
26352,13342,724,0,6718,1307
2931,17458,736,13,6123,3315
-7286,5280,733,5,-2387,20866
3205,-9388,831,3,3205,-9388
27624,13485,716,0,-2844,-10742
20061,23404,833,15,-61,15956
27302,10707,730,0,-2756,14288
12402,21750,706,11,13234,22459
-925,23975,736,13,-8309,-2105
-11122,-3277,729,14,-11122,-3277
23396,-6077,745,6,-8836,8436
27125,-953,831,2,697,-5557
28538,1605,724,10,-7979,-5679
1111,-111,745,5,-2633,10954
13364,25584,844,5,-5639,-106
26231,-2083,723,6,-9543,3354
-1721,17169,833,8,-4773,5910
7786,18507,838,8,5666,14253
27984,12905,726,0,-9353,-2525
17199,23584,824,14,5440,14821
-2904,16415,706,15,1879,-1975
7248,-13602,727,12,-2061,-10964
13870,22232,849,6,9299,18748
22951,211,710,4,-3449,8577
14488,20383,832,10,12221,17669
28445,12014,727,2,-9659,-4214
7171,5508,705,6,4827,19251
21027,19224,847,6,20621,18688
28554,10284,711,1,3065,-14155
15409,22745,735,14,15126,22592
-8806,10369,737,14,-8052,2787
28671,1266,734,6,90,-12106
18553,23237,845,12,7093,18648
13422,22855,727,14,13422,22855
26504,-4914,848,2,-8783,1870
28852,2908,718,10,-4364,-10739
20443,23536,849,15,-8949,2859
28468,9204,706,3,4849,-12904
15865,24247,830,12,1010,8981
24816,-43,710,10,-4681,2405
19916,21593,825,11,17552,20558
5988,12498,845,1,6626,16026
-995,13255,833,3,-995,13255
13286,22305,748,5,14268,22855
5037,-10340,731,11,-8481,6358
16078,24308,836,7,1816,16217
9175,13589,712,3,11519,22008
16738,155,714,7,8765,659
12968,22378,744,11,13810,22814
15906,20678,844,10,13643,18712
5497,-7373,748,10,511,22029
20131,-235,743,10,514,9190
11301,25501,839,9,-3512,-1806
14339,8239,704,0,10678,22017
26895,7563,745,2,402,17432
-12344,4733,714,13,11900,-14098
16013,22956,724,13,15179,22576
8469,23485,731,15,3395,18483
1746,21734,838,6,-2544,-1306
16359,23329,838,5,6941,17529
20088,21653,841,14,15021,19079
4501,-12383,718,12,-3892,-8644
10702,-5901,707,11,-1923,1346
9438,4762,747,8,7195,20481
7850,-9609,716,5,-7580,5058
25619,2378,722,4,-3350,3677
17938,20738,833,11,15140,16623
5105,7234,719,9,3630,16369
20527,21317,834,9,18663,20748
22898,20329,845,14,21752,20113
13824,25611,840,7,-4047,-1639
152,10839,712,15,10496,-565
13334,23032,703,13,12114,22211
17030,20618,825,5,14555,15998
1411,-8010,707,7,-8048,5759
4768,-3785,722,5,-3785,10090
976,6604,719,7,286,14923
12648,22160,846,5,9712,3269
3426,23288,725,15,-3550,11763
19730,20832,842,4,19041,20499
17067,24480,844,11,3028,20632
11872,22074,716,12,12287,22421
28378,10629,737,0,-7387,14178
14485,20526,826,3,14485,20526
15297,-11343,718,11,-5304,-5535
17973,24854,830,13,5218,-12939
20591,9796,732,2,10035,17805
27272,8931,713,1,325,-1867
-4605,-1831,737,9,-5748,15882
9615,18790,739,4,13209,22746
24202,1784,726,1,210,19455
25771,4762,710,1,-3001,12343
10612,10096,722,3,10315,21072
28650,8956,711,3,2014,-12359
17313,24780,846,12,-6668,10272
-2721,12244,746,12,-2721,12244
14763,23056,711,13,13791,22526
18522,24587,835,13,840,-11059
7641,-762,748,10,2888,19851
2855,19099,733,14,2855,19099
10324,21820,840,6,4576,14420
16721,23734,827,14,3669,10046
13118,25981,842,9,-8784,6700
28569,1710,838,0,-2536,-2265
23864,4276,707,3,-635,10017
25669,-628,741,3,-3582,17348
28741,187,826,2,5166,-11373
27096,12630,719,0,-1830,1229
27431,11261,713,0,-6341,9711
3668,-11670,849,1,-6895,-3133
25219,9616,710,0,1897,15264
21456,21088,845,11,19573,20677
-3511,6019,727,14,-3511,6019
-5253,1653,733,9,-1995,20602
14199,18687,833,3,14199,18687
27372,865,718,6,-5587,-4701
1302,16730,725,14,1302,16730
12847,24677,833,5,-868,4287
19027,-10173,717,5,-4374,-7765
27596,-1185,731,6,-10699,1286
1531,25112,743,13,-10163,3887
14264,20938,743,4,16115,22429
16180,25092,843,12,-5654,-1518
27904,7730,706,1,-6001,-47
-2785,13086,843,1,91,19110
10455,20648,837,4,7333,16594
28266,11149,713,1,10163,-13506
17896,24306,847,14,-3744,6440
10544,1142,740,7,6151,4089
28768,7867,705,8,8482,-15231
-2867,11176,706,13,5607,-2537
21304,-10688,711,7,2417,-14428
19295,22800,848,13,9943,3974
-296,20435,744,12,-296,20435
10704,18000,731,8,13823,22408
21750,17896,838,10,21796,17495
16018,23468,829,7,6153,16072
25229,-5398,725,9,1061,-12306
10277,24117,832,10,3051,19750
7189,-13089,737,5,-8660,-1163
2132,12137,830,8,3496,3768
24708,867,746,1,73,19057
-7764,8276,839,8,-1202,-8878
21955,20709,845,7,20555,20281
20052,20221,836,1,20265,20349
24799,-795,825,0,-1830,8878
28569,7715,709,3,-3480,-8149
2189,20291,708,13,-746,10689
25060,2861,708,10,1062,-1134
2370,17666,736,12,2370,17666
-2023,-11422,727,12,-9659,-4214
-4229,17208,710,13,-2630,-1185
20324,-166,832,2,4120,8027
28700,1818,724,10,-7474,-6974
-4310,3917,739,7,-4537,12340
1984,-11617,735,5,-9913,3608
24100,-5772,746,6,-9371,7886
-5901,10616,745,9,-155,21551
10173,-5018,717,7,-764,1434
-6883,10055,733,7,-1995,20602
22903,5662,742,2,6204,19734
11410,18230,725,1,14571,22648
26755,6995,726,3,-577,3226
7217,25898,824,5,11202,-13159
7739,21723,713,13,5073,17567
-3780,10991,709,13,5643,-3866
19878,1746,719,6,1973,8997
24720,1394,840,0,2535,8047
14447,1828,727,8,4227,18521
-6877,19175,716,13,-7045,-5528
14397,-11601,704,12,7069,-12629
22181,18452,846,7,22085,17451
-235,713,847,1,-2735,9111
13667,19432,834,8,12442,17856
-5725,2941,703,14,-5725,2941
27767,13474,707,2,9458,-15967
16265,11615,826,2,14625,16076
27169,8476,706,3,3654,-4698
28929,10226,748,2,-9645,9422
-10413,-1252,729,14,-10413,-1252
27820,12257,709,2,-3480,-8149
4211,-13408,747,9,-11014,7663
27613,13207,713,0,-4648,-7416
25795,7592,735,1,3180,5601
11185,25441,833,5,-140,-5374
28561,8861,718,1,-5819,-4931
15459,24157,840,5,2091,15006
28236,12651,736,0,-8317,-4238
9584,1021,827,3,9584,1021
-3149,22841,739,13,-4568,-8075
-10622,16300,712,13,-3273,-12114
4091,-5515,728,5,-5102,10491
27392,-729,724,10,-10177,1692
4622,12683,831,3,4622,12683
15628,22476,841,11,7992,11696
792,11453,719,13,8127,683
5710,14125,739,10,9744,22170
23214,-53,729,8,-2959,13806
20706,2089,709,9,10258,33
-1278,22039,842,4,-9590,3576
6673,4922,842,3,6673,4922
13041,-12750,719,12,4649,-13071
17174,-13138,718,7,-4364,-10739
4408,11575,833,1,4985,15565
10255,3553,711,14,10255,3553
13838,23593,832,11,4120,8027
11559,20215,718,6,13811,22566
23426,-3118,840,2,-1920,5108
19156,23306,826,13,5165,14402
-10558,366,734,12,-10558,366
6579,-13491,706,14,6579,-13491
19524,19227,843,0,20758,20205
1034,-5367,846,1,-4833,3607
20753,22348,840,15,9959,17860
443,23962,730,15,-8462,5554
24439,-4470,706,9,4068,-11574
27905,10659,725,2,-6582,7760
21644,19375,842,0,22277,19789
14600,25055,841,7,-3213,4685
21349,20964,835,11,19851,20458
3497,627,710,5,-1353,12658
12943,22236,713,12,13247,22500
9454,4807,728,12,7226,6510
12508,25000,830,5,-1989,3629
27195,-2333,732,10,-11759,7366
16409,25398,832,14,-7142,-2212
2599,24273,840,10,-8743,5217
12349,19077,734,1,15244,22514
-2704,-11394,729,14,-2704,-11394
4594,12936,837,1,5570,16696
25535,3372,719,1,-2357,15695
1685,20010,725,15,-6,5243
4149,9458,721,5,3890,16871
-2016,-7551,838,1,-8615,3362
-3136,-11224,722,12,-10390,-3808
9017,20910,715,7,10452,22287
27450,6204,713,1,-6221,7080
12821,-14549,726,5,-11957,181
29266,7365,737,3,-3033,-9287
26394,-3577,706,9,7590,-14520
29362,7492,748,1,-9790,72
-552,23891,724,15,-9673,4237
18409,932,845,0,6626,16026
29625,1987,831,0,-4929,-7296
1451,-244,721,7,-2959,10756
28718,9167,709,3,3672,-13848
28576,10320,711,1,3239,-14357
13892,25488,837,7,-4067,625
18023,18649,736,7,17935,18862
21853,20934,825,14,20435,20560
18838,24361,831,13,-5522,-3364
2171,21822,722,13,-2878,11275
11569,22539,836,10,6521,18381
19870,19166,830,4,19613,18684
3044,21337,744,14,1322,19199
19938,22048,843,14,13626,19535
6189,19954,718,12,7051,21094
7892,25108,744,13,-988,18463
15117,25519,839,12,-1202,-8878
11171,11404,719,1,11412,21449
-2068,-9498,719,12,-8575,-2922
10919,21840,839,5,11779,837
17057,142,745,3,4254,19643
13158,26143,841,7,-3787,-7225
5841,-78,742,10,3256,20813
-498,132,824,3,-498,132
4165,24854,735,13,-6347,12253
28514,11899,740,2,-5530,-6784
24468,8199,735,3,8281,6017
28499,4554,721,8,-6821,-4628
11973,26085,838,11,-426,-9481
16358,23091,732,15,15279,22674
13784,26011,832,12,4643,-13795
2821,1394,712,5,-1104,13533
26736,10074,726,0,-318,15878
28768,11795,748,0,-11951,7624
16851,-4727,703,9,-609,-675
26880,9757,728,0,-445,17010
21196,-926,734,8,-1842,12951
15108,22747,732,14,15108,22747
10508,20115,729,6,13637,22873
10942,-5061,703,7,19,62
27943,12540,724,0,-9523,1774
10925,22074,711,12,11397,22471
28163,335,722,10,-10228,-2278
8553,-3522,738,10,792,19260
-4260,3604,732,11,-2794,17557
14933,23236,834,5,5226,13096
11496,22508,717,13,9606,20666
25746,5598,704,10,8058,-3735
357,9996,709,15,11247,-499
906,5719,735,12,906,5719
-4590,-3237,705,14,-4590,-3237
17611,24246,839,11,5793,22524
26276,2741,739,2,3522,23491
18970,23912,828,15,169,1395
5593,25865,747,13,-7065,15038
27255,315,743,8,-8580,6580
10323,15089,738,5,10325,17393
11457,22884,825,5,6469,3078
-7207,-4188,747,7,-9820,8617
21222,-9165,708,5,-1107,-11146
-5432,3618,731,12,-6444,9961
14784,23168,726,15,13245,22340
-5729,5059,733,12,-6217,11288
4371,23451,846,10,-5339,7255
10781,16269,746,11,11013,18017
28306,10990,733,2,-8471,7970
23866,-2631,708,10,-7692,6581
8303,675,738,6,2760,18244
14215,25648,841,7,-5813,-998
2649,25474,746,13,-9902,6957
5588,20157,836,4,1291,11710
22300,-54,740,10,-350,5734
19534,-2250,739,10,-1733,10484
9042,16881,728,3,13537,22865
18966,1148,826,0,5625,14263
10574,19977,730,10,13750,22883
28657,2070,730,4,-11317,316
8062,-6935,721,10,-188,21572
28776,5914,723,4,1834,-11988
8057,21873,715,13,5355,17915
7212,19886,735,5,9064,21847
4978,24623,728,15,-3929,15835
7067,-4371,846,2,3708,21110
18980,23203,839,13,7104,4034
21798,20300,845,6,21301,20107
8442,958,739,5,2782,7032
9608,-6521,718,7,-2397,1304
14140,25040,838,7,-2176,3284
11207,598,743,5,4616,5237
28195,2741,710,10,-2455,-9390
-1661,14707,722,14,-1661,14707
-10379,13873,707,13,-223,-11637
3441,15877,844,2,12470,23664
1379,-4643,722,9,-4861,15037
29213,7644,735,1,-8081,-4673
24330,-855,724,8,-4903,13851
26031,8375,738,0,2760,18244
28320,3894,726,8,-8249,-410
-3975,13720,711,14,-3975,13720
23832,-5433,838,2,-5976,6411
28258,9089,735,2,-6347,12253
18261,24601,847,14,-8049,10995
27945,12696,716,2,-2000,-11524
13862,25995,847,11,-7089,-4151
24090,432,735,4,-2466,5448
21951,20151,833,4,21733,20045
8861,13051,709,4,10001,20949
17692,24299,833,12,2264,19885
21186,22018,842,15,13494,19668
6007,3100,734,6,3933,19412
-5239,16804,741,14,-6925,11350
26128,1135,724,4,-6444,4961
21693,395,834,2,5190,6158
-5234,14022,746,5,-167,21559
20528,22833,841,13,7549,19398
26497,-692,709,6,-7670,-1729
19363,21722,836,12,14504,18837
-2500,15731,716,13,853,-330
19208,-9358,723,9,-7057,-2944
5377,23636,729,13,-819,17167
6807,25498,848,6,-7800,11786
25778,9403,715,3,8475,810
19049,24150,833,15,-153,-5646
3080,9452,722,5,3317,17428
20105,22851,846,15,5161,8400
20465,-1466,746,3,1858,19699
-4482,-7826,729,12,-10083,30
19760,23989,845,15,-4703,-6667
-8753,-3266,737,12,-8753,-3266
26038,2402,721,8,-5187,6025
27868,9402,741,0,-1877,17415
23663,2215,849,0,5105,9373
14504,-11203,736,9,-5613,-3320
-9303,4930,829,4,8668,-13979
12792,25359,833,7,-382,-2604
8893,20230,706,9,10727,22269
8789,16688,709,10,11158,21831
9431,11238,848,8,11360,6880
28731,11131,740,2,-10527,1013
16444,23075,843,9,8012,18077
29005,6828,726,8,95,-11917
5368,9831,711,9,4819,17165
-866,1431,834,3,-866,1431
20751,20462,843,8,20436,20321
14219,23056,711,13,13095,22372
9920,21625,838,6,4345,13801
17580,-11554,723,5,-7412,-5508
28066,9933,728,0,-3924,18457
24371,-4997,836,2,-5899,4799
28781,5746,718,8,-4021,-9535
8490,4613,833,3,8490,4613
15326,25135,848,7,-5337,4896
2165,20210,826,8,-2202,13337
-6397,9080,825,4,4643,-9983
14892,22092,729,5,15660,22571
28837,5501,740,1,-9330,7860
24673,5893,729,4,5325,2931
17236,12345,849,0,16447,17535
11487,19285,720,8,14107,22500
-2028,23728,735,13,-8081,-4673
14290,20034,831,1,15083,20708
28334,8365,742,2,-4613,16246
8061,-11486,722,9,-9449,9495
9570,5585,716,6,5487,18082
508,-6167,705,12,-4670,-1489
17113,22409,830,5,10897,18206
4416,-2802,713,5,-3353,10159
465,14440,703,13,4073,3318
5125,20669,848,1,7853,22725
25413,-435,723,10,-6327,4211
4848,-3442,833,2,3828,21427
-1799,5200,725,7,-1702,15673
22602,20856,841,15,20285,20374
1955,19974,747,14,365,17282
10563,-9668,718,9,-7682,6576
22244,20674,847,12,20698,20266
-1740,18061,743,14,-3296,14034
15813,-2714,734,4,-358,16086
28693,6807,723,3,-7866,-1015
7503,20906,742,11,9229,22327
28156,12462,734,0,-7388,-3029
15792,-8316,706,11,-975,-5261
-1320,-7611,706,14,-1320,-7611
21747,17954,838,6,21796,17495
17905,4151,736,2,9239,21935
20392,20958,844,10,19501,20688
24835,-1989,705,10,-8193,4160
-7064,27,835,3,-7064,27
689,10584,731,11,2444,18583
28610,1331,747,4,-8758,-2821
27147,12038,703,0,-5725,2941
5124,23545,728,13,-1067,16832
7746,-3616,849,2,4665,20817
15746,22448,745,7,16113,22608
7786,25386,827,9,3927,-9781
5180,-13462,717,12,-3677,-10078
2742,-13757,711,14,2742,-13757
12919,558,835,3,12919,558
11520,18472,828,3,11520,18472
20338,22762,848,13,4824,13680
23617,-1644,714,6,-5323,5019
29004,4535,712,4,-3273,-12114
22779,-6374,712,9,-799,-9251
19121,2231,707,8,1337,12877
-999,10281,747,5,927,18070
7487,14811,703,8,10315,22142
-3692,2987,725,12,-5257,8646
25584,5126,704,6,8058,-3735
17991,23989,843,12,1455,17575
12447,20460,731,4,15012,22737
26080,-535,730,3,-3473,19753
1540,18417,847,8,-2013,9404
18977,23628,829,15,2964,4094
12303,21518,728,9,13767,22640
8040,1261,727,6,3648,19717
22161,19964,838,8,22032,19916
-9602,-1232,728,14,-9602,-1232
-1897,22007,720,15,-6544,699
3511,23929,838,6,-6955,3650
11224,-4432,726,11,-577,3226
21619,-2470,835,0,550,15576
29293,7318,731,1,-12641,5437
-707,16614,719,13,1061,2388
17603,24526,847,12,-4729,12978
15988,24992,843,12,-3615,-2705
4494,10241,841,1,4695,14726
28715,3007,714,6,-151,-12583
7309,-7055,716,5,-5472,6313
16091,-106,844,0,6859,18438
-2139,-7207,724,12,-7741,-691
15279,24634,828,5,1105,17745
-3341,-4067,737,11,-7418,8482
11340,20996,707,9,12612,22312
9750,12099,710,1,11244,21944
21371,20782,848,14,18604,19392
-990,17281,838,4,-2186,187
24986,-1766,832,2,-313,250
4054,19433,744,12,4054,19433
-6974,14045,848,8,-6415,-4048
18051,19098,825,0,19441,20522
2874,21644,836,6,-2246,1310
-3779,15376,734,9,1955,22653
15330,-5761,733,6,-1847,17958
14993,23468,727,15,13422,22855
17204,18724,832,1,17483,19184
27197,8027,710,3,1674,-3195
17370,24421,838,14,-2678,8575
13988,11011,741,2,13390,21571
17767,22290,831,7,11972,18491
28709,-759,830,2,1428,-11253
14232,25532,831,12,1321,-8866
-5570,5863,714,5,-2493,19415
28801,6532,707,6,15107,-12810
13426,25056,832,11,-2316,4844
13296,23339,710,15,11514,22258
14498,1365,748,10,3703,15070
18950,21273,825,10,17899,20776
-1886,20551,835,10,-3223,-5625
20695,20476,842,8,20350,20345
23904,310,831,0,1029,9437
3017,18326,840,10,2123,1254
25796,-1907,733,10,-8471,7970
13336,23800,849,10,7610,21509
12860,4808,829,2,8569,15988
18979,17600,742,3,18120,18875
2880,16161,839,1,4997,19707
21959,20307,839,6,21591,20135
20293,21794,844,11,16637,21016
9146,20856,745,12,9146,20856
-13382,10509,711,13,5174,-15799
6295,-4669,704,14,6295,-4669
26189,2145,732,1,-1966,19388
-309,10233,745,9,2141,19144
-1649,23038,726,13,-9809,5956
2952,18934,732,13,1679,7931
20453,20574,847,9,18546,19391
22019,20701,833,7,20972,20398
15652,17188,732,3,15634,20317
5171,24509,846,10,-6668,10272
21241,20165,834,14,19874,18676
17646,19585,841,2,19252,20733
3676,20410,847,1,6711,22801
19539,23114,837,15,4983,7203
-4257,12806,704,15,6295,-4669
-6038,11789,732,12,-4616,16730
-7376,8279,717,14,-7376,8279
6440,-15260,744,7,-7321,-7202
25065,6549,731,8,4848,3491
9831,11362,706,1,10708,21750
28610,7942,725,1,-8352,1142
18766,24174,833,13,-140,-5374
25651,4109,723,3,-2835,10619
27634,13039,704,2,4522,-13840
-189,16805,835,8,-2613,6726
12448,21655,728,7,13481,22414
28796,4220,723,6,3067,-12679
4138,-720,739,7,-236,5255
9278,22463,848,4,3765,17775
-241,11867,743,14,414,7678
956,4003,846,3,956,4003
22635,-325,726,10,-2698,8413
-1398,21423,838,4,-8615,3362
8629,14562,710,6,10145,21012
19293,3528,740,2,8874,22213
4998,9570,832,10,13708,280
15704,22564,839,7,7943,11228
22517,20285,849,5,21547,20008
28696,7518,706,10,17131,-11829
13723,24424,837,5,242,8016
-5224,6129,720,12,-5656,11581
21797,20690,836,5,20670,20341
12508,25881,849,9,-6992,-833
16616,23427,845,11,5242,15927
25781,634,730,8,-6138,11169
11712,22073,735,11,12626,22645
26879,9145,736,0,78,16264
12854,-317,736,11,6680,2261
22904,20021,842,11,22277,19789
26799,7356,747,2,927,18070
13551,24213,828,10,8772,22851
18320,23917,847,14,-707,12213
15963,21045,847,4,14156,19779
29169,1493,832,0,-5670,-3961
8959,20758,716,11,10593,22327
21440,3393,842,0,8008,11914
27542,12246,717,2,-1291,-3025
12226,23498,849,4,7610,21509
2309,25135,732,15,-9270,10893
28274,-131,827,2,3927,-9781
22244,20141,845,10,21964,19991
26515,-3548,706,9,7662,-14644
19058,23483,849,14,3986,18083
7342,-11057,825,3,7342,-11057
-727,16023,832,4,-313,250
-3207,-5267,710,7,-8391,10357
24945,6960,735,2,3178,17329
27862,1686,723,4,-9271,874
18347,2648,703,4,2216,11834
11927,24332,838,6,4072,20670
4891,-12162,711,12,-3208,-8776
14171,22088,730,5,15076,22672
14303,-3529,714,11,2497,213
28661,4366,720,6,4230,-12639
4444,-9470,723,9,-7858,12465
-11924,4718,729,14,-11924,4718
23637,6735,748,0,7392,20602
3396,24880,743,13,-7516,8705
17297,-1291,703,7,8476,-1471
28208,-1355,825,2,-907,-9304
21234,1978,713,3,920,16076
13886,20746,733,8,16034,22570
24132,3468,843,2,10920,2990
15324,24631,834,11,339,15134
9499,21543,746,11,10881,22550
12985,20786,745,10,15244,22574
28737,11391,747,2,-9381,-250
26895,11965,720,2,1642,1332
11563,15779,747,3,14017,21743
16794,21752,827,6,14604,20561
28650,-81,838,0,-8622,2970
9857,-9170,713,7,-4459,-1018
-11147,4485,703,13,10251,-12767
22538,7443,731,0,7723,20307
26698,719,720,3,-5899,16512
20289,22876,837,15,6767,17326
27943,13012,726,0,-8679,-3094
364,12726,722,12,806,15736
-2341,23289,722,15,-9676,-171
18135,24534,828,13,5267,-10354
20722,19900,833,5,19806,18686
26120,10402,713,0,-337,12518
28646,7621,711,4,11918,-13381
3487,25831,743,15,-9869,4403
-10689,16597,706,15,1833,-14175
24206,-6695,712,7,10411,-13786
28684,9383,712,1,-2928,-10605
26354,13741,705,0,7584,-3563
3994,15700,704,14,3994,15700
3430,24764,728,15,-6566,13388
9567,16187,727,12,9604,17270
13168,21926,733,5,14336,22697
18373,19677,849,2,19886,20621
18511,22371,847,5,12320,19812
13739,22262,726,7,14495,22724
8769,-13755,728,7,-9733,-1014
-2055,19831,717,13,-4690,3337
8683,10492,825,10,14472,3802
21156,21733,846,13,13880,18871
8354,-6265,828,1,1084,-1927
520,21675,837,6,-2758,-3814
19741,22711,849,15,9753,4185
6641,3532,831,3,6641,3532
19493,22715,837,13,7934,10747
18711,1350,736,3,3362,17581
13728,25434,847,9,-6244,8822
-2,20036,717,15,-1681,3354
23392,-57,834,0,1152,10824
19770,23453,832,13,3290,17865
-2954,-2376,846,1,-6325,8059
9812,4264,841,2,8107,18530
21033,-7342,715,9,-3224,-6338
26821,-2843,704,9,9522,-14635
-2499,2059,743,9,-2634,16429
-1504,7599,830,1,-793,14635
28279,11010,704,1,9986,-14872
14418,22463,726,12,14678,22653
3356,10740,705,15,11530,2868
6247,-9822,707,5,-8387,5713
-13281,5062,705,13,10342,-14930
13332,633,744,3,6119,21170
5922,15061,832,10,8641,4364
9044,2191,838,1,5662,5756
18267,4514,726,1,6803,19157
14971,-10700,825,1,5358,-10390
15017,-3359,720,5,1642,1332
17831,22408,844,9,11817,19532
4340,-3871,735,5,-3042,6237
28140,12539,733,0,-10370,4462
13872,-13701,838,1,1583,-12800
3983,17362,836,8,1845,10479
25556,3715,708,6,4237,-3563
16000,-13240,835,1,4361,-13903
20592,22445,837,13,11425,19582
13421,25616,838,7,-2984,-3906
24980,-3456,826,2,-3537,708
11625,-1830,705,12,7728,-1106
11253,15206,711,2,13791,22526
18176,21473,836,9,14504,18837
27003,10087,703,2,-4280,7689
8495,24592,735,13,1293,19362
17151,22949,825,13,14472,3802
8836,18095,720,4,12567,22714
28410,10512,739,2,-7618,5596
9966,24825,745,15,2272,19529
10681,-12079,728,5,-9498,3145
25057,1270,716,6,-1759,162
1728,20155,703,15,-560,8314
8567,10743,705,1,10590,22226
28576,5631,742,1,-8077,7890
-11234,503,725,14,-11234,503
10156,25230,827,5,2530,-5687
24833,3210,720,1,-843,16623
-2415,17604,748,7,974,21490
1579,19592,706,13,-639,9588
26501,3191,716,8,-5090,2837
16046,24051,844,5,2857,16485
9624,-3445,743,4,2206,20597
18482,19935,836,4,17769,19254
-5170,16668,724,14,-5170,16668
-2641,12171,732,7,872,20021
16135,22991,742,13,14673,22300
19804,-2247,722,6,-2878,11275
11891,24422,745,15,6324,21316
28282,2747,715,10,-2928,-9148
-1719,22580,705,15,-8193,4160
16707,23009,747,15,15157,22365
13022,-9199,711,7,-2314,-4173
16471,14535,711,0,14058,19979
26662,-378,735,4,-7677,2018
16281,20064,844,8,15314,19180
3909,19436,743,12,3909,19436
-1378,2447,730,7,-2756,14288
23830,4843,736,4,6123,3315
-1005,6616,740,5,-758,15649
10310,-7395,717,9,-5512,6969
21314,5,722,8,-1431,14183
14045,22840,746,12,14045,22840
25913,2135,715,8,-5418,5662
964,10938,735,5,2179,17369
21880,21668,849,13,16152,21164
15131,23798,844,11,2519,9732
24228,2247,830,0,4231,7279
24074,-7549,711,5,3239,-14357
8548,-2630,711,9,-1901,9404
5672,25715,746,15,-7112,10922
20784,21165,824,11,19351,20545
18924,23663,841,14,5507,20148
12369,-14229,728,11,-10028,-2303
27346,13801,705,0,3558,-13623
15559,-7214,708,5,-1809,-2376
27065,4864,727,2,1746,22918
15095,-13191,728,5,-10099,-1964
8223,14781,704,4,10418,21664
28753,3845,722,6,2016,-12322
12036,20483,722,6,14252,22607
23596,4877,714,1,786,13565
19021,23733,827,15,890,4910
-318,23458,709,15,-8461,7254
14140,10439,744,8,10892,17859
12540,25053,843,9,-3377,3607
15508,23439,838,5,5395,14825
7250,-13434,733,11,-10679,3809
5662,21960,835,4,-592,14262
-1328,-7124,707,7,-8748,8127
8776,23022,731,13,5019,19360
27656,11602,717,2,-4937,-183
620,23864,722,13,-8049,11760
16781,8070,703,8,7963,14007
-5023,-5468,717,14,-5023,-5468
3341,14691,732,7,5201,19533
13258,22877,845,10,8418,20034
27353,12759,715,0,-4203,-1596
22910,-5001,734,6,-7463,6191
-1921,18099,849,8,-5911,5493
20499,21991,845,12,15677,21085
27484,6817,722,1,-5258,6698
8614,24534,739,15,686,17340
22782,20149,848,5,22103,19903
17781,-11436,715,7,-1523,-10528
18800,24325,830,15,2126,-9994
-2149,-1919,721,7,-5490,12181
27536,10845,723,0,-4446,13621
18158,23655,824,15,8063,1527
20950,20798,844,12,18336,19340
28939,2769,831,0,1006,-6447
20788,-9381,706,12,15320,-12684
26506,6797,704,1,-3159,5296
9409,-4788,718,11,-1872,3912
12179,24300,834,9,362,6461
8840,25899,741,15,-1889,20060
17062,24980,845,12,-8223,8503
-1785,-7998,723,12,-7759,-1584
-1297,22192,831,10,-6700,-3095
277,-585,711,11,-3773,12019
5644,4762,830,3,5644,4762
-6620,7093,826,4,6650,-10858
29177,5206,734,8,90,-12106
12012,3243,715,12,9461,4100
15038,-13585,728,5,-10728,-1862
6206,8232,825,10,15015,928
23014,20508,849,15,21132,20098
-2072,-7727,825,3,-2072,-7727
16495,21587,848,6,13504,19815
-6024,6085,829,8,1513,-8030
5386,4107,711,9,1693,14228
-2665,-7558,841,3,-2665,-7558
26848,2062,708,4,-5858,-1074
-5588,-7391,730,14,-5588,-7391
28904,3005,740,4,-3859,-9022
9565,11191,707,11,8111,14607
28175,114,730,10,-10699,126
5519,23091,844,6,-3426,6740
28472,199,846,0,-6905,3204
1074,13402,743,9,4265,20375
15679,-3882,831,2,850,14185
15346,23614,832,7,4693,13001
-3034,22681,731,13,-10364,1748
14404,23318,840,7,5494,6410
27498,2631,703,6,784,-9079
28450,5499,743,1,-7516,8705
15577,1304,842,0,7846,17882
15629,23321,831,14,8803,4134
8987,20826,834,8,6128,17904
-6934,8901,730,12,-6046,14572
11839,26263,843,5,-3338,-8222
12541,-118,724,4,3008,19082
6515,14590,709,10,9556,21964
14238,-11453,723,9,-9543,3354
1441,-9965,740,7,-6840,-316
6230,-12798,716,12,-2338,-9945
8145,-10302,828,1,-1492,-5607
10040,25836,825,11,4192,-9734
17452,809,717,11,8898,1294
8637,20972,737,14,7881,19950
27007,1589,721,3,-6514,15450
3375,17612,830,8,1063,10838
-550,-6591,710,7,-8015,8010
19941,-8447,705,7,4290,-10932
27312,12159,727,0,-3511,6019
19631,23799,839,15,-2459,1145
15578,23085,849,12,9515,2813
23176,20339,844,13,21705,20136
3993,22017,739,14,2420,20272
25809,-2054,725,4,-8983,11873
16222,18960,835,10,15307,16743
19518,24107,834,15,-7821,-370
18351,23192,837,14,7333,16594
26377,3165,717,8,-4690,3337
15054,-13428,721,7,-5984,-8195
18202,-5022,831,2,-1310,12209
1291,12433,739,5,2944,18281
19618,-2287,725,6,-2688,11680
26083,11005,710,1,11146,-730
24997,2860,725,4,-1511,4290
5062,15823,833,6,8216,2411
27375,10240,736,0,-2540,12981
7487,22865,835,8,3158,19943
5601,8096,837,4,12298,577
28314,7275,722,1,-7893,3884
20819,20293,829,1,20976,20384
6463,-2591,703,7,-1480,5422
22001,-9743,716,5,-2562,-12087
4647,263,742,6,3256,20813
-1691,6452,705,14,-1691,6452
7535,22889,718,15,3167,17466
8118,5755,743,10,6487,19368
23238,-2945,704,9,5937,-8099
12714,21847,716,11,13577,22539
14048,23495,718,15,12308,22664
3508,4182,712,11,614,12840
28795,2020,716,10,-6634,-9216
-7340,2832,724,7,-5599,17095
20659,22754,842,15,6458,17987
1072,-4471,743,9,-5182,11934
13541,21577,742,9,14595,22328
10863,-187,743,11,4913,3714
8700,18033,722,9,10315,21072
14324,25514,843,7,-5307,-937
18954,-12176,709,7,-1195,-12891
19401,23468,841,13,1883,1687
-3087,-5438,747,5,-7797,10903
26282,-4267,743,6,-10624,1564
14200,24996,846,5,-3689,5723
14678,22653,726,14,14678,22653
13030,23044,712,13,11519,22008
27755,8750,725,2,-4097,16541
25535,7225,732,2,2664,18639
14391,25563,824,14,6093,-10641
23811,-1519,703,6,-5725,2941
6877,23696,734,13,242,15714
13603,21379,848,4,10812,19187
-8797,18082,714,15,-151,-12583
27814,11439,731,0,-5977,11801
16178,23439,845,7,4496,12705
21947,20570,849,9,20798,20225
17697,17840,710,4,16886,18940
9223,23891,733,13,4920,20861
17364,24756,844,14,-5639,-106
24950,-3896,741,4,-8635,10907
14295,21966,744,11,14890,22340
13000,22592,727,12,13422,22855
28243,11458,729,2,-8999,3637
778,-6235,846,1,-5632,3102
4587,-374,707,5,-1595,11316
20847,22540,848,13,8777,19369
25749,7039,745,0,4770,20742
5512,21973,720,13,1543,15563
16449,23617,824,14,4724,9920
2783,17203,735,13,6348,3089
24666,7386,706,10,12035,179
-10540,11626,706,13,3030,-11815
1383,22355,708,13,-4581,12132
28559,815,741,10,-4763,-8357
11124,18970,848,3,11124,18970
5835,10927,830,6,13874,1288
14916,24473,828,7,431,12853
-2113,-9506,744,11,-9905,5144
11420,24374,742,15,5691,20883
19040,2446,723,3,3512,17668
-3140,151,710,12,-5709,5667
-3445,-5982,726,12,-8363,994
11698,-5203,710,7,335,-214
20446,20283,847,1,20816,20361
21751,20779,830,5,20763,20476
29207,3764,713,6,2979,-15306
29398,6681,742,1,-11118,2314
2615,368,742,5,-1477,10235
17575,856,724,8,2184,16733
6007,-14725,708,14,6007,-14725
-5510,8250,719,14,-5510,8250
10576,20569,714,5,11812,22018
19232,17208,727,2,17548,18962
-558,19453,718,15,-1030,1985
-9910,13631,704,15,5430,-12076
24120,-1298,722,10,-5821,6997
18904,19935,842,4,18193,19314
25159,-5643,746,6,-10537,6253
28382,-687,841,0,-8803,5774
28676,7945,711,3,-3208,-8776
-7519,10214,713,14,-7519,10214
9772,-11634,730,5,-9083,4517
5372,7418,724,10,6856,21422
12826,19241,737,1,15564,22456
17000,24456,834,11,4170,21631
14606,23137,713,15,13332,22421
16277,24848,835,12,-4809,7396
12706,-4416,840,2,1789,17532
1052,-200,709,11,-3155,11840
21956,-3526,720,10,-5656,11581
10577,22252,828,6,5099,16326
22605,20762,833,13,21148,20360
21618,-840,724,8,-1889,15260
13925,25915,839,11,-8145,2726
-134,20534,742,5,4399,23865
2979,-15306,713,14,2979,-15306
10576,7753,846,2,10814,18717
5876,18631,830,10,4231,7279
17006,24476,825,14,-1796,12127
-5559,13568,833,4,-56,-7845
15953,23314,843,12,6543,5210
6114,-13638,739,5,-9661,-407
13407,18564,842,3,13407,18564
15384,25519,849,5,-7527,12563
12747,20808,728,6,14886,22654
16314,23003,731,15,15248,22562
8923,21692,705,14,8923,21692
12311,-353,717,12,8752,354
-1808,2811,743,7,-3074,10766
26248,880,736,3,-5204,14214
20543,-1370,734,3,1010,19109
28180,6827,740,2,-2235,19747
13977,22915,732,14,13977,22915
27749,1252,723,6,-4851,-5431
21463,467,721,8,-1123,13928
-5670,-3961,832,3,-5670,-3961
29220,7537,735,3,-1811,-10235
13895,22045,719,11,14652,22560
-5621,10060,740,12,-5621,10060
17268,24333,829,12,2189,18858
28020,3276,712,10,-799,-9251
18781,-482,839,2,4100,10618
-7672,-1019,831,8,6897,-13738
26155,-805,745,8,-7290,10198
4561,8543,824,1,4111,12871
13043,25625,824,12,5470,-9484
27505,4716,716,1,-7090,12231
16001,-4136,721,9,-652,2170
2178,-5532,828,3,2178,-5532
27968,12593,716,2,-2844,-10742
19046,23259,824,13,5405,13724
26519,-4001,707,9,6514,-15187
-3758,470,706,5,-4782,16067
10233,17147,729,6,12574,21779
10277,20812,836,4,6898,16655
-528,-213,707,7,-4751,11574
3109,15811,849,1,5217,19461
11214,21082,707,9,12544,22397
-4124,-1475,724,5,-5170,16668
17421,24669,842,14,-5104,4291
16297,21259,734,15,15679,20082
2055,5960,826,3,2055,5960
-4588,16071,828,10,3207,-9429
26831,-3278,705,9,8482,-15231
1248,13686,845,3,1248,13686
7519,23549,837,4,699,18423
17115,3863,719,3,5559,18199
-4860,2415,742,9,-3265,17785
25585,3636,709,8,-2503,2419
22200,5522,740,4,7524,7007
24223,3201,725,4,-6,5243
28748,3453,712,6,1763,-13425
25997,10281,708,3,11776,-875
26924,-2097,712,9,10411,-13786
9183,20983,824,11,14887,427
24111,-3083,709,10,-8461,7254
14348,23241,848,6,9023,20936
1604,6678,714,5,1093,16386
21849,-3168,739,4,-4537,12340
5800,15565,834,6,8915,3097
26532,-3331,742,10,-10053,2958
12455,25653,827,7,-2174,-3102
2406,13114,707,14,2406,13114
27440,2474,707,10,-1971,-7055
20465,21753,845,7,16753,21019
8404,6018,748,8,7935,21068
367,19780,835,10,-1190,-1417
20956,20259,831,1,21100,20341
7924,18418,747,11,9206,20384
26678,-1499,736,4,-9330,4410
29255,8168,721,3,-5018,-10950
28286,12375,737,0,-8660,-1163
13917,21035,738,10,15661,22426
12902,22309,724,12,13311,22576
-487,22899,727,13,-8118,7759
22838,429,744,8,-1305,11199
11522,2331,710,8,4289,19317
-179,13286,705,14,-179,13286
-8427,14096,827,6,10366,-14078
-9243,1477,840,3,-9243,1477
16313,24413,835,5,3158,19943
27649,13209,717,0,-5292,-5674
27806,1619,718,6,-4288,-6832
28049,11156,703,1,10251,-12767
17077,25128,837,14,-8482,2424
20328,20593,845,9,18404,19363
8212,-4225,714,12,3317,-2263
11859,22164,831,5,8803,4134
-3721,529,723,11,-4614,15549
23288,1593,740,1,911,17690
21999,20014,849,3,21999,20014
20970,19245,846,6,20586,18690
24622,-1994,747,3,-1651,19637
15757,23738,826,12,3662,9692
9199,21322,829,10,4543,14397
17661,24277,849,11,4696,21763
2914,24621,737,13,-7418,8482
27849,12714,726,0,-8363,994
27512,13437,715,0,-2184,-8800
-2918,21823,708,15,-7480,667
16940,21712,830,10,14953,20682
16140,-3222,717,5,2582,53
-8087,13170,837,4,120,-11723
9850,20885,708,14,9850,20885
19181,-4995,736,4,-3224,15338
10816,19018,706,8,13234,22459
-530,1327,848,1,-2662,9753
27392,-1038,831,2,1006,-6447
14438,25812,839,7,-8145,2726
27478,12805,707,0,-6761,-3329
15868,17183,842,3,15868,17183
-6196,19259,719,15,-2575,-8202
-2366,16874,744,12,-2366,16874
22285,20525,849,11,20937,20316
11519,21231,722,9,13048,22553
10232,21266,726,5,12010,22703
29078,8240,730,1,-10699,126
18537,23581,848,12,4959,19243
23757,7006,718,0,5746,20610
-4961,21789,718,15,-7361,-6110
7541,25209,742,15,-2892,15972
-1046,19741,831,10,-1784,-3443
11160,12407,834,0,14263,20739
28638,4194,721,6,3433,-12408
19885,22972,842,13,4250,11682
9541,-11826,730,5,-9543,4549
-11917,3906,710,13,12165,-13577
-10111,11399,706,13,3275,-11361
16920,23425,844,5,6859,18438
26558,11190,731,2,1739,7560
9377,13404,715,8,10850,21290
24063,4607,731,10,4847,3105
16564,249,723,5,6235,2411
131,23360,710,15,-7699,8057
5076,25206,732,15,-4616,16730
23059,-3751,721,10,-6975,11050
20138,21836,842,11,16407,20981
24862,8880,727,0,4789,18169
14369,23291,843,9,4326,12030
27077,-2190,728,6,-11204,3260
25599,-84,718,6,-5255,530
7567,19820,707,11,9244,21849
20352,23131,849,13,1285,13719
302,24329,732,15,-9852,5186
3681,20174,706,13,1298,12525
15437,21850,845,6,11982,19631
3954,20766,704,15,1195,11829
20705,21254,838,5,18703,20543
271,22585,847,10,-6190,-2671
27659,6216,707,3,-5420,-116
25976,9311,720,3,7835,848
-773,-11335,748,7,-9646,679
15236,22030,734,9,15873,22433
20678,22284,842,13,10800,18426
12943,23508,745,15,9146,20856
-3096,-3587,842,1,-7111,7082
23982,-1193,712,6,-5051,3698
10133,21908,831,6,4741,14979
3873,-12898,719,12,-4796,-8790
-3130,19044,718,15,-1717,-2447
3813,1301,742,7,480,7222
8563,22938,709,13,5468,19865
10586,20817,847,4,6942,16498
20704,21330,835,5,18751,20740
-67,21861,838,6,-3256,-5412
10160,24017,845,8,6081,22525
13764,18681,743,2,16681,22405
1244,14714,720,15,7050,1726
10458,21204,829,6,6303,14709
-5292,-5674,717,14,-5292,-5674
16786,24863,839,14,-3512,-1806
15107,23843,847,8,13081,23704
29029,5272,722,8,-5967,-8523
28150,12948,739,0,-4773,-7493
-2331,16688,837,4,-2161,-1986
15565,-7688,703,9,-4693,185
9727,20618,707,5,11101,22164
24953,8125,707,4,11750,243
17342,19539,724,13,17461,18939
25843,9693,711,0,603,15425
17537,23526,834,14,3975,12505
7396,21526,711,13,4819,17165
10067,19610,731,5,11558,21567
8597,17164,717,8,12181,22644
28203,3828,741,3,-7622,7162
12303,20697,834,11,13129,4827
-5108,5356,720,14,-5108,5356
17369,24384,824,14,798,17130
9842,17522,849,1,10975,19308
-639,9588,706,14,-639,9588
19941,17144,841,0,20293,18695
-5195,11653,845,3,-5195,11653
28275,8210,740,2,-3880,16922
11884,25439,836,5,-1649,-3587
16324,23270,834,7,6893,15913
6107,-10578,828,1,-3548,-4586
27554,2737,736,1,-6021,15306
21185,-8907,704,11,2554,-12140
19129,24212,839,13,-1202,-8878
6987,18804,839,8,4460,14106
17553,-4226,704,7,6295,-4669
26967,7823,711,3,1310,-1543
21969,20678,843,11,20537,20425
15714,24000,843,11,2556,13395
-2909,13020,707,15,6665,-3155
2806,-265,734,9,-1933,11841
17146,18454,843,0,19127,20502
-8858,5970,739,7,-6780,15425
18269,23647,824,13,4864,5077
28194,9678,732,0,-2745,20500
25005,-964,709,6,-6065,1302
14040,21137,731,10,15844,22556
9319,24848,827,9,1358,-3244
16682,24453,833,7,3356,20017
22211,-8578,731,9,-6257,-6697
27542,7718,715,1,-4262,1989
-6444,14111,719,14,-6444,14111
14732,25218,833,12,-140,-5374
19688,23913,836,15,-6614,1894
-493,11698,711,14,-493,11698
28745,10796,743,2,-9869,4403
8483,15930,825,3,8483,15930
14500,-12293,726,9,-10525,3549
20199,23505,845,15,-5040,2635
23860,4259,734,10,7290,1452
26172,2018,721,3,-5082,14524
6696,-14607,707,14,6696,-14607
-1817,22631,724,15,-7402,499
22151,21459,846,15,16869,21051
-776,18268,723,13,-1116,3212
22229,20167,844,6,21891,19999
5586,15352,729,11,7138,19630
18315,18614,744,11,18205,18898
18730,23909,830,13,803,4396
13072,25571,839,11,-3027,-1840
-1157,-444,727,5,-3508,15551
4858,23339,732,13,-1335,15877
25622,-3981,838,2,-5626,1611
25936,10055,719,1,7329,1526
28204,8466,705,1,-5697,-4846
25520,1378,719,8,-5510,8250
18928,21596,848,6,17090,21058
9422,17728,706,8,12183,22429
3664,15597,735,7,4853,18453
-60,22311,713,13,-6341,9711
9486,19203,736,10,12779,22680
18195,17811,724,4,17461,18939
-9305,9052,843,8,-2762,-9920
-3660,18552,738,14,-5712,14094
14542,-3970,729,6,-819,17167
3784,-12412,733,7,-10370,4462
10680,25497,837,9,-2162,-3207
25101,7394,719,8,7329,1526
5269,11160,720,9,5736,18395
15622,21780,848,10,12476,19888
-1208,22640,835,10,-7427,-3625
-743,18242,703,13,-1480,5422
1139,25749,747,15,-9030,-4226
8150,-14089,715,12,-1020,-12202
-7363,-6552,723,14,-7363,-6552
24340,1262,707,10,-1923,1346
16138,24211,841,5,3020,17956
27584,13587,704,2,11296,-14803
16886,22508,849,7,8310,13489
13550,20609,730,8,15743,22561
21994,-9207,708,7,5219,-14040
-2441,1281,738,11,-4204,11335
17774,19750,825,2,19228,20738
28977,2603,832,0,-303,-6415
27249,7059,730,1,-3592,7753
27951,12461,728,0,-8902,3738
9649,23988,835,6,480,16759
22198,-7305,716,9,-2913,-8190
12074,-9303,704,11,-4238,-2152
-298,23485,740,13,-6840,-316
2638,18849,732,14,2638,18849
2085,21358,837,4,-4710,8839
12732,25759,835,7,-1328,-6709
19202,24198,835,15,-2044,-9341
17093,24520,833,12,-507,16786
22436,21079,843,15,19422,20706
15715,-419,734,8,1995,17085
26238,6067,703,8,3236,-3160
22504,5868,736,4,8139,6192
14000,25467,835,7,-4910,2539
26984,14621,706,0,15320,-12684
17896,23991,829,7,9025,22943
29508,6799,731,3,-11806,-1291
17323,23272,833,12,6766,15674
5776,20835,827,10,992,9543
16402,-276,736,9,6738,1896
22430,20502,840,7,21606,20228
28797,9324,710,3,3460,-14697
13955,23369,834,9,3975,12505
7890,23751,826,4,1533,19568
13662,-12041,721,5,-8713,-875
28021,13117,725,0,-8299,-6131
28485,7862,726,1,-7917,2135
5264,16142,835,3,5264,16142
-1803,-31,736,11,-4440,10110
22852,20313,846,12,21828,20099
10714,-13491,732,5,-10864,3348
23630,303,744,3,-916,16604
28296,12465,722,2,-5897,-10219
27812,10797,713,2,-7343,5329
12189,24111,734,15,7761,21593
17345,24966,848,14,-7449,-1078
20018,23040,837,13,5570,16696
4225,21144,714,13,786,13565
14175,25923,839,11,-8698,4297
26117,9490,724,0,1135,16401
13983,-4364,726,9,-1656,4825
27549,6840,721,1,-5772,6310
28645,9749,706,3,8136,-14958
26993,11097,746,0,578,10423
15956,-663,833,0,5689,18144
17418,18770,835,1,17701,19206
23882,5429,725,10,6758,2803
21546,20913,838,7,20056,20425
1757,25060,735,15,-8199,872
12417,22356,706,14,12417,22356
27315,5136,709,3,-5957,4307
18777,19603,830,2,19810,20460
13615,25178,837,7,-1869,-466
3322,25126,744,13,-8240,8641
7905,22054,711,15,4819,17165
19858,23418,845,14,7662,23265
-5021,21957,723,13,-10570,-1345
26753,-209,725,8,-8983,11873
13639,21962,729,9,14808,22725
18947,22883,848,12,8874,18945
22436,-800,733,8,-2158,15652
11157,-9011,715,9,-7173,5787
12715,11128,740,10,10554,17601
10445,25695,837,9,-2487,-5425
24779,6633,738,2,3703,18098
-1151,884,709,7,-4391,12680
22849,-2282,748,3,166,19617
10287,23396,834,10,3754,18434
-7337,3242,724,11,-4574,18421
21786,2807,849,2,8844,7049
13654,25029,829,9,-1538,14903
4,-5682,722,11,-6934,10847
20979,22937,849,15,4375,20155
17454,-10217,718,5,-5304,-5535
-876,2392,841,1,-2525,10432
21221,20273,833,3,21221,20273
25959,466,719,8,-7216,9675
3801,20213,732,15,1679,7931
-6906,12349,736,11,-2753,19792
14232,-652,732,11,4609,3383
28874,7227,704,4,11296,-14803
4371,-898,711,11,-1901,9404
26805,10612,718,0,-2251,12935
20053,19142,833,4,19806,18686
13832,-3359,723,5,879,2702
28460,11388,746,0,-8689,10234
13328,25260,824,12,4481,-7098
15823,24183,840,11,2091,15006
27979,-405,725,10,-11234,503
26151,10394,703,1,8476,-1471
-9833,14382,748,14,-11084,6419
6512,18179,703,9,8607,21543
12150,22802,710,15,10145,21012
20781,-11583,728,9,-10757,-4592
28642,10061,737,2,-9159,7737
9696,-11181,834,1,-697,-7282
-7244,474,739,5,-6780,15425
-5484,8886,720,14,-5484,8886
-3744,14109,746,7,-398,19082
27602,10846,721,2,-5187,6025
15021,24793,846,11,-2071,8807
14529,25582,841,11,-7132,6229
5793,14530,839,3,5793,14530
12196,-5151,845,0,6081,22525
12771,19829,736,3,15414,22524
-4403,3126,725,12,-5810,9029
-6159,21183,721,15,-5193,-9255
2522,16581,737,11,4567,20039
13179,9268,708,2,11015,21786
2626,18885,847,3,2626,18885
26511,8164,747,0,3170,19549
28557,8964,703,3,3475,-13074
-6839,-393,747,7,-7797,10903
21394,-8412,713,9,-4648,-7416
9258,-10333,718,7,-5911,-835
15234,2876,721,11,8346,5100
18553,-222,709,10,-608,10859
13589,25430,841,11,-3515,793
28026,12991,728,0,-9666,-3415
746,4231,733,9,671,18147
5817,-12700,744,9,-10085,5959
-959,-8367,741,11,-8516,4892
-2347,5351,735,7,-2678,12481
9821,22796,723,15,6488,19227
12963,2720,728,4,4956,18360
28945,7810,721,3,-5811,-7311
-11824,3298,733,14,-11824,3298
18371,18624,746,11,18268,18908
27291,10878,737,2,31,4279
11145,-5401,840,0,6104,22675
1150,11204,725,5,3207,19311
27862,11463,735,0,-5893,6543
2907,18145,748,7,5054,20699
24314,-4226,741,10,-8147,7095
-8940,6726,739,14,-6556,-990
13501,-2302,845,0,6580,20906
14155,25595,824,14,8059,-11238
26409,-3117,712,5,12545,-13327
12189,25637,840,5,-2236,-4736
4202,18471,828,6,3879,2937
13108,-10673,713,11,-5312,-3121
12061,14582,836,0,15699,20860
15856,23573,837,7,4255,13469
10339,21579,836,5,12660,687
18535,22240,828,14,11781,17253
13024,-406,748,9,3848,5255
-8794,5907,824,4,7086,-13394
19763,23614,827,15,1611,18218
10318,15069,725,1,13174,22342
22972,563,740,4,-1127,7458
16125,15391,722,2,14912,20224
2389,20223,844,4,-2793,7168
12537,10300,843,0,13638,19734
29235,6777,729,3,-10413,-1252
24782,6881,711,3,2623,6060
24301,6177,703,1,342,9548
-1264,-1527,733,9,-2522,17959
22613,-6890,746,10,-8291,12539
6031,22726,743,15,514,9190
28994,10438,742,2,-11892,7232
20353,22803,841,13,7477,18168
15028,-7189,708,9,-4223,1114
-3213,4685,841,3,-3213,4685
25130,7482,747,0,5499,19880
15406,25461,833,12,-6373,-1686
16110,25004,827,14,-3818,1436
17515,-1036,726,8,1523,18403
21365,10010,715,2,8525,15761
24212,1695,723,4,-2582,6698
-6913,15595,746,14,-8345,9051
29224,6948,733,1,-11755,8305
-7991,5576,712,12,-8034,11758
28551,1151,745,4,-8799,-2781
28869,10741,738,2,-11800,3363
12870,-182,723,4,2788,18835
23983,-895,730,4,-4853,11739
21993,2677,706,9,12412,-952
5774,22959,844,6,-2793,7168
-3717,21865,716,15,-7573,-2767
-1704,23238,721,15,-9200,1600
11203,21041,718,11,12320,22140
8721,25873,829,9,560,-9355
25293,1008,712,1,-3121,18666
13651,22085,716,7,14332,22552
16489,7568,721,2,10186,20998
14494,25404,829,12,-784,-4629
10880,3179,708,14,10880,3179
27388,3994,720,1,-6209,14686
-7564,-1229,729,14,-7564,-1229
26853,10492,704,1,8195,-4903
18756,17760,740,8,18085,18867
-8881,-1764,737,12,-8881,-1764
5753,-5236,738,8,3215,23327
26904,-1326,732,10,-9852,5186
28326,11397,714,1,11900,-14098
23208,6708,725,4,7659,5875
12792,21966,837,11,10255,4616
-4084,1109,707,5,-4538,16546
-7694,-3939,724,14,-7694,-3939
20429,19245,837,10,20056,18701
22127,1112,846,2,6217,6142
25183,774,704,4,-5890,3637
17840,19706,830,8,17339,19154
4654,8962,705,11,3629,15130
28411,8640,704,4,17194,-11591
27692,2407,829,0,705,-1395
27038,2601,727,1,-4120,18300
29004,2627,747,8,-9643,-1728
16165,23679,832,11,5748,17423
9745,21275,708,7,10992,22372
21712,19966,843,1,21831,20027
18337,23287,843,12,6658,18202
12542,19253,736,1,15414,22524
14066,23208,719,13,12678,22491
26633,-4272,735,6,-11310,238
20317,5799,739,2,8190,20237
10571,7295,833,2,9984,18297
13801,25063,839,11,-2345,3922
-4748,-2976,716,11,-7085,14295
-3150,20885,705,13,-7899,4186
22992,-8445,708,11,4609,-14070
11525,18940,715,3,14228,22556
24032,-1192,737,10,-3186,3072
20511,-3367,707,9,3141,-4363
1737,11632,742,14,2572,8104
19775,3417,719,3,3630,16369
27700,12810,711,2,1045,-10849
23386,626,730,10,-1983,7015
9945,19740,717,11,11141,21382
19714,21421,848,7,15687,19352
19294,23507,836,12,10717,23401
11016,461,739,11,5422,4081
4536,21043,707,13,1507,14343
14968,22718,739,14,14635,22528
-1186,10040,728,11,1316,19010
27813,9831,710,1,2364,-6330
8070,14885,835,1,8805,17318
20547,-85,737,6,706,6629
28911,5177,707,10,6991,-14803
27029,8925,723,2,-2073,14847
13772,25742,837,11,-6794,2776
7412,11082,843,8,9452,5777
27950,2496,723,8,-9543,3354
8986,15644,713,8,11658,22045
16199,8180,710,8,8248,15048
-5303,1094,848,1,-6275,11772
28696,10248,744,2,-8988,8582
89,18125,738,14,-1176,14809
20220,23191,841,15,1928,13849
20409,20850,848,6,19494,20467
18458,23188,849,12,5920,17056
7248,-5494,724,7,-3081,4148
5914,-2388,736,9,-1780,8924
18318,24042,847,7,6711,22801
14461,23220,712,15,13129,22475
14262,-3626,720,6,-843,16623
28620,9030,723,1,-4851,-5431
1649,14099,724,12,2184,16733
26052,5335,842,0,10543,2488
28423,1263,722,6,-6693,-7391
25833,-2614,744,8,-7967,13095
2990,17215,717,14,2990,17215
15439,-11322,715,5,-7127,-3613
21371,-830,744,4,-1305,11199
14372,-284,738,8,2731,17991
13764,21850,740,11,14400,22274
5324,2411,709,5,465,11752
-10976,803,732,14,-10976,803
22361,-2167,744,8,-3071,14530
26987,3983,740,1,-4358,12930
16091,8750,742,0,12486,21566
13096,3257,707,10,3843,15625
12246,-14161,739,11,-4068,-8988
-2248,13498,711,13,3560,-940
20219,20410,840,3,20219,20410
-3182,21184,725,13,-7690,1300
10821,25525,837,9,-2741,-3201
28827,7166,720,8,3096,-12736
-2566,22067,734,13,-4375,-4830
9271,5930,718,6,5787,18430
15088,25024,843,5,-3758,12844
10922,21130,703,5,12034,22287
24142,7342,746,3,6819,8314
4382,21785,747,14,2783,19994
-3946,-2753,714,12,-7372,3519
-6561,2237,827,8,4407,-11091
20692,23159,846,13,3708,21110
16943,21100,746,13,16433,20138
4104,4143,842,1,2244,9790
28565,1440,721,6,-6754,-8368
9027,10652,836,4,12861,5072
-761,16748,742,7,1887,20363
11955,-127,826,2,4489,16285
3533,15636,731,7,5648,20091
14522,22074,745,7,14986,22365
-3850,-8361,745,11,-10048,6875
10137,26116,836,9,-2985,-7768
14910,24917,827,12,-1355,1830
6259,19624,845,4,2409,11028
9902,-12010,729,9,-9708,8566
12466,25934,843,5,-4022,-6070
-2572,15280,718,14,-2572,15280
27520,-697,708,9,14310,-13077
-6009,9420,835,8,-1388,-5888
15575,22234,747,9,16279,22587
-8447,6475,708,14,-8447,6475
28422,6153,710,8,-398,-10219
26794,7004,733,1,-2096,8634
13660,24949,836,5,-2648,7340
25130,2977,741,3,-1560,11473
-943,-5887,722,7,-7502,9474
-3214,-5771,842,1,-8405,5661
15553,22733,745,14,15244,22574
12154,23849,729,15,8939,22106
15523,-5464,721,9,-2400,2364
20358,1519,716,9,9051,221
27598,13730,709,0,-375,-13780
13601,20439,829,4,11709,18263
14025,17516,711,6,14058,19979
19906,159,706,9,7349,-899
14673,21061,747,4,16453,22431
9341,16440,735,1,13929,22741
1987,13478,825,4,4533,1753
4964,24921,737,15,-5629,9948
11688,24968,831,5,10,-317
15264,24984,844,5,-3526,13451
27395,9969,739,0,-2046,14456
8072,14976,834,8,7951,10019
2159,20486,829,10,-1809,3023
24279,1473,720,10,-1500,3050
18698,22445,828,14,11579,18153
27178,282,722,6,-6964,-2373
17502,-7666,728,10,-3924,18457
10717,-4555,826,2,1328,17879
24421,8059,720,2,3743,16617
6337,24029,829,6,-3891,11899
19467,18407,829,1,19568,18667
9068,24100,736,15,2370,17666
22476,-4859,737,6,-6917,6938
18700,21604,847,10,16976,21058
16863,-2065,730,8,1861,19478
2671,-10731,748,9,-9071,9475
13348,23937,837,8,10922,23465
23470,5173,833,2,13279,4708
8941,22741,842,4,3292,18282
14126,-12720,828,1,3040,-12079
5905,24126,847,6,-5330,7978
-12705,7826,706,13,7662,-14644
7777,17798,841,6,7567,6665
-4857,11104,737,12,-4857,11104
-3,25403,731,15,-12556,5579
24938,7374,723,8,7267,2359
11241,25607,830,5,-1290,-4038
17022,19380,834,2,18663,20748
18002,19028,739,14,18053,18855
7011,22223,843,8,2614,18529
17200,24130,846,9,6516,22181
12841,21336,747,6,15252,22836
27441,8872,713,0,-2801,19048
19117,24123,833,15,-179,-7074
5232,10577,724,6,8117,21696
5830,15633,841,3,5830,15633
20189,17228,846,0,20586,18690
3864,14210,712,9,5974,20311
21797,4074,712,1,2181,15846
16795,-5789,743,8,-626,20132
14657,22928,840,12,10998,2135
16303,20597,836,10,14504,18837
15539,21284,723,15,14998,20241
17476,-1810,737,8,256,16620
15053,23313,726,15,13523,22628
26221,1286,731,8,-6444,9961
11122,24148,849,8,7319,23049
519,14652,736,7,2562,18819
12633,11317,840,2,13157,18413
6497,2420,744,6,4119,19635
10710,19486,726,9,12222,21578
1428,-11253,830,3,1428,-11253
15802,1148,838,1,12011,2190
8264,22663,826,3,8264,22663
26453,10614,704,2,-1591,5935
7907,-13269,743,9,-10163,3887
22081,17755,847,4,22121,17433
17577,18468,721,5,17346,18941
11034,-10850,727,5,-8126,2953
22391,20863,828,13,20640,20497
3805,14269,718,15,8902,4582
26117,918,746,3,-3850,15189
10575,17131,748,4,13220,21814
12111,22289,838,6,6941,17529
-1114,-1583,728,11,-4527,13460
22842,7318,721,2,5938,18579
22049,17443,845,3,22049,17443
987,2268,721,9,-572,16976
18121,61,717,11,8882,21
28583,8963,707,8,15107,-12810
23804,2887,847,2,9512,3488
9881,9951,711,8,8760,20096
4621,24792,846,10,-8071,9406
19793,-9352,706,7,3030,-11815
1699,21448,846,4,-5339,7255
-5900,19424,720,13,-6423,-4014
22852,725,745,4,-690,8162
-4975,13917,748,7,-1612,19618
19092,-2287,734,8,-1070,15756
22769,2132,729,1,2240,19228
23005,61,728,10,-2479,7562
19287,24163,837,15,367,-10036
229,23257,831,6,-6700,-3095
14849,21273,747,10,16453,22431
20527,23335,849,13,-4198,14234
13158,12565,828,2,13694,18392
12823,24840,842,9,-2088,6353
2484,22487,848,4,-6127,9583
24877,2431,719,10,-112,1128
11770,-2784,729,10,1584,19249
12746,-13208,709,12,4412,-13588
-2610,22580,726,13,-9888,3536
14891,-4525,739,6,-2046,14456
25266,9946,706,0,1389,14011
6447,18676,830,4,3742,11111
-973,23304,733,15,-8304,1815
2883,20574,742,14,1385,18303
21883,2644,746,10,4112,6143
10822,11444,844,2,12939,19541
27298,1490,745,3,-6034,13902
-670,12343,828,3,-670,12343
21877,20739,829,7,20976,20384
21253,21560,843,13,15215,19145
18676,17859,740,4,18085,18867
12356,25666,832,11,-2248,-2797
27765,7688,706,3,-975,-5261
12340,20051,741,10,14583,22325
8404,22483,835,6,1416,12990
6209,-7076,714,11,-5323,5019
9680,18180,825,3,9680,18180
11975,9598,709,2,11372,22231
4817,15885,741,11,6164,19035
-5203,11878,740,12,-5203,11878
17957,24765,828,13,7934,-12959
9212,24571,745,13,2272,19529
9459,20971,845,4,5242,15927
14165,20724,744,8,16209,22434
7372,15708,705,4,10590,22226
26398,5718,704,1,-4272,8258
12146,25633,838,5,-2984,-3906
21226,-1614,715,8,-3013,15611
-7583,17574,710,15,-38,-9868
19793,23970,842,13,-9590,3576
18441,22048,845,9,13931,19855
13267,24073,745,13,9769,22535
27656,13050,720,0,-6026,-3986
25432,12988,710,2,10468,3431
28305,12392,723,2,-6737,-9456
28942,7575,723,3,-7412,-5508
9107,16606,741,3,13424,22762
-10576,11058,742,14,-10296,2453
21493,623,841,2,5414,6748
15731,19712,737,11,15869,20154
22188,3287,745,10,5136,5417
-2787,7094,738,12,-2787,7094
16747,18774,705,12,16670,18931
11812,12653,843,2,13626,19535
24793,8299,709,2,1763,14959
1608,9571,713,13,10032,766
2206,-10673,732,7,-9658,6217
28234,2854,730,8,-9720,3410
-1179,-4206,835,3,-1179,-4206
7686,26543,829,5,9880,-14791
20989,21032,832,9,19636,20522
11088,19377,721,8,13969,22685
8193,22908,725,13,4485,19000
-12185,1366,727,14,-12185,1366
-2337,16216,831,8,-4583,4395
22715,3823,740,10,6151,4089
-11084,6419,748,12,-11084,6419
28734,2452,736,8,-8766,-2880
7741,24619,735,13,54,18358
21055,22790,849,15,5239,20066
11540,6534,834,2,9653,17402
-5048,12003,720,14,-5048,12003
-7869,7399,737,7,-5748,15882
25511,1072,833,0,438,5947
18822,22527,844,7,12491,20185
11706,21073,725,12,12126,21561
13839,23852,745,13,10727,22496
28711,9068,711,3,2519,-13038
27525,3272,726,3,-6957,12139
14484,-4513,725,10,-972,17953
27724,12811,709,2,431,-10699
13883,24309,849,10,8137,22821
12417,16171,727,0,15457,22578
3737,18444,840,8,635,11421
26041,9103,706,3,7349,-899
13573,23036,705,13,12375,22243
-220,21344,703,13,-5207,9159
8565,25544,744,13,-296,20435
10163,-13506,713,14,10163,-13506
16478,23926,849,9,5217,19461
10312,19757,733,5,11798,21643
22695,20666,834,13,21060,20369
28667,9822,715,1,-1080,-12098
24801,-5923,713,11,9507,-13826
20614,23075,840,15,5253,19937
7514,18473,827,8,5734,14531
13963,23150,841,7,6811,4626
-5177,6722,830,8,1617,-6922
23347,6766,733,8,6587,7631
11818,25688,824,7,-698,-4900
1084,15005,718,12,1818,17550
23617,3694,716,6,4143,1915
-1157,-7071,736,7,-7350,3126
9213,20782,836,9,12660,687
-12692,6767,705,13,8503,-14525
6333,14221,746,4,10881,22550
25938,2499,705,1,-5038,15582
12792,-13831,736,7,-566,-11102
2870,613,705,7,-1659,10407
19026,22785,841,14,9703,18289
14421,23188,706,15,13234,22459
9944,15897,728,4,12389,21746
6143,-6936,836,1,-1529,-1105
7401,22481,827,6,313,12404
-1933,-2456,735,11,-5755,8594
27592,10607,721,0,-5082,14524
12274,21378,729,5,13615,22413
24572,-2216,825,2,-817,688
21000,20597,828,8,20829,20479
20577,19288,839,6,20167,18707
29135,6799,722,3,-10228,-2278
-6233,7721,741,9,-1590,20357
28772,3073,730,10,-4668,-8499
9424,13588,716,8,10993,21328
12570,20991,738,7,13196,21556
18398,24507,826,15,5166,-11373
20326,1306,743,1,3909,19436
12611,25199,830,7,77,-1647
-3317,-752,705,14,-3317,-752
5966,-2179,740,9,-1564,9209
25175,4169,722,4,1114,2227
6600,-6858,729,9,-5416,11542
-7080,-5697,723,14,-7080,-5697
4880,-7147,705,12,-941,-4109
2674,3739,744,7,520,9616
10697,17514,708,1,13458,22511
15728,21249,827,8,14604,20561
19166,24047,838,13,-1175,-5962
-5400,15158,747,5,169,22306
13258,22263,845,9,7271,7733
5396,18008,718,14,5396,18008
28451,9210,715,1,-3392,-7593
27630,11553,714,2,-4829,-304
13217,22406,842,6,8311,18706
13213,-32,711,9,2623,6060
-4233,19025,746,12,-4233,19025
11845,20811,740,10,14499,22816
2486,11425,846,3,2486,11425
21476,20591,828,15,19507,18650
11558,21567,731,14,11558,21567
1166,17945,839,1,4153,21441
4684,12760,836,4,7626,3199
9359,76,715,14,9359,76
21565,-1019,735,10,-1411,6649
17910,22655,848,5,10812,19187
-1531,21371,707,15,-5655,2920
-3115,9351,828,8,909,-2745
1248,-9880,744,11,-8141,2490
1205,23085,844,4,-8477,8768
8760,234,733,11,1611,8333
29008,6622,707,8,1561,-14505
1063,23168,833,6,-6373,-1686
8025,16223,829,3,8025,16223
18408,-6126,743,4,-3238,17724
10375,18293,843,3,10375,18293
25535,8314,710,2,453,15087
16343,24932,844,12,-4553,1856
15231,22809,825,12,8366,7867
28780,6553,721,3,-8713,-875
883,23537,717,15,-7376,8279
14216,24811,844,5,-2141,7589
13016,25823,842,9,-8089,6217
21765,-9868,724,7,2875,-13728
-1759,21546,715,13,-7173,5787
26797,5,741,8,-8147,7095
13223,25354,842,5,-3783,1514
14795,-13904,715,7,-6446,-8705
21956,20736,832,7,20916,20422
17127,22884,827,7,9962,18457
13118,21628,736,5,14004,22249
18154,24124,831,14,2753,19454
-6364,9309,829,4,4579,-10064
16074,162,725,5,5724,2912
502,15072,720,14,502,15072
9567,4011,705,4,4827,19251
18677,22279,840,7,13206,19553
-5931,-2723,720,14,-5931,-2723
13002,22131,737,9,14153,22805
17417,23383,832,12,6614,16743
-219,4883,726,11,-756,15754
28154,12869,731,2,-4254,-10345
17980,22398,833,7,12228,18960
-9905,5144,744,12,-9905,5144
10756,21232,725,14,10756,21232
14771,23571,831,12,6641,3532
25776,10921,710,1,10892,478
26711,12851,707,2,6645,-4358
6002,-9823,727,5,-8118,7759
10042,17183,724,8,13054,22293
28842,6441,721,4,4816,-13006
26823,-1654,843,0,-5569,10244
18595,23647,847,14,1587,14551
28728,9306,720,1,-5529,-8018
15743,22522,739,12,15743,22522
26751,3567,713,3,-6341,9711
27868,9232,743,0,-1285,18132
6115,-2258,743,10,2206,20597
18932,626,712,11,10306,-251
12908,25909,836,5,-7321,902
17934,21647,830,5,13885,18518
26368,5139,744,1,-1305,11199
-3800,14645,842,8,-4421,383
-3961,13483,737,12,-3961,13483
19641,22418,846,12,12795,20325
25050,6459,732,8,4615,3781
27602,13716,709,0,-463,-13681
-5771,7670,713,14,-5771,7670
21305,1914,843,2,7400,7198
16712,24862,840,12,-5912,7979
5433,18910,731,14,5433,18910
21800,-833,744,1,2501,20810
20243,2107,720,10,1948,9362
20636,23074,830,15,9261,23022
28938,9207,722,1,-5967,-8523
3534,-8768,726,7,-7550,5373
18149,22106,842,9,13494,19668
11218,16739,740,1,14400,22274
13029,21068,733,6,15226,22752
7958,16046,710,8,11258,22439
-6163,17880,835,10,1884,-12699
13533,21944,728,9,14711,22729
24891,6411,724,4,6638,1685
14073,23835,747,13,11030,22574
7038,-13526,744,9,-10624,4864
17228,-3189,733,10,-1129,16273
17661,24523,849,12,-4562,12815
14840,25087,839,9,-1316,17446
3047,-10516,722,12,-4370,-6155
21259,20005,847,1,21417,20075
18326,-2100,838,2,1977,11351
6430,12740,745,8,10727,22496
15666,1172,711,4,2031,15558
19464,22972,846,15,10028,2049
27740,10657,732,0,-3698,15412
-8505,15847,748,14,-10331,8535
6732,25582,736,13,-3286,18489
6458,17987,842,3,6458,17987
-7164,19631,723,13,-7350,-6916
11793,24687,833,6,3828,21427
12547,21712,826,9,8303,8105
27692,10200,726,0,-3822,16986
12400,22825,712,15,10428,21135
-3393,4223,742,6,4399,23865
-10681,11772,703,15,7921,-12719
-2273,5040,712,12,-3413,9626
17385,21958,831,11,12111,17568
19839,-10419,719,5,-4796,-8790
7086,12701,748,6,9562,21115
-9454,7005,745,12,-9454,7005
-4,22791,720,13,-7130,9460
27583,12091,719,2,-2116,-1841
25521,8022,716,8,9207,-114
19176,23400,849,9,13457,23717
21673,18522,834,11,21670,17504
7249,20564,742,14,6311,19194
1816,16793,733,12,2855,19099
20113,4624,714,1,4766,17211
28958,9461,748,2,-8064,14247
15974,-6967,706,9,-3632,-131
7335,22806,717,15,2990,17215
15778,25540,829,14,-3851,-6488
24064,1744,718,8,-3081,9160
9455,19982,714,15,8475,15616
26447,5860,703,1,-4280,7689
-664,18003,828,10,909,-2745
-4052,8496,746,7,-2597,15488
9374,7435,739,8,8190,20237
15138,-220,740,9,5627,3250
27008,10938,716,0,-3111,11669
15975,24646,843,9,2690,20353
12592,5234,737,3,7881,19950
-179,3008,718,5,-1335,15891
758,20214,833,6,-328,-2924
25000,-5108,748,10,-9581,8842
8153,21875,838,6,1977,11351
-3158,20944,839,6,-184,-10845
3892,12653,718,13,8902,4582
7973,20110,829,8,5248,16610
15788,17134,841,3,15788,17134
7581,23868,831,10,-1045,15860
2970,8382,715,5,2651,16690
22731,20244,848,5,21933,20048
-7715,9278,732,7,-2745,20500
-1716,9037,741,7,-940,15070
28758,3081,714,6,-89,-12659
16854,-12561,732,11,-6825,-6549
11215,11401,742,0,14705,22825
28802,8169,704,8,11296,-14803
28209,11726,727,2,-8567,443
9398,25837,748,13,511,22029
27023,-324,724,6,-8145,-748
17516,23305,830,13,13874,1288
17115,4130,740,2,9919,22243
13575,-1119,723,6,916,16277
-2753,19792,736,12,-2753,19792
-4592,16227,828,4,-3548,-4586
27647,1618,728,4,-8837,2739
19804,-4550,732,10,-3698,15412
12273,-5576,829,1,5504,-3150
-11139,135,731,14,-11139,135
17922,20562,829,3,17922,20562
5931,18605,727,5,8605,21956
11765,21239,839,9,9961,4999
15806,-93,824,3,15806,-93
27793,11856,739,0,-3307,4232
26232,5650,724,1,-2770,11151
13594,25303,844,5,-4176,2991
20573,22168,836,13,12645,18981
15542,22992,719,13,14652,22560
933,22728,742,14,-1531,20383
19903,22985,835,13,6431,16868
17401,24169,831,14,850,14185
26100,-2492,704,9,9471,-12783
28694,5932,742,1,-8345,7032
9047,18498,713,9,10578,21198
13566,25072,830,7,-1989,3629
11799,18688,830,3,11799,18688
-7189,11990,849,3,-7189,11990
635,-1054,710,11,-3887,11512
20933,19171,846,10,20586,18690
-2046,13227,728,12,-1067,16832
4434,21978,839,6,-1811,4496
20570,20636,846,5,18475,19383
15907,23198,728,15,14711,22729
28620,7994,703,10,19014,-10733
20258,23574,847,15,-5749,3896
5159,-4407,704,5,-4272,8258
5461,21725,742,14,4012,20169
10841,19753,712,6,13129,22475
169,-827,708,7,-4093,10470
10396,-125,707,7,3233,4649
11635,12862,825,0,14358,20482
22779,3531,738,10,5650,3827
14382,25427,846,11,-5814,2351
17501,-2135,736,8,63,16828
601,7517,739,12,601,7517
27002,-511,736,8,-9193,6891
15496,21469,745,10,16841,22391
16410,-1479,740,8,1491,17768
26298,13529,704,0,6501,-3043
6717,16884,840,6,7952,4569
19439,-2694,715,6,-3210,11154
18409,21846,849,6,16152,21164
16234,-5448,713,5,325,-1867
-10945,12381,705,13,1620,-12460
12990,-4082,736,4,302,18662
17005,24099,840,11,5253,19937
19541,24042,839,13,-8145,2726
7475,21803,837,10,1394,12152
19882,23800,847,13,-6190,-2671
27796,5554,736,1,-5901,7288
-3785,-2531,719,11,-6444,14111
1408,-1946,708,11,-4093,10470
5648,10344,744,8,9606,22460
22150,-1390,717,6,-3781,7163
-4348,17500,748,11,501,22525
-697,22340,718,13,-7238,8034
27166,-417,732,4,-9897,8778
26974,-2867,737,6,-9166,-1911
4469,23800,846,10,-6325,8059
29175,8684,739,1,-4068,-8988
3435,22250,830,4,-3718,12525
17800,22595,847,12,8211,13060
8423,-1455,733,5,-442,8942
13162,25644,832,11,-5280,1528
9233,6189,722,10,6349,19070
5239,13706,841,6,11261,1147
6207,12721,849,4,9119,3919
13001,25617,835,7,-1874,-4540
-3248,19055,709,15,-2239,-1783
12272,22004,707,12,12612,22312
-5957,4307,709,14,-5957,4307
24436,-5480,703,5,7479,-13322
12365,20168,740,6,14493,22306
22239,20206,846,10,21943,20076
27934,-668,730,6,-10475,-1276
-4705,-6305,825,8,12017,-14018
14608,22044,733,5,15450,22589
28571,8542,711,8,11918,-13381
17463,-6546,704,5,164,-4468
12027,24681,829,5,-70,1961
17055,24755,843,14,-3615,-2705
25435,6977,743,3,4616,5237
70,16309,728,12,1316,19010
21950,20577,844,5,20809,20206
9503,24961,828,9,702,-3443
9608,26331,840,9,-1011,-10260
21911,17481,841,3,21911,17481
-3226,-9394,742,7,-10053,2958
17096,4407,723,1,6488,19227
20682,-2822,740,6,-2891,8257
21045,1287,830,0,4554,12365
28820,3563,723,4,-7350,-6916
2952,6310,737,12,2952,6310
14476,24967,846,5,-3415,8087
24574,4055,838,0,7856,5874
13677,19744,745,1,16306,22441
24689,-1958,733,8,-5253,16176
29139,7890,715,3,-5850,-9990
13807,18246,848,2,17090,21058
26048,6445,706,1,-2729,6829
21159,-1299,719,6,-2901,8483
-6328,-6588,747,5,-10045,12272
24230,2832,732,4,-380,6938
27393,7884,721,1,-3136,3070
28117,8239,741,2,-3864,16814
48,23886,736,13,-7768,573
27279,10929,727,0,-3279,12801
8394,20531,826,5,15278,-61
7229,8008,846,3,7229,8008
20882,-3782,735,10,-4509,9460
11041,18299,736,3,14285,22510
20285,20374,841,3,20285,20374
27510,10847,713,2,-5200,4360
28913,4962,708,10,5732,-14500
27092,-3645,848,2,-7449,-1078
23918,5469,827,2,14144,4021
4555,-2003,727,9,-2254,13675
2963,20827,712,13,-429,12110
26372,12650,722,2,7320,881
-6161,2189,734,7,-6538,11593
1265,23427,725,15,-6582,7760
-184,-10845,839,3,-184,-10845
14908,22072,736,5,15461,22436
6617,14542,843,6,10920,2990
26068,6574,705,1,-2645,6276
4540,3259,712,5,614,12840
16244,1078,836,1,12466,1916
-659,20420,711,15,-2971,3561
11044,20521,824,7,14641,3704
27595,13649,715,0,-857,-12560
17008,24139,829,9,9025,22943
25234,8048,712,8,9365,382
6269,-11897,844,1,-4626,-5256
14905,23558,832,12,6474,3826
4076,-13526,743,7,-7634,-4301
27354,16,824,2,4481,-7098
2613,21582,705,15,-1659,10407
14732,-12733,828,1,3765,-12518
28404,9214,716,1,-3657,-6875
14210,3061,748,3,7230,20097
-2735,16037,716,14,-2735,16037
28102,11452,735,0,-7465,6974
21810,-969,731,6,-2476,9129
11072,21650,732,5,12786,22851
11996,24047,847,4,6831,22313
20580,-2611,836,0,1816,16217
13892,21352,841,10,10650,18297
14080,23135,719,15,12434,22164
6300,19023,832,10,4120,8027
-8986,6504,828,4,6967,-13369
13401,24404,849,4,8798,23604
6512,4254,737,9,2886,11976
19776,20931,831,7,17424,19158
28639,2081,741,4,-6240,-6029
12636,67,713,9,2384,6799
28050,1094,725,10,-8206,-3081
18172,-6995,735,10,-5218,14418
12742,22102,746,9,14045,22840
20933,21253,839,7,18788,20546
28682,10912,748,0,-8064,14247
5821,-12508,745,9,-9917,6261
-1268,7114,740,9,246,17937
14253,-9173,731,6,-3113,20134
18583,24099,840,14,1673,19467
24149,-7685,704,7,9837,-15079
28049,1801,716,6,-3665,-8471
-1566,24173,731,13,-11768,6486
14951,22103,739,9,15743,22522
20115,23641,845,15,-5464,2286
8709,4792,830,8,13874,1288
18402,22083,846,9,13224,19683
28571,4468,716,8,-7045,-5528
7743,22146,743,13,3279,13746
3418,6268,720,12,1948,9362
20675,21665,824,14,17791,20775
-4364,-9063,748,11,-10711,7042
24917,-6350,715,9,-130,-12887
10619,25848,827,7,5964,-10636
18504,-8033,732,6,-5186,17793
-868,4287,833,3,-868,4287
26885,11762,710,2,335,-214
2970,-7901,734,5,-6725,4621
2130,14023,748,9,5006,20367
23407,-3142,734,8,-5494,13879
28907,1215,840,0,-5458,-1813
24698,-1346,723,10,-6550,6317
682,-11472,737,7,-8633,-1050
2572,8104,742,12,2572,8104
11799,3861,713,10,4623,16997
20723,22639,843,15,7851,18532
10936,14158,720,2,13841,22676
13155,-7039,731,9,-4359,5467
28578,3490,723,4,-7412,-5508
24926,6155,735,8,6950,2048
338,-12410,739,7,-9453,-1394
7030,21204,841,8,3220,17249
3767,6219,849,1,2830,11759
24593,3214,730,1,33,17173
15589,-6186,737,10,-2984,15786
10776,-6537,719,11,-2649,1868
22142,20594,825,12,21238,20242
6166,3834,731,5,2359,13102
8569,23770,824,6,57,16172
27364,6095,719,1,-5510,8250
11601,15195,744,2,15151,22562
3581,18052,827,8,974,11664
27624,11994,723,0,-6550,6317
18798,-2394,735,8,-851,16147
16922,24748,833,14,-4773,5910
7963,9978,745,4,9146,20856
27928,13004,723,2,1118,-12042
27025,5323,704,8,-403,-4632
24321,-5926,747,6,-9738,8019
28168,13007,728,0,-10757,-4592
9286,13150,707,3,10887,21747
19317,22244,838,11,14773,20908
27475,-182,845,0,-5336,6523
26501,3697,740,3,-3251,9051
27533,2151,732,8,-8482,7166
20796,19799,836,2,21403,20215
29376,1263,842,0,-6681,-3953
16936,-116,721,11,7519,1048
14388,-10667,825,1,4643,-9983
21489,20871,837,9,20125,20574
12410,79,744,8,4119,19635
5975,23588,724,13,225,17936
16229,24805,833,14,-987,143
19686,18676,831,3,19686,18676
28539,2880,708,6,686,-12677
8697,-7086,720,10,-538,21301
24009,-1121,737,8,-4857,11104
27051,1833,710,6,-1900,-6350
16488,20147,747,12,16488,20147
27684,-1650,835,2,-1328,-6709
25804,13994,706,0,11182,-245
5992,-12017,744,9,-9495,6118
-4751,11574,707,14,-4751,11574
16687,22878,825,11,9680,18180
16238,-5368,836,2,-397,14718
10646,18805,837,3,10646,18805
9395,14494,845,10,11690,6374
16830,23551,827,14,4783,10891
28745,11126,740,2,-9701,-1014
-4809,7396,835,3,-4809,7396
18845,20736,842,7,15868,17183
-4121,20025,717,13,-6825,-76
10321,25986,748,15,862,22246
27648,13323,707,2,6696,-14607
18668,22963,845,12,8349,18437
18894,20662,844,11,16043,17291
-10699,126,730,14,-10699,126
-8028,7132,714,12,-7595,13064
4455,22263,745,13,-690,8162
6607,20441,838,6,2603,7174
-1736,19783,845,4,-6332,194
16812,23401,843,7,6150,16148
27638,10161,721,2,-5424,9508
22613,20328,845,5,21895,20074
28981,8851,725,1,-8085,-5837
27400,13351,703,2,7921,-12719
26834,-832,726,6,-8795,940
-6024,14677,704,13,-403,-4632
-590,-1501,742,9,-3911,14010
7828,-12216,727,7,-8567,443
27525,13839,707,0,1642,-14590
18732,-3962,826,0,1328,17879
19968,2187,730,4,2274,12776
7592,-8461,704,7,-4976,863
-5698,-9071,725,12,-11627,-671
12159,20479,837,4,9567,17408
28333,442,727,6,-9103,-4178
19392,-1674,723,4,-1475,15125
14088,21750,748,12,14088,21750
25142,5253,836,0,10387,4430
24860,-1211,710,6,-6338,2021
27755,13675,730,0,-3676,-9362
13997,9589,745,2,12864,21717
-3230,20554,721,13,-6805,1496
14395,23357,835,9,4999,13932
-307,14971,743,7,1782,19024
19852,21716,849,12,14232,19075
27450,13966,719,0,4000,-13023
19734,2759,830,2,8071,9071
13458,23022,704,13,12249,22224
3001,18768,837,6,2874,-37
18617,23007,827,13,8225,8337
28812,3632,747,3,-9227,8692
-4502,-2527,841,3,-4502,-2527
2509,-10142,745,9,-8871,9432
26931,11001,705,0,-5025,10395
15544,24306,837,5,2041,16581
10046,15619,726,4,12222,21578
7017,16564,703,7,7747,19194
6104,22675,840,3,6104,22675
12244,22534,732,12,12786,22851
8245,-14275,716,12,-1061,-12373
18611,24448,834,13,2842,-11414
26315,681,748,1,-1347,19946
22999,19970,844,11,22385,19737
13154,24158,741,15,9050,22281
21323,-975,731,3,1715,20631
19897,19787,828,0,20829,20479
10265,25840,824,7,6093,-10641
14401,-8450,744,8,112,22193
15688,24880,825,14,-817,688
10693,24375,746,13,5012,20897
27622,3699,717,1,-6807,14899
-977,16813,845,8,-3511,5257
19298,22378,835,14,12499,19129
12733,-13376,704,12,4522,-13840
28715,8058,705,8,9570,-14676
12512,25684,840,5,-4047,-3292
29342,7380,748,1,-9646,679
-4346,22818,724,15,-8719,-5697
22021,20659,845,5,20660,20388
28611,8629,720,1,-6766,-3364
22740,1127,743,1,1635,18608
15370,-6074,746,8,336,21011
26434,6064,833,0,12646,1145
1028,18789,838,3,1028,18789
11919,12941,734,2,13835,22224
22408,-246,738,3,-213,17250
3063,23083,847,6,-5016,245
11762,23844,745,15,6801,20225
-3988,1321,714,14,-3988,1321
-1467,4420,720,12,-2923,9025
16804,25248,845,14,-4703,-6667
28907,3335,716,10,-2562,-12087
-7466,-1580,746,11,-8291,12539
28704,7067,704,6,17263,-11845
14257,25765,826,12,-2726,-7080
25958,1582,824,0,1385,3427
24586,2021,718,6,187,640
18270,20141,830,10,17339,19154
6744,15512,844,1,8186,18260
28507,1711,723,10,-7360,-6353
18708,22095,830,9,14953,20682
14004,-11902,825,1,3520,-11141
-7392,14678,839,4,-1582,-10559
16657,22327,830,9,10897,18206
25607,8946,704,2,-280,12896
21777,-9368,733,9,-7676,-5670
-3385,-7847,825,3,-3385,-7847
12954,22137,845,11,10515,3371
-1539,-5703,720,9,-5899,16512
-426,-11284,724,14,-426,-11284
9894,-14018,703,14,9894,-14018
4949,10278,846,3,4949,10278
3838,22748,730,13,-2019,14040
12201,21462,715,9,13470,22526
25550,4717,746,3,338,8985
27925,7194,710,1,-6973,3028
12357,21379,739,15,10443,17502
9717,-6569,745,6,-711,18763
26222,3721,706,10,2597,-4651
3116,-4254,740,11,-3366,4721
13312,20241,831,8,11948,18789
27627,13514,717,0,-2810,-10134
6039,18311,730,9,9105,22184
12687,4138,711,4,4819,17165
28182,10823,704,1,8379,-13616
4923,20403,728,13,2126,12134
14956,-12620,706,12,7215,-14001
26607,-2749,714,9,8588,-13813
15905,23442,836,12,5040,6851
13150,20496,736,8,15414,22524
21151,-4070,731,6,-5104,12763
27820,1928,717,10,-5292,-5674
19180,23627,847,12,7566,22607
28224,5958,704,4,4954,-11853
2351,-2570,707,5,-4751,11574
28591,11509,728,2,-12451,2430
5116,8578,829,10,14512,73
-2274,16135,717,13,516,150
-7863,12832,845,8,-5960,-5984
-11021,11473,718,13,4916,-13278
19054,23876,829,15,-70,1961
14137,24835,826,5,-1627,12661
13929,22353,715,12,14228,22556
19055,22522,840,12,11157,19147
16810,22913,849,14,9753,4185
28025,11186,714,2,-9227,2606
19091,21329,847,9,15601,19316
7897,8513,733,10,8055,20549
4724,9246,834,8,7998,2660
-6487,5609,733,5,-1995,20602
17149,-3877,718,9,187,640
-1802,9440,737,12,-1802,9440
2296,21732,716,13,-2491,12002
16703,25347,845,14,-4292,-8438
13562,-8502,723,9,-6327,4211
13576,25764,836,11,-6614,1894
-2200,10556,735,7,-851,16147
567,11269,738,9,3044,19317
21096,20570,835,10,20599,20353
13681,25977,835,7,-7056,-1176
24971,6595,726,2,3426,19532
10231,21041,839,10,5793,14530
26292,7533,745,0,4351,20312
-3181,20660,827,10,-4281,-6701
27855,3864,707,8,-6761,-3329
19199,-2697,743,3,2206,20597
11021,24384,748,13,5478,21165
29237,6089,727,3,-11721,2452
22330,-3399,716,6,-6135,9082
4880,10812,710,5,4687,16972
12397,-276,708,5,3061,4983
-3657,-6875,716,14,-3657,-6875
16272,12586,837,2,15467,16892
28986,4013,711,6,4188,-14561
-12983,9931,708,13,5487,-15089
28093,5115,747,2,1149,22823
5568,16498,847,3,5568,16498
29120,3503,826,0,4132,-8541
13030,-9031,708,7,-2093,-4196
17359,22916,827,13,14144,4021
9104,17986,833,10,7969,9789
18969,22949,837,15,10255,4616
10800,20093,723,11,11945,21528
8391,26727,828,11,10748,-14789
20080,20646,841,9,18131,19314
15490,24628,829,5,2189,18858
-11590,13534,707,15,6696,-14607
586,13240,738,5,3044,19317
-3449,8577,710,14,-3449,8577
27104,13593,711,0,1801,-5951
-1722,-8412,747,5,-9227,8692
10525,19395,725,10,13419,22615
24179,4609,716,1,-93,13840
-2082,17403,708,13,-1497,2481
-8728,13050,703,13,784,-9079
11950,-10936,833,1,1857,-8555
11629,-9475,828,1,2413,-6998
7405,18732,824,8,5440,14821
9269,20086,840,4,5932,14797
5707,22807,712,15,762,15749
20457,-10417,725,7,1061,-12306
15652,-343,726,11,6084,2155
14911,24984,847,9,-2712,15148
22215,-9580,709,7,5045,-14582
12714,20405,735,8,15126,22592
20364,-8924,706,5,-1149,-9928
15237,25301,848,5,-6275,11772
3203,26522,744,15,-12261,3441
10048,23102,842,6,2437,15769
21702,-2780,726,4,-3762,15094
4480,12262,835,1,5264,16142
-1403,22066,831,10,-6479,-3475
6470,22262,839,8,1625,18195
18754,23837,847,7,8229,23453
10728,6654,738,8,7938,19530
18114,-5037,746,8,-398,19082
5984,14879,731,5,7582,19808
4133,3342,832,1,1742,8690
22732,20236,848,5,22048,20009
18549,21631,835,11,14402,18798
8146,24534,736,15,63,16828
4853,18453,735,12,4853,18453
23816,-2315,733,8,-4313,17226
25962,6051,716,8,2935,-342
20016,-11024,716,11,-2000,-11524
10136,-14553,731,11,-10976,391
5585,16122,836,4,5040,6851
6193,23417,731,13,697,17581
-1691,21258,839,6,-1202,-8878
2658,20291,733,13,-442,8942
9166,10876,712,4,8899,20192
-2660,20945,708,15,-5766,572
12804,-9,843,0,7858,20222
21948,-1077,716,8,-2988,14402
27637,12187,711,2,-2529,-5773
-1446,6264,736,7,-1712,12785
15157,-1000,718,6,246,14380
15219,25752,843,12,-2762,-9920
28161,12360,738,0,-6290,-1705
11883,22941,742,13,8472,19818
15816,24807,835,11,80,17641
28796,11003,735,2,-11310,238
5210,5476,705,11,2292,12474
-10584,9234,826,10,12429,-14662
2753,22138,726,13,-2586,12174
3033,7438,740,14,5207,4356
10017,19439,718,5,11268,21420
-3388,15019,843,8,-4322,1087
17928,-2,714,7,9863,-364
9978,-8431,740,10,-1939,20030
-8023,2285,710,14,-8023,2285
19692,22647,824,13,10950,18016
21232,22780,846,13,7947,23358
5761,19665,737,12,5761,19665
2020,12948,746,14,2458,9507
28953,5845,711,4,2417,-14428
8397,26113,744,15,-3312,19249
9861,26420,831,9,-4929,-7296
27886,2802,826,0,1890,-2943
15529,22029,744,9,16209,22434
25433,4599,719,1,-2121,13391
18287,24019,849,11,7319,23049
22075,19227,849,0,22648,19609
14848,-659,726,7,6157,1759
12511,25735,826,7,-3116,-3086
26921,10769,711,2,-2699,5263
16121,23370,836,5,6598,17099
17036,-5189,711,5,1203,-2767
28903,6884,723,8,1118,-12042
-5058,1001,733,9,-2230,20320
13563,25294,844,5,-4476,2066
27465,4315,730,1,-5192,15714
764,12217,839,1,2513,17307
28110,3639,709,10,770,-10314
27221,11269,733,0,-2203,12076
28078,9819,742,0,-3545,17268
19585,-97,845,2,4907,9960
2866,22949,731,15,-4002,9183
10954,-14630,825,3,10954,-14630
-7942,14349,841,4,-1089,-11233
14046,22892,836,12,11922,1540
26418,-2042,737,6,-5997,-2479
29260,7255,737,3,-3346,-8813
24115,-5274,737,10,-9159,7737
19135,24329,830,15,-6232,-3948
6138,-7212,711,7,-4878,3039
14351,23312,826,9,5709,15339
12085,4819,722,8,6349,19070
3532,3117,721,9,587,15628
11043,-13630,826,1,-901,-10884
19981,21586,830,13,14918,16417
-7635,13603,839,4,-184,-10845
6634,-9784,837,1,-2758,-3814
11361,23435,705,15,8923,21692
12175,-5241,709,7,693,-684
11292,-998,725,11,2332,5219
27887,12632,710,2,-1145,-11751
27382,1242,728,4,-8902,3738
10512,-14486,727,7,-9554,-3284
12200,19000,723,1,15065,22560
21875,-5425,744,3,112,22193
-561,11911,711,14,-561,11911
28063,-764,744,10,-8299,-3836
16346,25004,844,12,-5639,-106
4059,16726,735,7,5341,19256
16434,-2603,837,0,4472,19222
19527,-2328,726,10,-2409,13233
8716,16291,827,3,8716,16291
20368,2957,716,3,2343,15779
-4187,13052,744,7,-988,18463
6339,26145,745,15,-7695,13780
8753,-6407,733,8,3625,23872
28500,12020,744,0,-11123,4830
13873,23483,827,5,4360,11367
23485,881,710,10,-1951,3548
15564,23684,829,7,4543,14397
-524,-12682,742,11,-11118,2314
25184,-6128,707,5,7048,-15121
10902,26110,827,5,-3351,-6404
16209,22434,744,12,16209,22434
22294,20911,826,13,20763,20437
-6127,9583,848,3,-6127,9583
25017,8515,703,4,12917,66
19426,2702,832,2,8006,9552
4690,12919,715,11,5355,17915
28658,11511,737,2,-8753,-3266
-1626,17577,829,10,1506,-4744
-3652,21694,727,13,-9156,626
15849,14641,706,2,13691,19844
8125,19744,827,9,14127,591
9169,19142,723,11,10474,21124
15310,23824,848,9,3406,15182
27228,-5,715,6,-7127,-3613
9957,-8379,707,5,-5655,2920
13020,22437,743,7,13665,22801
3430,-13166,720,12,-5310,-8823
10436,20777,713,11,11658,22045
28775,3125,736,4,-2619,-9492
27488,-1025,724,6,-10163,-624
19719,20817,833,5,17555,19195
18895,17774,746,8,18268,18908
27808,12950,712,2,1763,-13425
28474,5948,714,8,-1410,-9382
26006,11107,708,1,11559,-583
9593,21201,837,8,6706,18595
15468,22153,735,5,15936,22438
9117,21191,746,5,10881,22550
3503,9448,743,7,3279,13746
1676,12556,744,9,4119,19635
14812,21977,737,9,15564,22456
25312,3776,837,2,12298,577
28008,13218,734,0,-828,-10895
3602,22997,848,10,-5119,4921
13515,25605,831,7,-5003,722
20036,23500,846,13,-2783,8475
28830,9580,712,1,-3273,-12114
22341,20945,834,13,19908,20594
18569,23302,837,15,12414,786
26439,13233,709,0,4338,-1627
-11694,12607,744,14,-12261,3441
21895,20074,845,3,21895,20074
14712,-12891,724,11,-7644,-4843
21225,-9030,709,11,2181,-12140
-2736,5659,720,7,-2128,16098
14781,-6408,711,11,161,-2452
22389,-9497,716,9,-6672,-9081
24526,-7359,848,2,-9293,9606
10944,20252,738,5,11994,21446
9519,21442,836,6,4161,13163
18601,-7396,729,4,-2782,20372
27653,10717,722,2,-5821,6997
-3674,8,736,7,-5696,9283
-2443,439,838,1,-4615,9550
7513,-15236,706,14,7513,-15236
28669,7697,729,1,-8999,3637
7316,9740,736,6,7747,19794
-1163,-10078,747,5,-10110,7557
28044,9541,732,0,-2345,20237
-2462,13779,713,14,-2462,13779
27370,13530,705,2,8668,-12775
18584,-3553,845,0,3209,19114
6233,17481,824,4,4724,9920
10386,16541,728,3,13522,22385
29268,4404,713,10,2979,-15306
29014,1798,740,8,-11132,-1152
15577,23754,847,11,2670,10964
12070,25567,831,5,-3788,-410
19250,-1912,845,2,2409,11028
28640,9890,715,3,8221,-13668
9681,9187,838,8,12575,5339
26621,11273,744,2,4444,5523
-4361,15447,826,10,4131,-8829
26651,11238,745,2,4261,5818
8225,8337,827,3,8225,8337
826,368,845,1,-2113,8195
1244,-13710,713,14,1244,-13710
23991,7056,739,0,6201,19974
20935,-5632,707,9,-11,-6358
9664,-5813,706,7,-1614,823
28568,2557,726,4,-9353,-2525
25852,2036,723,8,-5266,7350
-4190,14135,828,4,-254,-5189
4499,6928,710,11,2645,13982
10144,4328,741,4,6164,19035
-1565,19158,740,12,-1565,19158
-1587,-1222,720,7,-5048,12003
28722,8226,715,8,9962,-13522
12826,24305,845,10,6224,22019
-1833,16192,745,14,-2830,11774
-1274,24928,728,15,-12451,2430
-2052,4447,719,14,-2052,4447
18897,21019,830,8,18313,20770
18171,23792,839,9,11397,23532
14222,16800,710,8,13980,19961
2575,21914,717,13,-2381,12479
12883,24446,824,7,1385,3427
25404,-977,709,4,-8461,7254
25217,-4778,715,5,8402,-13456
17948,8284,710,3,8248,15048
-2712,15148,847,3,-2712,15148
-8403,12405,836,4,1011,-12241
8335,17552,719,9,9883,20828
13710,25989,847,9,-9459,8660
8080,14246,729,3,12402,22799
13958,25750,847,9,-7867,10291
13321,25669,844,5,-6021,-663
16738,24067,838,12,481,10456
21809,433,740,10,652,6352
19301,20947,835,8,18751,20740
4876,22794,842,6,-3312,5384
24875,-1998,714,6,-7372,3519
-2273,1926,731,5,-2399,17198
23800,2674,832,2,9310,2631
20120,939,716,8,-9,13653
5862,22870,721,15,656,15409
13911,21212,825,6,11086,18134
29005,4463,723,6,3896,-13847
17571,24767,841,14,-7132,6229
10788,-13833,839,1,-1582,-10559
6090,19564,735,14,5274,17943
21463,-9107,711,11,2014,-12359
6306,5103,847,2,8777,20803
9879,-5894,731,9,-4002,9183
20591,-4575,716,6,-6023,11615
14941,22282,739,5,15550,22629
-1552,4983,730,9,381,19460
17626,24221,832,12,3051,19750
5073,14081,837,8,4983,7203
26477,2882,734,1,-3715,14383
14732,-8643,708,11,-2093,-4196
19174,-11815,716,7,-1061,-12373
13555,2248,831,2,6518,15193
27951,2502,715,10,-3392,-7593
5170,6252,825,8,10076,635
19142,24083,834,15,1204,-8104
27513,13827,713,0,375,-13677
10411,17080,731,10,12819,21721
10276,-11914,729,5,-9501,3688
16602,-10979,715,11,-4097,-7149
8201,24288,741,13,1134,17988
16397,13239,845,2,16110,17339
9188,20014,705,9,10820,22063
-6684,21010,719,15,-5202,-9992
28254,11735,731,2,-7888,495
-334,-2933,717,7,-5486,10231
314,25239,735,15,-8875,-3863
5102,13917,840,4,6961,4327
16413,21909,832,10,14001,20669
29109,2571,743,4,-6482,-8195
16585,22459,849,11,8310,13489
-6351,14441,825,4,-2072,-7727
20988,21535,829,14,18254,20775
14019,25424,847,5,-5982,3191
25655,10068,710,3,10892,478
11698,25767,833,11,-179,-7074
12650,-5928,703,11,-609,-675
12159,19999,724,4,14547,22536
13719,-4188,724,5,-123,2231
7290,-662,703,5,-560,8314
23138,715,739,4,-1059,6953
-5469,-3486,719,14,-5469,-3486
19981,21908,840,11,16171,20949
11470,23774,724,15,8117,21696
23460,-4424,732,6,-7581,11382
28666,3869,742,3,-8977,6898
-6136,1855,710,12,-7699,8057
17354,22881,744,15,16209,22434
23651,-2894,709,10,-7699,7328
16905,20625,842,10,15114,19116
9238,24928,827,9,1149,-3963
-1636,4670,724,7,-1889,15260
28073,13192,725,0,-8459,-7784
26996,9762,704,2,-5123,9773
23366,20267,849,15,22121,19992
-278,9698,726,11,1523,18403
-3791,22533,730,13,-10699,126
27825,8454,740,2,-3373,15030
13124,17777,745,2,16306,22441
10365,23442,720,13,7402,21316
6470,18514,727,12,7125,19808
23668,0,824,2,3935,1987
14712,25784,837,12,120,-11723
3830,9044,745,11,3430,14299
12586,20181,731,8,15180,22649
27355,10030,743,2,-1147,8978
22323,20700,846,14,20640,20284
26951,4799,707,8,-1969,-3007
24443,5698,734,2,3933,19412
15777,21495,839,6,13073,19461
28932,6971,711,8,2417,-14428
10919,22365,838,4,6712,19285
4675,7819,834,1,3975,12505
5566,486,708,5,-631,10444
20336,17250,849,0,20741,18674
24063,2136,723,3,-1475,15125
2070,17834,729,14,2070,17834
11633,19897,839,8,9828,17710
9769,-4898,748,10,643,19563
4832,8175,824,6,15762,-340
17202,16415,848,0,18604,19392
18336,23781,841,12,5507,20148
3729,11849,726,11,4627,17970
13698,21406,842,10,10225,18148
26772,7178,722,1,-2489,6135
-3895,5660,743,5,-2634,16429
28854,2377,730,8,-12564,4606
-7412,-8239,717,14,-7412,-8239
26742,13199,709,0,2157,-2407
3507,25095,718,15,-6515,15456
4733,14278,833,1,5936,17671
3087,25989,744,15,-10724,3266
12988,20367,725,8,15277,22593
6050,-13881,747,9,-11153,5522
3262,26113,744,13,-10857,9790
20031,23656,847,13,-6810,1947
20926,20628,837,6,20324,20349
12840,9746,845,0,13885,19673
28219,1942,718,6,-3892,-8644
10806,3843,739,7,7671,6789
10661,24231,831,6,2753,19454
10857,21360,825,11,12257,2693
8543,-4671,708,7,-1497,2481
628,-502,738,7,-2787,7094
25990,7602,740,0,3536,19776
2531,19385,833,3,2531,19385
22152,-9227,722,9,-6377,-8248
18490,-10445,718,5,-5047,-7029
16490,22748,829,5,9350,17718
17108,1699,716,8,2343,15779
22209,21007,825,13,20615,20562
15063,25807,842,12,-1944,-10608
23494,7439,703,6,12005,2696
-9449,2533,841,3,-9449,2533
28302,153,728,6,-9708,-3266
-1328,20069,734,14,-3355,16732
15853,24993,840,12,-3303,-901
12166,1345,837,1,8403,3813
21743,20722,831,9,20851,20444
21007,20775,845,12,18404,19363
12027,26128,833,5,-6184,-3053
24611,1864,728,1,-163,18922
28879,3568,715,10,-857,-12560
16022,23054,730,13,15076,22672
14600,21915,735,9,15356,22423
23189,2100,739,1,1272,17450
18808,23213,834,15,8915,3097
21879,4829,723,2,6670,21280
900,-12687,741,11,-10264,1095
13775,22104,717,7,14441,22562
16931,19295,841,6,15788,17134
12805,24726,828,9,-1649,10600
11607,22031,847,8,8842,20322
19905,489,703,10,-560,8314
20087,-5434,741,6,-5495,10692
11704,22299,842,4,7770,19560
15004,25349,827,14,3014,-7420
24808,418,748,1,166,19617
14649,22257,745,11,15244,22574
12047,21685,714,5,13151,22596
19135,22074,835,14,12564,17956
24911,-6880,709,9,-375,-13780
3592,-13277,720,12,-5240,-8983
-7926,17875,723,15,1834,-11988
14695,-5866,747,6,-2334,15915
18561,23882,825,13,1164,6599
9144,-13741,841,1,-3177,-9204
9098,16629,715,4,11918,22110
18921,1839,736,4,2857,11665
-6496,438,710,14,-6496,438
22159,20245,845,6,21752,20113
28541,9766,747,0,-3842,19432
-543,-3640,849,1,-5104,5949
10255,12392,736,2,14046,22757
17848,-5292,741,1,4096,23752
-8292,15558,713,13,-1559,-8711
23503,-4924,735,4,-7903,12855
1756,15877,745,5,4770,20742
10045,23083,841,10,3220,17249
22562,19880,843,10,22336,19755
-9042,16139,743,14,-11007,8855
18164,-7577,730,4,-2416,20705
27426,14123,720,0,5673,-13163
18276,21834,840,11,13157,18413
6404,22086,843,3,6404,22086
25660,3980,721,8,-1686,3613
17085,22761,831,11,9657,18026
4669,19306,747,13,4788,5998
29237,8068,732,1,-11529,1156
6015,9719,830,10,13874,1288
4307,2150,826,3,4307,2150
17245,-4349,708,11,4237,-3563
-4005,17912,746,11,820,22639
-546,7029,746,9,649,17768
19995,-4154,739,4,-3584,14530
17902,22940,827,14,8716,16291
26593,1255,704,10,-4093,-3932
8320,25609,748,13,-1347,19946
14576,3646,715,8,4914,17420
14136,23663,825,7,3666,9329
19774,4105,705,9,11530,2868
28305,11846,729,2,-10083,30
29145,7664,723,3,-7251,-7245
22702,19686,848,8,22602,19623
19602,23857,842,13,-4922,-1738
6745,-12196,730,5,-10024,7132
13113,-7682,842,2,-277,18727
21085,22893,848,13,6989,22910
1310,23399,713,15,-6341,9711
27754,9781,731,0,-2280,19037
5644,17433,721,12,6215,18910
17170,24247,845,7,3209,19114
9465,20095,705,11,10610,21624
7605,17181,705,6,10590,22226
26904,8339,734,0,1010,19109
20655,20027,830,7,19613,18684
26960,3020,707,10,-11,-6358
12870,-13580,723,12,3896,-13847
11090,24516,830,9,-313,2524
20347,-1728,740,10,-1564,9209
10626,25573,831,5,1013,-6712
27767,11248,708,2,-7480,667
13128,23487,710,15,11258,22439
24004,2534,734,4,1451,3664
26008,10997,715,2,2201,7523
19405,23839,835,15,-1545,1390
27443,13504,708,0,-864,-10496
13591,2964,710,3,5634,20014
29052,8665,727,3,-2825,-10387
8394,-11975,710,12,423,-10312
29888,4353,829,0,7113,-12804
5688,-1519,712,5,-1895,9871
13881,2705,732,8,5601,19084
27237,5780,711,1,-6417,8388
1761,9602,834,3,1761,9602
29019,17,826,2,4694,-12718
13684,24164,745,15,9769,22535
15712,21868,847,6,12320,19812
8867,23098,833,6,1199,15028
23695,3859,830,2,11347,3412
12576,23249,744,15,8741,20076
8393,24498,738,15,462,16978
4683,-11151,736,5,-8416,1796
26552,5575,713,3,-3369,4754
1860,16250,725,15,5724,2912
29548,6266,745,3,-8936,-3749
25087,-917,744,3,-2927,18140
25031,7645,720,8,8077,1777
581,16166,745,5,4070,21296
10896,22824,735,13,7338,19106
23583,4963,730,3,2274,12776
19104,24203,832,15,-1449,-7637
-7615,16515,835,10,4361,-13903
11334,11154,719,2,12678,22491
10808,-7346,846,2,1184,20129
25787,6023,712,8,3181,-569
24252,-7660,705,5,3629,-15090
-2034,15016,726,12,-714,18269
12330,-7611,726,5,-3730,2466
3878,13643,729,7,5112,18534
25289,4563,721,1,-1564,13773
15998,22525,742,12,15998,22525
20833,23066,848,13,4378,21554
9510,26582,835,5,4361,-13903
12762,-3324,744,10,173,17109
19758,-756,747,1,4581,21533
14892,25725,838,12,-738,-11159
18600,24350,830,13,-1290,-4038
18963,4056,709,3,4084,16102
14982,22208,735,7,15356,22423
27321,1597,727,4,-8126,2953
2874,-37,837,3,2874,-37
15853,23867,847,4,13081,23704
26342,12653,722,2,7218,1249
15679,22170,737,5,16151,22462
26689,12589,742,0,5160,3798
2269,10013,714,7,2491,16415
28821,9467,719,1,-4255,-10375
13595,-5911,719,5,-1830,1229
28964,5852,711,8,-3106,-11721
19064,-9953,723,9,-7774,-2912
-5139,4682,729,11,-2915,18273
17685,-9980,718,5,-4909,-5484
21292,20148,835,14,19936,18681
-2942,13992,740,14,-3251,9051
-4293,-3889,726,11,-7135,14468
12682,-5597,742,10,-1063,17786
29040,8240,729,1,-10262,-705
-4787,13377,829,8,-4350,-840
23114,-7238,704,11,6624,-13197
19765,23719,835,15,-4809,7396
5310,24383,741,13,-3692,13003
7175,15190,705,9,7998,19425
24594,-7246,747,10,-11059,11835
26620,12982,706,0,1879,-1975
16979,23989,846,7,3289,17149
5341,13390,835,3,5341,13390
18415,17923,734,10,17882,18844
3962,-7579,728,11,-6661,7808
19604,24044,846,13,-6647,-2963
12699,21598,711,9,13791,22526
7723,18684,746,5,9288,20948
18923,22218,838,9,14773,20908
16041,23127,842,5,6198,15301
14346,-2647,847,2,3077,16061
21971,5596,730,10,6968,6928
22941,-8379,713,5,801,-13034
28212,11269,722,2,-9399,2470
12049,-12767,721,7,-6821,-4628
730,2463,718,7,-1948,12455
28499,10613,710,1,4839,-14480
21618,4598,705,3,2292,12474
19392,22407,849,13,11257,7042
19252,-3155,704,9,2761,-2774
-5683,13735,747,9,1149,22823
15928,16456,845,1,16110,17339
7061,7818,727,8,8605,21956
25732,-13,740,3,-4156,16339
20136,1882,729,3,3026,18003
-7319,17319,710,15,309,-9152
11993,26416,831,11,-4929,-7296
28561,6907,703,4,9236,-13625
28308,5548,707,4,2910,-11383
14879,23818,844,5,2345,10620
16484,-8357,708,11,-627,-5862
20602,22659,840,15,7511,17495
28996,2822,825,0,325,-7299
3017,25853,738,15,-10525,4214
27368,10372,734,0,-2810,11971
5183,2667,840,1,2535,8047
-6309,12777,832,4,630,-9093
18208,22250,840,5,12372,19244
5969,8564,827,8,9485,3236
12937,5856,746,3,9043,20304
7375,21869,710,15,4223,16325
27421,10158,738,2,-1545,8185
-8741,830,712,14,-8741,830
-1437,17223,723,14,-1437,17223
1849,15035,849,8,550,5465
26849,-2608,843,2,-3615,-2705
6871,21682,719,13,3630,16369
20108,23372,836,15,-397,14718
25073,10264,718,1,8902,4582
26791,1552,721,3,-6043,15113
5196,-14307,712,12,-3993,-11041
1121,-12862,742,11,-10298,669
8144,20434,825,5,15499,-341
28775,5881,742,1,-9029,6889
12351,18076,841,1,13338,19404
858,-12587,737,7,-9166,-1911
-2971,3561,711,14,-2971,3561
15163,24256,833,11,1648,14276
11430,185,828,1,7205,2623
12360,25552,835,5,-3441,-784
-10875,2518,736,12,-10875,2518
24590,-1990,714,10,-7396,6081
14486,23187,831,14,13136,932
28345,9894,705,3,8668,-12775
11672,22388,837,7,12298,577
14494,23442,826,7,4758,10566
17609,22977,825,14,8166,15239
-3288,16123,748,12,-3288,16123
18787,24519,826,15,-3652,-7421
5293,12965,846,8,6217,6142
24866,6734,737,2,3512,17850
3947,-9641,826,3,3947,-9641
16221,3408,707,8,3843,15625
-2799,19478,747,7,1149,22823
21904,20730,844,7,20477,20308
14869,21507,747,6,16443,22507
5105,16789,830,6,6824,3229
26959,8551,705,3,4062,-3910
6146,22304,723,13,2008,16446
19389,23572,831,15,459,6925
9603,14286,725,7,9398,17111
16311,24648,829,11,2523,20435
21596,10359,731,0,9911,17726
26099,1827,722,3,-4861,15037
26064,5210,710,4,3312,-2870
15185,24195,838,11,1511,12587
8574,18231,729,10,12402,22799
-890,6754,732,5,482,18346
26891,12900,714,0,157,-113
19302,17158,721,0,17346,18941
-9736,13828,709,13,431,-10699
10868,19233,729,6,13615,22413
10618,17393,707,1,13357,22503
13574,21082,829,10,10762,18082
25722,1761,717,8,-5512,6969
19262,22402,835,14,11634,18765
8600,1979,730,12,5598,4023
16349,24943,836,14,-1649,-3587
13254,24234,840,11,2123,1254
-6346,14605,725,12,-4247,18850
22109,20654,834,7,21208,20339
28663,4540,719,6,5017,-12853
28098,9240,715,2,-7347,13695
1228,22911,845,4,-8223,8503
4064,9877,837,3,4064,9877
19032,23999,835,13,-1976,663
14589,2126,831,1,11173,3557
15666,22037,843,6,12345,20105
28044,12092,715,2,-6452,-6375
500,25684,737,15,-9765,-4134
16900,-5302,747,4,-1511,18036
14603,25891,830,12,-4191,-8093
6894,22231,825,6,107,11469
18167,20802,834,7,15231,16681
8733,20175,718,9,10906,22424
21677,-1151,709,10,-3435,8030
28108,11950,717,2,-7598,-4675
19380,-2345,729,10,-2169,13585
24526,-1716,712,6,-6767,3521
-3447,3681,740,5,-3373,15030
11560,-4128,725,6,-94,19197
13335,-3192,733,10,726,18657
10717,23499,836,10,4231,18969
13082,-12691,728,9,-10750,5426
14851,-9039,730,6,-3473,19753
11658,21880,725,5,13194,22832
17096,22929,836,7,8936,17505
-2931,19082,842,8,-8089,6217
19125,22925,829,15,8130,8827
14956,8483,735,2,11548,21263
10086,19821,718,11,11268,21420
14557,6155,711,2,9859,22081
24165,7416,746,0,6944,19822
-7103,20991,715,15,-5850,-9990
20324,20349,837,3,20324,20349
13985,3006,703,10,3404,14603
26464,11652,740,2,6151,4089
22066,-1795,738,10,-2787,7094
-8948,8255,729,12,-7832,14682
21603,20466,833,6,21221,20273
18839,23134,840,14,7936,18366
14371,25407,826,12,-1706,-3729
28785,9097,711,3,2742,-13757
11213,20703,847,8,8969,18448
-364,6778,733,5,671,18147
14831,23280,717,15,13495,22636
26610,11559,706,0,-2729,6829
15110,22681,838,12,10105,4790
13187,18219,737,2,16151,22462
28914,6984,719,4,7528,-14186
15800,25118,848,7,-6127,9583
9834,16959,722,8,12801,22264
21391,21862,833,15,15335,20775
-2672,9530,742,7,-1403,15784
11176,21501,833,6,6766,15674
28457,10006,714,1,1157,-10898
13532,21908,737,7,14107,22273
9970,17670,723,4,12926,22264
16324,529,722,11,7528,2169
12893,-364,732,7,4615,3781
-9293,-1955,727,14,-9293,-1955
21665,2898,745,6,5136,5417
15478,23215,832,5,6644,15443
26300,2416,738,3,-4204,11335
5580,-15076,730,11,-12564,4606
28640,7873,703,8,9270,-14421
14453,25285,846,5,-5339,7255
19018,-10925,709,11,-1961,-10612
1866,10160,728,11,2853,17760
18936,22910,844,13,10721,3173
27728,9977,740,2,-3251,9051
27041,11853,722,2,381,1228
17915,20116,825,10,16995,19069
14539,23122,848,11,6033,6758
11815,25836,836,9,-6614,1894
20314,23251,836,13,3457,20203
15294,18178,828,4,14774,16230
-11165,5179,735,14,-8019,-3662
13232,24316,847,10,6831,22313
25538,-3586,740,10,-8929,4208
-10679,3809,733,14,-10679,3809
14030,16996,709,4,13909,19930
8016,-2942,712,9,-2348,9576
15453,23739,848,5,2678,12213
7326,-5785,830,1,352,-873
11668,19855,721,4,14158,22594
21585,20366,826,10,21302,20217
28711,2518,728,4,-10028,-2303
10109,19817,826,4,7666,15625
3785,2754,720,9,429,15274
-6827,11115,723,12,-5469,16150
368,23291,715,13,-7259,11565
23688,1165,739,8,-1553,8694
9306,18537,737,4,12923,22734
24865,2708,717,4,-1681,3354
14087,2659,705,12,11530,2868
25960,-238,729,3,-3570,18863
5771,11316,841,1,6054,15061
29011,4181,721,8,-9898,-4605
-2966,16404,729,14,-2966,16404
12600,21811,715,11,13470,22526
-99,21125,839,10,-3661,-2372
26055,-4575,709,9,5045,-14582
14836,8476,716,4,8597,15901
-3164,12966,826,4,1628,-4448
5801,-8176,723,9,-6788,11510
8617,18811,718,7,9732,20751
19574,23650,824,15,57,16172
29662,2810,839,0,-1202,-8878
18805,24534,828,15,-2628,-9608
20311,23629,847,13,-7883,11230
-3298,21063,705,13,-8193,4160
17467,24318,832,14,-64,14247
12619,15876,737,0,15564,22456
17562,24011,849,9,7401,22566
19819,-10036,712,11,-462,-10872
-6521,14994,833,8,-7496,-1299
25964,8602,719,2,286,14923
15818,24400,834,12,362,6461
20922,-11505,718,11,-2246,-12964
8956,24287,833,6,-507,16786
27542,2684,742,3,-6503,10583
14621,21464,748,10,16352,22593
28972,5183,707,10,6514,-15187
18027,24185,836,12,3189,20709
13383,25426,828,7,-4058,2160
27842,13020,727,0,-6480,-2744
26883,5254,744,1,-2701,10467
15499,24734,830,9,2836,20693
7525,-3598,730,5,-2468,8601
-5673,1343,716,12,-7403,7549
4298,-605,721,9,-1564,13773
-5412,-4507,728,12,-9498,3145
8687,25958,740,15,-1939,20030
5339,13129,724,9,6645,19406
24484,-3620,843,2,-3377,3607
12049,23624,842,3,12049,23624
15753,23003,827,11,7782,15816
-2895,18001,729,7,2406,23260
26884,-3958,734,6,-11076,-1027
25163,4643,830,0,8964,3909
17702,24365,827,14,479,17915
-1895,15469,745,14,-2633,10954
27622,-2222,746,6,-9328,-2684
9128,22968,747,15,3627,14820
-12564,4606,730,14,-12564,4606
-1349,6367,721,11,-572,16976
16491,-218,719,7,8127,683
27730,4973,713,3,-7343,5329
3704,-5392,704,14,3704,-5392
10686,-15021,740,7,-3590,-10437
18211,941,846,0,6780,16274
-1511,-12002,740,7,-10485,194
28947,4859,718,4,-2892,-11224
14401,23580,826,9,4805,15758
3918,20859,835,10,-1094,5457
11270,17640,740,3,14400,22274
18254,-9605,722,9,-7534,-1787
25456,-5033,703,5,9270,-14421
661,-5234,730,11,-6138,11169
11619,26414,843,5,-2762,-9920
19530,23951,838,13,-6955,3650
12246,25404,828,5,-4058,2160
19309,24002,836,13,-5098,3296
16059,-6088,736,10,-3224,15338
25867,13325,705,2,11492,-307
3576,-5489,735,7,-2721,1710
16758,23147,845,11,6626,16026
20351,23603,845,15,-8223,8503
-5876,10959,745,11,-2284,18969
28285,7365,710,3,-3769,-5209
12900,22561,712,14,12900,22561
20123,20735,839,5,17983,19292
19850,20265,838,1,20056,20425
28284,9814,709,1,770,-10314
3199,2414,711,11,-561,11911
19836,19982,828,2,20640,20497
19637,-4337,740,4,-3373,15030
-2610,23620,733,13,-11824,3298
9936,21665,831,11,13901,-19
4113,14451,732,7,5601,19084
18084,563,708,7,10562,-77
28692,9179,710,3,3470,-13343
1566,15241,740,7,3219,18759
18103,18887,741,12,18103,18887
7014,-3451,707,5,-2791,7375
1423,-690,824,3,1423,-690
-3697,18637,824,10,-1140,-7236
13553,25786,848,5,-6605,-1769
24054,7565,712,0,4652,19654
-5556,14861,714,13,160,-4626
13640,20126,825,10,11446,16933
26192,8171,747,1,4043,4931
19217,-5573,748,8,-1612,19618
-4219,14148,724,14,-4219,14148
21862,20384,839,10,21529,20242
29059,5810,712,8,-3273,-12114
4538,-11214,720,12,-3235,-7546
28959,5302,714,8,-5681,-9524
8701,21024,832,6,3830,11814
15569,9639,734,0,12662,21491
28773,6399,714,8,-579,-12004
25285,-977,710,10,-6973,3028
25348,-1800,734,4,-7463,6191
10705,20080,731,10,13867,22893
26739,13221,715,0,2880,-1898
1942,17713,833,6,4051,-1674
20661,20653,834,10,20120,20366
17843,19022,735,14,17890,18841
26020,10092,728,2,2126,12134
26296,495,736,3,-4958,14933
15512,21099,843,4,13638,19734
28984,5640,706,4,2600,-14822
19199,-6927,721,6,-6043,15113
19915,23709,838,15,-5976,6411
28278,-90,830,2,3886,-9736
19656,22954,827,15,7782,15816
15076,-355,716,4,1444,16977
29406,4336,738,3,-11800,3363
-8989,-3040,735,14,-1811,-10235
7184,21377,834,6,1761,9602
23331,-7407,717,9,-2810,-10134
27817,7900,745,2,-2094,17276
28415,11625,730,2,-10587,1422
2306,6747,835,3,2306,6747
9588,17665,704,8,12170,22311
18311,21575,834,5,14301,18735
27922,9016,741,2,-4140,13476
17489,24453,843,14,-3388,6063
6047,17939,836,4,4044,9516
11579,23271,735,15,7602,19661
28925,3531,717,4,-7412,-8239
12571,1850,848,2,7100,16720
-5298,-6691,714,14,-5298,-6691
4419,-11466,731,7,-9323,4103
15947,24303,832,11,3290,17865
6321,19229,829,6,4317,6901
28539,2199,825,0,-1217,-4334
27325,5259,717,8,-1291,-3025
27309,6582,716,2,-1854,20097
-89,16891,745,14,-1095,13179
-2539,-11689,717,14,-2539,-11689
5285,-2986,709,9,-3155,11840
6271,-12333,827,1,-4630,-6370
28090,13313,739,0,-2613,-10983
12541,20577,725,6,14652,22559
28710,8854,706,3,2597,-13355
22371,20946,827,15,20753,20512
11847,21186,711,9,13095,22372
14009,21196,832,10,11173,18444
19368,-11624,719,11,-3563,-10665
-1588,-3761,720,12,-5788,1988
-5994,19764,715,15,-3392,-7593
23294,20259,847,13,21881,20083
3866,5527,707,5,1507,14343
605,2799,734,12,605,2799
20975,21750,836,15,14504,18837
21719,20040,844,1,21838,20096
28963,8414,717,3,-2771,-11028
7660,19966,740,9,9919,22243
29289,6706,742,1,-10414,2913
465,-13694,732,7,-12536,6554
11360,21422,705,11,12297,22332
22344,20905,836,13,20265,20349
28750,10111,746,2,-8701,9250
12390,25646,835,11,-1874,-4540
2385,19399,746,12,2385,19399
15016,25926,834,14,5304,-14167
27661,11875,717,0,-7644,5821
13432,-10004,704,11,-4093,-3932
13758,21489,840,6,9959,17860
19307,21047,824,7,16919,19052
-7432,3044,721,7,-5574,17039
24079,-251,727,10,-4049,6796
-6626,7089,727,14,-6626,7089
1181,13062,721,13,6773,1943
28088,12462,714,2,-5681,-9524
5408,-9442,832,1,-3553,-2956
27852,5590,721,1,-6975,11050
26286,-1123,828,2,702,-3443
18933,-6956,739,8,-2753,19895
-3764,17994,828,6,3487,-10109
19799,2328,739,8,2997,12593
10942,19255,728,6,13522,22385
17939,-2974,731,10,-1547,15469
14140,21086,848,4,11635,19054
13045,24651,834,5,-980,4878
26650,10434,705,2,-2645,6276
23720,-3783,842,2,-3312,5384
29023,8807,727,3,-2061,-10964
26637,10243,708,2,-2265,7559
19962,4575,715,1,4914,17420
10854,-7910,716,5,-5090,2837
26601,13051,704,2,8195,-4903
16497,1173,838,0,7205,17078
25116,10631,704,0,2251,12161
16532,24814,845,12,-4318,3728
12732,22615,843,7,10904,1654
12743,23847,843,6,6045,20545
10034,24757,746,15,2385,19399
-2648,12996,826,4,1826,-3735
14209,25063,843,11,-3377,3607
14436,-11424,715,7,-3776,-6929
4448,16532,741,11,6019,19585
11675,26347,827,11,-4281,-6701
19517,20980,827,7,17138,19098
20980,23030,847,15,4038,21336
-6544,699,720,14,-6544,699
23315,-2112,833,0,-995,13255
28082,-45,740,4,-9701,-1014
23686,3994,709,3,-608,10859
20778,21175,841,9,18954,20527
27309,10630,731,0,-2562,14751
26707,-641,724,6,-8079,295
9785,-3490,708,9,-2265,7559
5015,6418,830,1,3742,11111
26046,8643,728,3,5593,2263
-1733,18924,720,13,-2905,2472
9539,433,726,12,6084,2155
2129,-6690,745,6,451,22420
22468,-4665,847,2,-3357,8746
10916,-13682,712,14,10916,-13682
-6292,-5888,848,3,-6292,-5888
10664,3342,730,10,5275,18720
13478,-8073,707,9,-5655,2920
13671,-5393,842,0,5127,22028
15989,22532,834,9,9151,16926
20137,20765,832,4,19636,20522
27102,11604,718,0,-3834,7766
20563,318,839,0,4460,14106
796,21156,713,15,-2919,6388
28723,9836,716,1,-2562,-12087
8043,-1254,734,5,1021,5267
20758,22551,846,15,6780,16274
9277,-9304,703,12,2629,-8052
-1085,14477,730,12,2,17694
19282,20593,849,11,16447,17535
-9414,4996,730,14,-9414,4996
-7597,10669,722,12,-6226,16009
19240,24261,832,15,-5670,-3961
14611,25364,841,7,-4963,3555
9119,18910,732,6,12786,22851
22841,1166,734,10,1451,3664
4747,-2451,831,3,4747,-2451
15457,22578,727,14,15457,22578
21818,19313,830,13,21522,17540
13815,16745,704,4,13543,19782
379,6351,706,12,-812,9843
11531,26240,831,7,1239,-11446
18307,-7860,746,6,-5775,14488
2252,22318,840,10,-4782,2821
29004,5001,723,8,-7251,-7245
-11963,14088,715,13,807,-14543
-330,7207,730,11,464,17264
-1185,-6379,730,7,-7847,10004
17237,22857,835,14,7946,10272
10494,18682,836,3,10494,18682
16020,22373,746,7,16370,22535
27707,11646,718,0,-7303,8997
19643,17484,835,2,19936,18681
11614,88,716,12,8184,969
23119,1434,741,1,1134,17988
27597,11709,708,0,-8447,6475
-935,15772,840,8,-2477,4560
20880,21125,827,9,19383,20720
11239,22372,837,9,7457,3473
26023,-3958,707,9,6195,-14182
8308,23160,838,8,4072,20670
3890,16871,721,14,3890,16871
12424,-14361,718,7,-8398,-6040
10127,-10479,831,1,274,-6983
18602,22718,834,12,10973,19269
27306,1578,711,4,-8417,-35
-7192,-7723,727,12,-12238,1183
14348,23694,824,14,10339,444
8294,675,745,4,4770,20742
15307,16743,835,3,15307,16743
-635,11523,710,14,-635,11523
23369,381,723,6,-2035,4711
27387,14012,710,0,3460,-14697
-2806,17864,834,4,-4392,-1488
13802,24229,832,5,1045,9906
8716,9916,848,1,8257,13273
2943,10868,848,0,13260,23707
24148,-6159,713,9,204,-11537
17859,18535,730,11,17667,18979
14393,24553,846,6,7947,23358
3582,22929,723,15,-2772,11780
19206,24209,831,15,-5522,-3364
10174,20351,711,5,11421,21899
8701,23111,836,10,1816,16217
20912,-1073,746,4,-1105,12082
28047,10134,721,0,-5574,17039
11174,21207,709,9,12541,22505
-2265,-4485,836,3,-2265,-4485
8860,19898,847,10,4986,10606
15019,-7730,739,4,-2271,19666
5062,20751,747,15,4105,5304
6092,18825,831,10,4170,7645
12828,-737,704,14,12828,-737
14460,24486,849,10,8798,23604
-12058,13865,707,15,6514,-15187
25037,4562,722,1,-988,14342
-4282,-8375,728,12,-10106,-609
11030,-9413,829,1,1829,-6541
10061,24219,734,15,3933,19412
15482,22922,827,5,7782,15816
15203,24790,832,9,1946,19586
13655,25070,849,9,-3588,7981
-2394,22512,729,15,-7564,-1229
3248,11211,728,9,4995,19556
-8761,14877,711,13,-844,-9359
21680,354,825,2,4731,5421
10781,22271,832,10,5748,17423
28342,11932,727,2,-9463,-2707
11331,25190,832,5,117,-3502
26587,12820,716,0,1879,1055
22414,4530,846,2,11577,6539
13074,24395,827,9,313,12404
29165,7301,726,3,-8613,-4977
11802,-14957,720,7,-9354,-5558
4381,11230,832,1,4857,15286
2132,-8513,726,9,-7135,14468
17545,22809,831,7,10533,18938
14318,22127,743,5,15039,22552
16254,22564,742,14,16012,22438
-7979,-5679,724,14,-7979,-5679
3346,-6680,706,7,-6178,5003
18810,23130,838,13,8239,4064
13053,26102,832,7,-5670,-3961
27740,13019,722,0,-6594,-3770
9441,12362,715,11,8525,15761
15923,22380,745,7,16273,22543
12251,-239,825,2,4348,16001
-3885,1847,728,5,-3224,17868
-7048,7074,729,7,-3398,19125
27396,11892,710,0,-6064,5004
12825,21353,734,9,13835,22224
-5893,6543,735,12,-5893,6543
26887,9234,706,3,7151,-4559
5883,-9560,715,11,-7509,4297
10520,16165,735,8,12788,21542
23965,-3252,748,8,-5185,15547
15622,23561,824,12,4724,9920
22060,1659,824,0,4229,10346
7325,16821,707,11,8242,19655
5246,15089,724,11,6645,19406
22614,-642,706,4,-4221,9385
-2743,-5195,716,11,-7758,12329
7772,2697,840,2,7153,19710
19569,23453,834,15,1761,9602
18835,24244,834,13,-697,-7282
-4125,20311,829,10,-3433,-8871
7204,5091,722,4,6474,21162
27966,9972,713,2,-8227,10234
27858,8395,745,0,10,20730
28592,2979,724,4,-8424,-4371
16699,23345,837,11,7404,17775
4926,12368,716,5,5487,18082
26317,2578,730,3,-4124,14474
23598,260,720,4,-3861,8936
27374,9820,746,2,-1039,10357
-8041,171,748,11,-7715,13847
25620,256,715,4,-7173,5787
21331,20404,840,4,20972,20256
4491,20486,722,15,1935,10080
27732,6862,748,2,166,19617
8192,17580,706,9,9573,20736
-11034,10751,707,13,3965,-12699
28247,39,732,10,-10976,803
13716,24039,834,4,10247,23290
22285,19963,849,8,22164,19876
19187,20918,825,5,16995,19069
26044,-3145,741,4,-9731,8956
1653,20675,732,13,-2093,8076
-10809,8888,739,14,-9473,134
21561,20859,831,11,20309,20456
8740,-13597,736,9,-10317,2305
-6019,10316,744,11,-2609,18613
15323,-7527,742,10,-3545,17268
12148,20153,841,9,12184,5759
4405,12277,831,8,5506,5089
8833,18966,709,11,10001,20949
-1154,16590,730,12,381,19460
22081,20622,835,11,21111,20357
19729,21986,837,11,15810,20870
10480,-13925,742,9,-10298,669
28509,11320,735,2,-7832,-2095
26695,8984,708,3,6211,-2926
28995,8492,727,1,-9463,-2707
5763,8500,744,6,7161,20629
-7130,3974,728,5,-3168,20025
28595,10435,714,3,11900,-14098
4566,19776,737,14,3512,17850
8180,22838,728,13,4386,18759
10385,25618,826,11,3618,-7824
1385,-11288,703,14,1385,-11288
18050,22664,838,11,11567,19680
18673,-6880,831,2,-3526,13129
16110,22536,835,9,9298,17083
5200,6710,746,9,3529,14565
-1875,11951,730,11,1415,20419
9676,18096,717,6,12187,22111
10493,25580,824,5,-698,-4900
4867,21613,835,6,-1094,5457
14094,21331,830,6,10897,18206
28036,3099,709,6,1228,-10718
17501,20648,830,5,14918,16417
1681,12208,709,12,1763,14959
9124,12914,708,1,11241,22199
24670,8746,727,3,7364,6290
17098,-3007,728,8,802,19949
10034,17234,723,8,12934,22267
16513,24912,840,12,-5538,6386
-1043,23956,730,15,-9927,1660
13667,20674,824,10,11029,17637
20068,23709,849,13,-6992,-833
27500,13234,703,2,5639,-12498
-7253,15722,827,6,7833,-13524
16084,-13343,734,11,90,-12106
15551,24699,827,11,1611,18218
962,21015,840,4,-5538,6386
7710,25138,746,15,-2597,15488
28169,7665,711,3,-2529,-5773
22326,21012,832,15,19762,20644
12838,25291,836,9,-4777,8112
-4599,12946,839,8,-3512,-1806
-1520,23112,725,15,-8352,1142
17156,-125,733,9,4360,3687
23628,2574,730,4,-389,7598
15211,8555,705,0,10610,21624
22421,20545,837,12,21477,20198
8274,23424,730,15,3213,18256
12991,3761,716,4,5067,17626
-3512,-1806,839,3,-3512,-1806
15201,20751,832,3,15201,20751
28858,5364,713,4,801,-13034
13190,22447,734,7,13821,22721
11797,19714,737,10,14107,22273
-4612,9749,745,9,10,20730
12574,21779,729,14,12574,21779
13661,20813,743,8,15929,22602
18311,21847,848,6,16029,21138
733,18559,728,13,-14,5024
19337,23618,843,14,6404,22086
13684,-648,730,7,5086,2814
17103,24170,826,5,8264,22663
23860,-1731,712,10,-6197,6386
10086,17993,707,8,12612,22312
13537,3119,705,10,3629,15130
2779,25153,738,13,-9062,8563
5426,23861,745,13,-2830,11774
7642,20226,824,6,4229,10346
28158,10996,705,3,16537,-11939
15159,23582,831,5,4741,14979
14048,-9897,703,11,-3575,-4597
15418,2433,725,8,4474,17773
12560,19409,740,1,15639,22625
29180,9116,739,1,-2613,-10983
15770,23339,835,7,5341,13390
-4858,16467,825,6,5693,-11007
3096,17480,740,11,5238,20605
13260,1541,847,1,9512,3488
9573,21445,829,11,14512,73
25731,-5289,712,9,3140,-14278
23697,-5775,744,6,-8924,7617
-9368,2678,728,14,-9368,2678
-7960,12589,739,14,-8166,5469
9501,22091,824,9,8063,1527
21353,21050,831,7,19682,20655
4110,18673,745,11,6324,21316
-1769,21751,840,10,-5517,-5711
28834,9181,711,3,3239,-14357
20682,-1845,705,10,-3593,9687
25983,9488,737,2,2886,11976
20137,23558,844,13,-5403,10958
27658,4934,740,1,-5621,10060
24892,-5736,712,9,1344,-12914
27914,8492,746,2,-2942,15953
27281,13830,708,0,3600,-11907
1111,7534,713,11,920,16076
19979,19971,830,2,20763,20476
22589,-1012,715,6,-3631,5953
16649,15819,733,2,15706,20319
12578,21710,720,9,13841,22676
4123,23403,720,13,-2128,16098
-207,20946,847,8,-6476,11026
15532,-5840,831,0,3159,20958
26181,9592,712,1,5302,633
16745,24713,824,14,-2540,12202
19204,23641,826,15,912,11210
-1847,17958,733,14,-1847,17958
-9987,-828,748,12,-9987,-828
17988,24630,826,13,4948,-10753
8526,25951,834,9,2842,-11414
4930,22915,845,6,-3621,5022
906,19289,722,15,442,3791
15400,24402,834,11,1393,15442
13765,10297,849,0,14232,19075
26625,-1171,739,4,-8668,4528
668,10266,717,7,1639,17270
1102,3525,845,3,1102,3525
-296,22434,745,14,-2960,19623
8617,-5666,708,7,-2221,1874
24902,8541,722,0,3907,18406
28810,8971,712,3,1763,-13425
-3525,-9334,728,12,-9894,-1748
1527,24694,739,13,-8668,4528
-724,12558,839,1,1625,18195
22558,1235,827,0,3669,10046
11767,20415,734,5,12662,21491
4136,16455,738,7,5441,19087
16022,9160,737,3,10242,17278
16953,24892,838,14,-5626,1611
11970,3804,846,1,9147,6408
21401,20092,838,1,21538,20157
10224,11386,716,9,8597,15901
12856,22522,829,12,14096,1199
-62,16754,743,12,-62,16754
20261,23363,846,13,-1804,13282
1428,-3478,732,10,3327,23709
998,274,720,14,998,274
27093,9093,713,2,-3492,13006
3271,22900,737,13,-3163,7329
27392,11351,712,0,-6395,9054
5198,-13644,730,11,-11234,5253
26515,8503,727,2,-125,16217
14658,-8345,721,9,-6007,2733
14419,16989,714,8,14292,20052
13044,25352,847,9,-5270,4153
9444,20586,829,4,6153,16072
11334,19736,837,8,9567,17408
28732,66,728,6,-10757,-4592
27606,13269,707,2,6283,-13915
26749,6332,738,2,792,19260
8133,9313,742,4,8693,20545
6706,18097,824,8,4968,13756
22655,20753,833,15,21148,20360
28243,8687,741,0,-1889,20060
21048,-1201,747,1,3319,21329
21016,20251,836,1,21183,20332
2935,20314,734,14,1542,18094
14030,23255,828,5,4814,11210
-4461,17112,838,8,-7738,2665
20730,21593,828,14,17834,20568
5204,-9395,714,9,-8097,10948
-213,17250,738,12,-213,17250
14226,23233,713,13,13027,22579
21062,-9220,721,7,3433,-12408
2588,-10650,732,5,-9270,10893
13960,23614,825,11,4261,10688
28899,9162,722,1,-7474,-7513
10988,-4849,719,7,-112,1128
-5839,-1524,744,7,-7882,9429
2400,24527,740,13,-7645,6396
9284,5008,844,2,8689,19026
25484,8092,712,2,762,15749
5382,23878,849,10,-5224,9405
20241,-4924,723,6,-5110,13290
18622,24368,824,15,-2107,-4462
16302,22339,825,9,11086,18134
20173,-2013,733,6,-2203,12076
11939,21388,710,5,12972,22373
14413,22027,734,9,15244,22514
19221,24173,839,13,-4902,-6510
28261,3990,707,6,4474,-12154
-6275,-9885,745,7,-12269,4610
19530,23931,836,15,-3767,-97
12205,22285,737,7,12923,22734
16662,23081,847,14,9512,3488
-6993,-4158,748,7,-9700,8615
2169,-11582,738,11,-8770,711
18277,-5351,733,6,-3484,15896
16780,-7023,705,5,-941,-4109
24390,-667,707,10,-5424,3606
-11821,13400,712,13,1390,-14083
25178,-994,718,4,-7303,8997
27628,-600,830,2,1619,-7179
26626,7750,732,1,-380,6938
13959,22476,733,12,14336,22697
9272,21289,830,4,5407,16887
29499,7045,729,3,-11122,-3277
-7606,-444,719,12,-9653,7000
24624,3785,729,8,-375,7126
3488,-11412,710,12,-4169,-7485
4834,12168,836,6,12561,441
25100,-5326,711,9,2519,-13038
19691,17177,744,2,18205,18898
8862,23352,849,6,-381,13262
16943,4434,735,1,7338,19106
10887,26326,827,7,3880,-12421
466,12213,715,15,9359,76
19365,24014,834,15,-4392,-1488
28771,7149,713,4,9507,-13826
24906,6685,709,6,11461,-806
17140,-3141,736,10,-1712,12785
19416,24089,841,13,-6111,-4847
22110,980,830,0,3742,11111
2710,20093,828,6,169,1395
-5801,11857,830,4,1810,-8598
28860,4141,727,8,-9463,-2707
4975,13125,829,10,9930,2012
-5810,8457,824,4,5470,-9484
13403,10519,725,0,13174,22342
18888,1363,706,7,12035,179
1441,-10770,845,1,-7975,-1116
24903,1499,729,4,-3550,7186
-10674,237,741,14,-4763,-8357
9719,26486,825,5,-14,-11446
26409,12844,732,0,4236,4878
1516,22441,733,15,-4372,6400
4656,10064,704,11,3994,15700
3290,2146,708,7,-631,10444
29071,8291,712,3,-3273,-12114
22007,-844,835,2,2820,5885
26762,8221,745,0,2141,19144
7539,-6926,719,6,-867,21012
12882,-7638,713,5,-3697,680
6064,24333,842,6,-5721,9500
23533,-8549,747,6,-11235,11741
7795,25868,738,13,-2049,20492
13702,25178,836,7,-2246,1310
29098,10662,746,2,-12175,5695
16375,22717,745,14,16113,22608
28452,205,743,10,-6499,-6727
29230,8310,720,3,-4141,-11668
-853,7331,731,11,247,17509
10375,23834,722,15,6474,21162
3786,26,717,5,-1594,12202
15786,22205,744,11,16209,22434
16976,-10759,712,7,-1178,-9351
15119,25332,836,12,-2265,-4485
20227,-6217,703,5,2629,-8052
27884,-79,826,2,4132,-8541
28159,11148,741,0,-6652,9879
15315,25103,848,7,-4568,5941
20550,-11152,714,5,-5031,-10737
26085,-4347,742,6,-10296,2453
14864,25783,840,7,-8743,5217
17688,17949,713,6,17022,18934
6204,17711,726,12,6803,19157
11162,19018,717,8,13781,22465
28331,12067,720,2,-9354,-5558
20071,20940,843,6,19127,20502
22210,-4281,722,6,-6934,10847
-1405,11733,725,12,-937,15387
16836,24574,840,7,1673,19467
7121,-408,748,9,376,9811
5778,13458,840,4,7952,4569
27790,9071,706,3,4706,-7594
28589,4488,717,4,-3132,-9310
27641,-763,733,10,-10720,3659
16532,23472,842,7,4830,15047
22623,20629,826,15,21302,20217
24967,-845,733,4,-6217,11288
-4690,8645,743,5,-1285,18132
16249,16483,827,2,17138,19098
4010,-13130,714,12,-4577,-9259
10522,18355,738,14,10325,17393
19598,-9795,711,5,-3208,-8776
-3641,3608,741,9,-1877,17415
18537,-10216,724,9,-8192,-2021
26039,9879,713,3,10175,-475
20723,4524,747,0,10091,22647
7781,-11068,731,5,-9030,6351
14030,22592,720,14,14030,22592
21162,22084,849,13,11278,19094
13999,8627,715,10,8525,15761
6934,25396,723,13,453,22052
17470,-5889,732,3,3327,23709
55,14455,843,1,2832,19392
28940,3537,706,6,2600,-14822
28761,3669,723,6,1118,-12042
21686,19941,834,1,21805,20002
9128,19350,705,9,10610,21624
7758,23002,845,6,-977,11149
-5464,12718,834,4,1204,-8104
17808,-961,725,8,1286,18127
26514,9993,704,1,6501,-3043
21395,4403,707,3,2406,13114
6098,13681,703,6,8607,21543
21178,-1899,705,9,5760,-4435
28514,8709,705,3,1688,-11790
-674,-4792,834,3,-674,-4792
24305,-1292,828,0,-1649,10600
17321,24570,843,14,-3288,3865
20381,20008,826,11,19386,18627
27365,11969,709,0,-5957,4307
21462,-9169,704,11,2550,-12792
15202,25650,842,7,-8689,7038
8651,-14723,706,14,8651,-14723
-5915,12112,742,5,-1231,20668
8022,15886,703,6,10276,21606
12107,4439,714,4,5223,17739
25243,4707,829,0,9138,3685
13757,22777,837,7,7975,5618
10570,21215,840,9,10998,2135
26801,6581,717,1,-3781,7163
8186,23273,709,15,4104,19126
15022,24735,824,11,57,16172
-6303,2061,731,9,-2055,21011
3955,16854,745,14,3430,14299
22824,-3570,736,10,-5901,7288
-24,18741,830,10,77,-1647
19584,23294,848,11,13260,23707
23681,-598,729,10,-3985,8036
18114,1036,710,7,10892,478
13637,22873,729,14,13637,22873
4622,-7930,745,6,-571,21805
9158,18380,736,4,12779,22680
22014,-717,716,10,-3086,8051
26790,-1136,729,6,-9110,2311
-70,1961,829,3,-70,1961
19661,22795,848,13,7038,6730
30062,4009,836,0,3437,-13584
16498,23181,843,11,6335,15550
13433,25606,841,11,-4325,-1702
17678,23990,831,5,9512,23105
14064,25960,845,7,-5960,-5984
22019,921,718,8,-1493,12643
-2562,16627,846,8,-5165,3395
16754,24380,836,11,3457,20203
15015,19946,845,8,13763,18786
23513,3725,832,2,11016,3713
28502,3232,731,8,-10086,2597
-10636,-2048,733,12,-12633,7380
-7607,12580,846,8,-5315,-5824
19180,20262,848,1,19494,20467
-7031,3950,713,12,-7737,10166
15374,24668,832,7,-64,14247
21241,20659,830,6,20763,20476
17840,23550,824,15,11060,1111
16914,199,709,6,465,11752
3325,-1440,731,11,-2461,11039
15589,24909,849,7,-3588,7981
678,2101,844,2,7336,23155
28839,5972,730,3,-9720,3410
3305,22797,722,15,-2878,11275
-6055,4317,705,14,-6055,4317
22139,20516,847,11,21017,20143
10144,23647,845,8,6224,22019
27646,11541,707,2,-5476,-1811
24071,-7864,709,11,6296,-14934
11170,20361,825,4,8734,17073
28337,10141,735,2,-7465,6974
23497,-6131,740,6,-9330,7860
13455,25059,842,5,-3196,2897
15543,24379,835,11,1597,15829
14875,25213,832,11,-3322,13738
16850,-10052,724,9,-8079,295
5328,10084,712,9,4942,17364
24877,-5425,719,5,6532,-13283
4729,13201,825,6,10826,1267
-4237,18027,727,14,-4237,18027
28642,6976,704,6,16722,-12078
-70,14507,746,11,2385,19399
28095,13075,738,0,-3773,-8692
26546,-254,735,4,-7193,2263
16110,-13191,723,11,-7350,-6916
13505,-4559,742,6,-1403,15784
24072,-3611,716,6,-8683,7207
-2206,1423,742,9,-2892,15972
28510,1874,719,6,-4524,-9569
26452,-1331,742,4,-8550,5732
28240,10384,734,2,-6725,4621
20304,23211,847,13,-707,12213
3555,10641,719,7,3630,16369
-8459,-7784,725,14,-8459,-7784
10958,20953,705,9,12297,22332
-468,-12965,727,14,-468,-12965
7513,5365,740,10,5843,19427
19958,1281,744,1,4054,19433
27197,2095,725,1,-4247,18850
-9301,15898,719,15,4649,-13071
12513,-2823,847,2,3514,17481
21680,21025,832,14,19968,20421
-41,21140,829,10,-4350,-840
21731,1106,747,1,3170,19549
10582,-9892,712,5,-7011,1960
-5975,11570,743,7,-2932,18221
28848,4913,708,10,5673,-14392
-5036,7366,736,5,-2773,17597
-513,-12452,739,7,-10079,-779
29648,879,829,2,7430,-14412
20155,-9032,712,5,-1973,-9122
21356,20219,835,3,21356,20219
2704,9810,720,11,2970,16897
10273,2508,728,10,4386,18759
14833,2361,741,3,6019,19585
17665,22600,839,7,10361,18080
11280,21416,708,5,12424,22483
39,3696,726,5,-886,16302
17575,-2350,729,4,-230,17363
-6161,12533,745,9,451,22420
25012,-4681,746,10,-9371,7886
20838,-10020,726,11,-962,-11219
9412,25179,824,5,4214,-6898
2600,-14822,706,14,2600,-14822
19884,22788,833,13,8535,16969
9661,22104,826,10,4489,16285
2636,-12203,722,14,2636,-12203
13472,-12375,705,12,5744,-13086
17143,24245,841,5,5795,21763
2383,17874,715,13,2201,7523
1085,-186,825,3,1085,-186
-5841,20938,726,13,-9070,-4198
-8621,11615,740,14,-8443,4062
-3622,19760,711,15,-3596,-2378
13434,-3023,838,2,2560,16206
12983,24186,835,9,360,8993
13877,4757,832,0,9826,18170
9159,13856,728,4,11102,21391
18938,17787,748,8,18318,18940
-2670,11027,714,14,-2670,11027
26492,6782,706,8,5247,-4166
28694,9431,708,3,5673,-14392
19132,19180,844,0,20477,20308
23977,331,825,0,994,8660
11314,21158,705,5,12375,22243
7258,19553,705,11,8923,21692
6272,7245,744,6,6594,20058
-2728,17600,843,4,-3615,-2705
19926,23533,845,13,-3621,5022
27116,10717,739,2,742,5920
11896,-9853,710,5,-6496,438
23712,-7860,722,11,4822,-13949
14057,25465,843,7,-3615,-2705
-6084,10715,831,4,3205,-9388
17772,20282,831,1,18108,20564
18778,23296,843,12,7858,20222
11352,-11967,829,1,560,-9355
17930,18631,733,7,17772,19023
19170,23140,841,13,6811,4626
26186,12772,705,2,7728,-1106
13201,22938,728,15,11102,21391
15548,22244,743,5,16104,22524
27537,4643,728,1,-5744,14620
-1697,21897,709,13,-7699,7328
25208,3259,729,1,-819,17167
20330,-1554,733,4,-1471,15355
7824,21876,838,4,2560,16206
26977,3536,709,4,-2620,-3614
25884,6963,704,1,-1591,5935
27859,13024,713,2,1230,-13857
14212,21867,746,5,15010,22335
16257,24551,832,11,3051,19750
3555,16150,742,14,3198,13467
20527,-2070,711,6,-3428,9097
19266,24066,833,15,-2682,-2137
7856,5874,838,3,7856,5874
5133,22273,713,13,920,16076
23225,20324,845,15,21964,19991
18058,22873,830,15,13709,4366
-5337,4896,848,3,-5337,4896
28703,557,824,2,6446,-11224
13282,-10216,705,5,-6407,-1652
25794,9507,723,0,2008,16446
13336,-944,727,10,1649,17490
13037,22578,848,11,9733,2600
11247,18895,746,14,11013,18017
28455,7376,704,8,6624,-13197
-6439,13531,832,8,-5975,-2549
4778,8514,825,6,15499,-341
28679,7725,716,3,-4713,-6428
14892,19568,724,7,15100,20257
-2532,21359,825,6,-2982,-8109
19039,24362,841,13,-1814,-9630
3067,19407,829,8,-516,12834
13178,475,834,3,13178,475
14576,23361,829,11,4869,11545
14795,24217,833,5,1648,14276
7400,25656,739,13,-2568,19379
6313,-6369,724,9,-5147,11271
19636,-5189,722,10,-4861,15037
4825,16043,714,12,5223,17739
17283,23449,831,14,4983,12174
14129,25770,845,7,-5186,-4417
12720,22794,842,10,7770,19560
6697,24357,849,10,-4562,12815
43,17700,725,13,483,3624
11330,23855,848,8,7853,22725
26245,7163,720,3,840,2854
-4313,17226,733,14,-4313,17226
12348,10951,726,0,13523,22628
16786,22763,831,7,9241,16952
18256,-2688,703,11,6951,-3272
28299,8884,734,0,-3501,19039
25254,1946,718,10,-1534,690
19139,23655,829,15,1840,7335
-4926,14446,748,7,-1347,19946
-4737,21764,731,15,-5391,-8036
25772,-4291,713,5,10028,-13723
14055,-7348,710,9,-4681,2405
-11490,8256,704,13,6624,-13197
21031,-10341,714,11,-151,-12583
12531,-10922,829,1,2497,-9029
-176,-13004,746,9,-11517,10896
24889,-6626,714,9,-635,-13204
14773,24548,826,14,6688,-4122
14291,22737,732,13,12854,21742
23995,8027,717,8,9081,4422
15522,21733,849,4,13258,20502
-9698,17108,713,15,1833,-13716
2416,-7329,730,9,-6046,14572
18702,24588,827,15,-1768,-10277
20349,22405,829,15,10762,18082
25897,8258,738,0,2731,17991
-4903,-2709,845,1,-7920,8797
23120,-4240,738,10,-6896,7702
12167,26325,829,11,-5729,-4781
17948,24292,847,14,-3357,8746
-2139,-9760,714,14,-2139,-9760
20624,20197,838,1,20809,20284
28233,9756,742,0,-3265,17785
929,-6624,737,5,-6917,6938
27698,9266,704,1,213,-6226
25800,8332,745,1,5136,5417
-757,20703,838,4,-6955,3650
17269,21578,826,9,13496,18265
-7345,-1696,833,3,-7345,-1696
22343,21052,845,13,19266,20481
28607,7295,712,3,-5466,-6029
2821,8488,844,1,2703,13773
28972,5140,715,4,-693,-12972
20205,-2822,706,6,-4221,9385
28155,900,728,4,-11204,3260
-8345,7032,742,12,-8345,7032
12627,20775,727,6,14785,22648
27335,6232,707,3,-3940,487
13215,25628,840,11,-3919,-2471
11354,13503,840,0,15045,20993
-3172,10190,742,12,-3172,10190
2242,25312,744,13,-10085,5959
-5714,18111,735,14,-7903,12855
19732,23878,840,13,-7110,5374
13125,22136,738,9,14264,22781
13572,6701,717,2,10763,22378
23350,1244,824,2,6678,2761
28033,-887,724,6,-11257,-1650
22641,20715,842,13,20680,20219
-2838,7905,708,14,-2838,7905
-240,20086,711,15,-2152,4102
-3973,12344,706,15,7151,-4559
-9732,12956,748,12,-9732,12956
6245,22263,837,4,-142,15180
28699,6626,706,6,15320,-12684
17316,-11029,717,7,-1175,-9398
14280,21631,846,7,11577,6539
20231,23268,835,13,3158,19943
27930,11870,728,0,-8079,8531
2565,23643,746,14,191,21804
-2658,7955,837,3,-2658,7955
26586,-3404,843,2,-5307,-937
10389,1555,843,2,6658,18202
13878,24357,827,7,1053,7562
-3474,-11434,717,14,-3474,-11434
28430,10703,707,1,7186,-14958
12704,21690,730,7,13727,22409
23510,3561,717,6,3894,2250
7649,23096,706,15,3579,18546
15116,366,706,12,12035,179
28878,7094,710,8,4054,-14398
21571,20419,825,6,21238,20242
17920,23872,840,14,1782,13434
-5937,2857,730,5,-3220,19257
11108,22078,837,11,12414,786
27146,13995,705,0,6222,-12525
28222,2798,716,6,-429,-9951
28025,13233,735,0,-1542,-10663
-1926,22728,730,15,-7747,-276
15639,23567,834,7,4896,13636
7315,24655,729,15,112,19183
28317,4727,719,8,-5888,-4777
21067,21221,841,7,18954,20527
-3242,11621,744,11,-497,18454
17428,22831,830,7,10390,18818
-7026,2264,722,14,-7026,2264
22227,-920,832,2,2559,5406
21644,20916,836,7,20046,20570
28162,3502,718,8,-8354,-1050
20955,22931,842,13,6744,22930
12351,20437,742,9,13463,21621
463,-2307,847,1,-3744,6440
1703,13520,832,1,3290,17865
7084,8818,849,3,7084,8818
2829,11950,726,11,4058,18334
-6441,2742,735,9,-4164,18263
27175,11912,715,2,-470,-894
27470,12961,711,0,-4320,-4545
27428,3040,739,1,-5446,14670
13643,18712,844,3,13643,18712
19791,22765,827,15,8716,16291
-7581,11382,732,14,-7581,11382
28722,5678,731,3,-9598,5394
21473,20946,834,11,19908,20594
-6211,16678,842,4,-3927,-8466
14069,-3850,835,2,1597,15829
-7548,3795,713,12,-8227,10234
10747,9840,704,9,7996,14147
6390,3834,739,12,6390,3834
5976,13965,842,4,7672,5094
-4161,12777,839,8,-2937,-1592
18350,-3897,705,11,5760,-4435
12263,4013,727,1,8605,21956
17454,-178,728,8,1838,17763
2550,11456,722,7,3317,17428
26172,10427,718,1,8567,158
17839,-558,826,0,4489,16285
1249,25373,744,15,-8244,-3306
25392,-6611,716,9,-228,-14065
16679,24785,838,14,-2176,470
-2417,20058,707,15,-3940,487
20463,19837,830,9,19613,18684
28106,726,734,4,-7929,-3441
19290,884,839,0,5523,15099
25641,-2436,837,2,-1869,-466
-241,-498,846,1,-3415,8087
28141,4140,704,6,5430,-12076
-7824,6156,728,7,-4207,18967
26964,4976,706,8,-1469,-3564
26868,-580,828,2,2008,-5231
-1978,22842,731,13,-9789,4304
18640,21538,838,5,14717,18945
1875,-9033,714,7,-8618,5575
20223,-6130,709,9,-1212,-5331
17145,4431,734,1,7203,18930
14486,-4619,836,2,761,15999
14689,8919,710,0,11280,21867
27343,13466,711,0,-443,-8676
4489,11880,715,11,4914,17420
5964,23314,730,13,464,17264
24758,-4199,836,2,-5098,3296
22428,20508,829,14,21490,20149
28445,9150,748,2,-5217,14288
18340,23383,829,15,9930,2012
10038,3143,732,4,5825,20225
1642,23585,744,14,-920,21530
10974,21867,708,14,10974,21867
-1139,-9259,737,7,-8508,1527
-588,2116,711,7,-2829,12826
11743,-14822,706,12,2686,-14891
8696,1501,747,11,3941,6444
-3151,21441,732,13,-8047,1171
8906,-13121,836,1,-2791,-8709
24167,5788,736,1,2857,11665
21014,22835,846,15,6846,21067
9259,19464,706,9,10744,21683
13778,-4014,731,6,-369,17830
13771,-10863,827,1,3927,-9781
14179,-8794,706,7,-975,-5261
3212,16218,743,7,4722,19175
28667,5794,731,3,-9154,5377
25938,1836,723,8,-5846,7672
17789,24464,840,14,-4344,10916
27851,10449,722,0,-5674,15810
-7007,8180,729,12,-6320,13997
13181,22072,826,5,8303,8105
16850,1406,711,4,1693,14228
423,22649,727,13,-6485,9147
12773,4802,725,8,6644,19039
12773,26236,829,7,-5729,-4781
22996,-7759,718,9,-3617,-9488
-2363,554,740,5,-4358,12930
-5722,8636,718,5,-1180,20733
-2951,23824,729,13,-12553,3569
-5005,18607,829,6,2912,-12192
25452,7623,740,3,6151,4089
22273,21004,825,15,20615,20562
9566,14702,716,3,12059,22077
5646,2874,740,12,5646,2874
28718,7857,711,4,13377,-13175
19875,21110,827,12,17138,19098
28269,4362,721,8,-6900,-3216
11057,4014,745,8,6787,19676
7455,22016,831,6,1104,11270
16307,24694,842,12,-3196,2897
-571,14949,737,11,1848,19849
-3870,-10043,736,7,-10875,2518
12444,25474,841,9,-4963,3555
24145,1236,717,3,-2456,16463
18822,17263,714,2,17056,18939
25125,8198,714,8,9750,886
19309,23156,840,13,5494,6410
6791,15625,849,4,6966,6999
19808,-5432,844,2,-2162,12192
-2678,11887,748,5,643,19563
11106,20021,741,9,12387,21527
26247,5300,740,3,-350,5734
18621,19581,828,2,19674,20483
29841,3457,829,0,2912,-12192
58,5315,730,5,33,17173
-5376,16348,723,14,-5376,16348
2599,-2173,704,12,-1292,1432
5881,-4917,732,5,-3976,9786
8457,1619,744,7,4444,5523
16399,23759,833,11,5689,18144
28474,4722,715,8,-5921,-5920
29275,920,828,2,6967,-13369
-5065,8025,737,5,-2494,18014
26907,5335,731,3,-3645,8351
4198,14720,733,7,5767,19260
-623,9167,705,14,-623,9167
18716,17468,727,1,17548,18962
11513,25842,825,7,325,-7299
15975,23550,837,5,5570,16696
28076,12772,730,0,-10681,-225
17036,24018,837,12,1645,13792
-5929,11200,828,4,2583,-8863
18445,-1972,741,3,2983,20644
11368,-364,717,6,1639,17270
22636,-5755,743,6,-7992,8669
29004,5619,706,10,9362,-15009
22127,6137,704,2,4654,19095
26692,-4534,705,5,11474,-15698
27436,-1963,734,6,-7543,-5156
23699,5335,830,2,13709,4366
2640,-16,715,11,-2226,11054
9812,16785,846,1,10814,18717
19204,21482,843,11,15215,19145
14518,-524,842,2,4830,15047
13443,24790,827,9,-1432,13169
19050,-3961,824,2,-1052,10269
-10681,-225,730,14,-10681,-225
1721,22082,835,6,-3441,-784
28486,1408,733,4,-11343,3108
8310,13489,849,3,8310,13489
23799,8286,729,0,7138,19630
3067,13522,716,9,5370,20300
8476,-1471,703,14,8476,-1471
8531,24720,824,9,2820,-4634
-853,14316,748,9,3570,21508
22159,-9499,716,5,-1612,-12445
-983,21244,848,4,-8000,2314
-2160,17051,740,12,-2160,17051
3637,-1994,720,12,-394,1642
21008,20466,844,8,20615,20408
10619,25506,833,9,-2682,-2137
5629,15247,728,5,7273,19926
28228,4903,710,4,-38,-9868
13519,20326,746,3,16201,22602
26153,5383,705,4,4062,-3910
15062,-12476,727,5,-9293,-1955
12246,3442,741,5,7402,7229
-4983,-9813,720,14,-4983,-9813
19377,22041,848,7,14338,20002
24141,-2842,705,6,-7899,4186
-1405,-10263,735,11,-9913,3608
-9619,1314,739,12,-9619,1314
26523,1880,728,8,-6661,7808
28866,5326,746,1,-8701,9250
15946,25323,841,12,-5822,-3873
18872,-5045,738,8,-2189,18412
12918,8877,835,0,12499,19129
19519,19583,839,2,20491,20295
8300,23040,704,15,4654,19095
29408,6610,736,1,-11539,1319
-4796,-8790,719,14,-4796,-8790
7412,7369,840,8,11580,2490
8828,25976,835,9,1985,-11011
-1977,10613,738,11,-213,17250
1282,13680,705,14,1282,13680
21385,20597,831,10,21029,20424
26051,9071,723,3,7018,1077
28385,4766,721,8,-6083,-4561
-1260,24228,745,13,-7853,-4722
15043,24715,826,5,1328,17879
14899,-449,708,12,11559,-583
21484,-4093,744,4,-4359,14158
27035,9116,726,0,210,19455
16982,-9539,740,6,-6470,16019
29449,4909,735,3,-11410,72
24473,-7159,703,7,10855,-14785
28400,12433,738,2,-1689,-11463
25727,4222,724,8,-1316,3757
10800,10045,723,2,12932,22781
22679,20467,840,14,21661,20132
14103,23936,744,15,10585,22451
21838,20096,844,3,21838,20096
-5163,3670,826,8,4131,-8829
-6140,-2039,736,5,-7644,13527
14094,10497,745,8,10951,17927
734,23478,716,13,-7223,12166
-3191,-2466,728,9,-3924,18457
14916,20940,839,3,14916,20940
27997,3227,726,8,-8554,2007
-1995,13868,827,3,-1995,13868
24026,1977,746,1,649,17768
22564,20672,825,15,21238,20242
18076,22513,843,7,10943,18534
19907,17143,840,0,20243,18707
28057,13097,727,2,-468,-12965
13996,-1819,738,8,2578,19055
25899,8392,741,1,4995,4636
12540,-11876,718,7,-5819,-4931
-11901,-491,704,15,19426,-11176
9607,22726,843,8,6045,20545
18714,409,726,9,6157,1759
2612,8511,714,7,2066,15182
13410,4845,847,0,10665,19072
12280,23054,745,13,8880,20186
11158,22751,828,11,9336,1237
20071,23410,830,15,1664,18434
26102,-15,728,3,-3924,18457
19199,23604,835,15,3422,-864
14668,9270,730,8,9793,17606
14446,-13581,711,14,14446,-13581
6010,21008,828,10,1004,9974
14127,25365,841,7,-3515,793
27358,10333,735,0,-2678,12481
4462,12664,738,6,8490,22009
5662,22579,837,8,699,18423
-6064,5004,710,14,-6064,5004
17827,24291,839,12,1358,19133
27760,4228,706,4,-1320,-7611
21362,22615,843,13,12279,23650
29272,6959,740,1,-10045,997
28545,9961,704,3,9522,-14635
24339,292,733,4,-3920,10405
28392,11952,736,0,-10317,2305
18929,17769,747,8,18294,18900
26003,12311,743,0,7159,7657
16450,23776,830,14,4231,7279
28548,11199,738,2,-8908,-131
4607,19576,742,15,5740,4597
28956,7549,716,3,-6039,-7757
8527,12039,713,10,9043,20298
27099,9007,748,0,1179,18348
28681,2013,719,6,-4255,-10375
13875,22831,725,15,12126,21561
13604,21945,723,11,14443,22522
28413,3338,745,3,-8137,9419
16010,21565,844,6,12939,19541
2027,-1467,717,9,-2776,14856
608,9281,714,13,9863,-364
9935,-12858,719,7,-7957,-2614
16257,23244,836,14,8084,5355
29089,5528,737,3,-8633,-1050
-6073,20940,720,15,-5310,-8823
26163,-3804,710,11,14192,-12962
6488,24836,742,13,-2892,15972
-3165,-119,710,9,-3711,17846
19095,-3846,825,0,1059,17514
25240,-3573,839,2,-4572,2090
-350,22759,729,13,-7643,7669
21625,-10240,704,7,3860,-14735
5290,22149,747,13,356,9397
7519,-9783,835,1,-1874,-4540
15827,18848,831,10,14996,16478
23314,20262,849,13,22121,19992
1027,6908,709,7,318,14741
4835,25943,742,15,-9104,9471
14885,24229,836,11,1291,11710
8642,26111,832,9,386,-11003
19696,23720,830,15,-1297,15390
29125,4172,740,8,-4957,-8416
27285,7985,743,2,-1152,16203
10074,-12526,739,9,-8983,1621
15225,23375,827,11,5734,14531
15971,25520,829,14,-5453,-5134
22628,19062,848,15,22143,17441
28593,8436,722,1,-7365,-2412
-3288,14794,711,13,1310,-1543
28705,1604,726,4,-11957,181
27544,10941,727,2,-4049,6796
23826,65,737,4,-2693,6528
14190,17651,714,6,14292,20052
23019,7690,742,0,8472,19818
8468,22264,841,10,1928,13849
-2311,-4783,716,11,-7223,12166
28475,10884,736,2,-8416,1796
17935,18862,736,12,17935,18862
2165,15462,836,3,2165,15462
4045,23852,728,13,-3236,15989
-8629,13192,735,14,-9221,6015
21167,-9150,706,12,15848,-12512
22401,20893,827,15,20837,20416
21587,21898,841,15,15174,21022
19099,23652,831,13,1029,9437
26568,12858,706,2,7125,-3363
24298,-1163,842,2,1669,2144
5218,-12939,830,3,5218,-12939
-4595,6662,849,3,-4595,6662
22710,-8275,707,5,1642,-13043
11492,10482,737,0,14153,22805
9007,17460,713,6,11658,22045
22150,-4157,735,6,-5893,6543
14058,7386,713,0,11671,22539
29242,7083,739,1,-9799,28
10083,17209,727,3,13655,22633
29691,2810,832,0,-151,-10248
27642,4262,708,3,-8447,6475
7220,25443,734,15,-3355,16732
25319,-256,738,8,-5821,8714
18047,-11706,740,9,-5373,-7402
16705,23958,846,5,4445,18716
17469,22624,848,9,10812,19187
3011,18921,841,1,5795,21763
24758,9180,721,3,8346,5100
3267,2057,744,7,381,8118
21104,22151,845,15,10669,18570
29213,4926,718,4,-2246,-12964
17170,20656,845,10,15413,19236
12014,13830,743,2,14704,22333
19674,20483,828,3,19674,20483
26439,8096,731,2,697,17581
26772,6523,705,8,4199,-5033
19192,23704,825,13,1813,15618
-8291,4546,739,12,-8291,4546
26695,-1186,727,6,-9145,2166
-186,16845,834,4,-866,1431
21365,20213,849,8,21132,20098
13679,-7929,705,7,-361,-3972
26951,2532,742,3,-5344,11316
18722,23742,826,15,3499,2789
17009,-3247,733,6,-1471,15355
-8689,10234,746,12,-8689,10234
11837,22446,729,12,12402,22799
25022,1173,720,10,-2905,2472
-5795,3253,736,9,-3571,18165
-1649,-3587,836,3,-1649,-3587
20718,-514,718,4,-1948,12455
-5874,12592,735,14,-5893,6543
1322,21931,744,11,4990,24116
-5723,-380,726,5,-4943,18074
-7970,-6023,724,14,-7970,-6023
18392,253,829,1,14512,73
22961,-5470,742,6,-8077,7890
-4626,-1405,718,7,-6672,13505
-9538,9152,735,14,-8220,1250
15108,-4519,717,5,516,150
28304,12495,733,2,-7299,-6675
9680,18888,706,10,12183,22429
12926,22815,848,4,9023,20936
20881,-654,710,10,-2336,8571
16523,-2211,733,4,671,18147
8129,1595,728,12,5038,3718
69,9079,713,12,-337,12518
16828,-399,723,4,969,16052
7272,-10671,707,7,-7162,-111
18178,24603,824,15,6699,-11824
3971,-13760,720,12,-5076,-9660
15510,1960,734,3,5149,19052
26519,2458,705,4,-4670,-1489
11365,25647,840,9,-4047,-1639
10838,18492,841,1,12030,19962
24343,2179,703,10,19,62
17518,24424,844,14,-3510,4309
2081,19345,737,14,815,16796
10478,22693,848,6,3406,15182
18745,23145,843,13,10904,1654
5020,17949,740,7,6409,20117
26139,641,709,8,-8062,7281
20967,21296,828,13,17211,19107
12654,22348,844,10,8022,18721
8309,22664,845,6,704,11962
20985,19612,843,0,21768,20135
28208,3190,744,3,-7882,9429
649,17768,746,12,649,17768
1495,7039,726,5,1480,17016
8282,-4150,724,5,-2647,7282
3814,22960,848,10,-5054,5168
28549,6499,714,8,1157,-10898
-2993,18917,830,6,2033,-9314
18542,24471,824,15,-1140,-7236
7425,-5063,828,2,2179,20157
28791,4846,744,1,-8784,11050
25748,1523,707,6,-1354,-2918
22143,18275,846,9,22085,17451
13052,25985,826,12,5427,-13028
-9437,17166,719,13,-4194,-10553
22424,7252,715,2,5355,17915
26104,13711,716,0,9051,221
24608,6347,741,2,4295,18782
5910,20697,705,13,3629,15130
-4996,-3100,742,7,-8077,7890
1231,23835,721,15,-7589,8778
28108,10272,746,0,-3850,15189
28028,4972,724,1,-7638,13169
26040,6556,705,4,7584,-3563
19672,23849,841,13,-6193,4018
12335,19538,732,3,15279,22674
8024,25826,745,15,-3685,17679
28698,4246,708,6,5348,-13786
19578,-1696,708,9,4754,-1952
19677,23659,842,13,-3196,2897
7549,19398,841,3,7549,19398
7797,26262,834,9,4184,-13015
8764,24076,736,13,2562,18819
24859,4921,841,0,9704,5380
1385,23845,718,13,-6672,13505
26597,12851,736,0,6738,1896
22389,18656,849,14,22165,17415
-2259,21732,719,15,-6248,-75
6254,22247,715,15,2196,15479
12517,10492,844,0,13787,19802
27786,13358,715,0,-5850,-9990
23579,3730,748,4,3848,5255
3851,-9067,730,5,-7847,10004
14251,-7542,747,8,540,22024
18441,-11863,730,9,-10775,-786
29145,8382,740,1,-5530,-6784
7122,19005,839,3,7122,19005
-12513,8644,707,13,6631,-14479
-6036,6554,742,5,-3265,17785
-3539,20449,826,10,-4016,-7132
12080,25838,832,7,632,-8380
7203,-9507,728,5,-7649,6890
9487,-9289,708,9,-7692,6581
5802,-14612,709,14,5802,-14612
12106,11859,732,0,14221,22680
544,1385,715,5,-2061,14656
15112,21097,719,13,14662,20167
22195,20587,847,11,20816,20361
22206,10796,713,0,8415,15477
28313,12260,738,0,-9188,-808
27098,13169,704,2,5937,-8099
4983,25486,723,15,-4912,17961
13414,23432,824,9,4111,12871
13460,19960,831,8,11972,18491
20097,-10676,712,7,1344,-12914
8554,-9462,721,9,-7589,8778
13614,-3629,739,6,-955,15234
13416,22119,724,11,14297,22705
14396,16046,707,3,13766,19882
29269,4826,711,10,5174,-15799
12111,13943,723,0,14443,22522
5724,10539,839,8,8089,4314
-2524,-2534,719,12,-6135,3356
29452,7908,734,1,-8109,-7389
11998,21786,729,9,13637,22873
26097,2603,705,4,-3317,-752
10846,26362,839,5,-184,-10845
7773,3138,837,1,4983,7203
29358,2785,746,3,-11517,10896
24904,-3826,704,9,5758,-12010
16160,-332,737,9,6452,2120
28419,11533,732,2,-10245,3525
12538,17063,738,2,15661,22426
17194,-11591,704,14,17194,-11591
8325,-14534,828,3,8325,-14534
28530,9459,709,1,-1961,-10612
6648,25521,736,13,-3571,18165
5278,23421,724,15,-1094,14996
21369,20104,846,3,21369,20104
29380,6465,732,3,-11529,1156
22057,20727,836,12,20670,20341
28216,11438,712,1,12545,-13327
25306,468,711,6,-3650,-542
27039,12035,736,0,1115,4580
20145,22047,826,13,13496,18265
19790,23337,839,13,546,10931
9222,10696,711,4,8760,20096
28232,12960,741,0,-5870,-7750
5533,4860,743,12,5533,4860
13159,-7855,712,5,-4018,109
10753,-12206,709,12,2748,-11606
6711,6170,708,6,5306,19710
-6099,614,825,8,5940,-11614
28268,1107,735,8,-10152,1281
26714,5753,838,0,12043,710
27489,7170,711,1,-4878,3039
15131,18529,824,10,14474,15908
13761,-8429,734,10,-3954,17635
3697,15820,708,7,5306,19710
-994,21426,713,13,-6221,7080
5909,24040,727,15,-1292,16443
-1043,-710,738,5,-4204,11335
16000,218,832,2,4693,13001
8446,2139,728,9,2126,12134
15874,14730,708,2,13840,19907
21554,19597,838,2,22032,19916
16210,24519,832,11,2229,19082
6993,17318,743,9,8855,20645
15133,1912,711,10,2733,14262
25231,3685,838,2,12043,710
4447,5751,716,9,2343,15779
11333,26198,834,9,-7703,-779
19922,23185,840,15,2200,8931
12917,21687,718,5,13892,22483
19336,23146,839,15,7104,4034
18470,23464,831,13,6641,3532
23928,4044,827,2,11883,2955
19460,23588,838,13,228,8529
5786,23312,718,15,-134,15861
8127,16885,727,4,12135,22718
20635,-3946,839,0,1625,18195
16635,-13028,720,7,-4565,-9845
20657,22316,829,13,13598,20515
-7344,-577,747,7,-8400,10987
7986,3736,843,2,7984,19721
1967,23760,745,14,-571,21805
18082,-6888,741,8,-1889,20060
10063,16914,734,12,10063,16914
15455,21510,744,6,16777,22407
15006,-7816,705,11,-941,-4109
28753,8374,709,4,16031,-13035
-5901,11407,832,4,2520,-9003
21944,20761,831,7,21029,20424
12550,-4603,723,11,122,1731
14531,22568,848,5,7130,8543
9634,25863,824,11,5360,-10286
2793,17803,731,15,4428,4578
19430,23945,828,15,-4049,11262
20743,22811,840,15,7153,19710
14314,25721,849,11,-6992,-833
15736,23250,733,15,14336,22697
5947,8845,828,8,9306,3459
15884,19622,739,5,16024,20172
2007,-11502,743,5,-9869,4403
16665,22990,747,15,15100,22335
19659,23671,831,15,-223,13779
13112,20290,835,8,11634,18765
19552,1786,718,9,8617,1451
4861,15896,747,9,7195,20481
14257,-3856,740,8,1323,19850
20741,21009,837,14,17847,19270
20698,20266,847,3,20698,20266
1456,20560,734,14,-228,18055
24913,6704,726,8,5486,3165
8303,8105,826,3,8303,8105
7181,-9467,717,5,-7644,5821
28650,597,846,0,-6161,1581
-11995,11508,711,13,3841,-14292
17720,23927,835,9,10485,23359
20894,19747,837,9,20056,18701
26269,-4370,745,10,-11143,5808
28578,9299,708,3,4748,-13207
15849,24495,840,5,1789,17532
18713,22414,831,11,13869,20614
3589,18956,837,4,242,8016
2033,22511,744,7,4990,24116
27646,8777,730,2,-2682,16812
12265,-5054,845,2,2036,18249
28641,7135,703,6,17377,-11761
15465,24600,836,11,-397,14718
28345,581,746,8,-10839,5241
23988,-6744,726,9,-2228,-10324
1042,6929,720,7,502,15072
25518,-3172,740,10,-8443,4062
20132,19530,847,2,21017,20143
28244,2768,827,0,1149,-3963
24235,-7225,703,7,10419,-14578
6358,24695,745,13,-2860,15021
14441,21458,845,10,11217,18741
9986,26050,829,9,-4505,-4933
14660,25211,835,7,-4809,7396
13168,25651,825,12,5358,-10390
26432,6379,705,8,4062,-3910
1270,14934,718,14,1270,14934
-4422,22015,731,15,-6000,-7274
16707,3937,721,3,5938,18579
10203,24765,747,15,2637,19627
28230,11807,730,2,-7747,-276
3072,19324,734,14,1995,17085
27540,13518,710,0,-1145,-11751
19858,-5480,745,10,-4803,13128
1413,22728,726,14,1413,22728
-9675,8235,734,14,-7934,272
10440,21970,719,12,11042,22450
13419,25786,844,9,-8022,7935
14661,-11190,722,5,-7534,-1787
28262,1375,726,4,-10745,1293
3301,-3320,718,7,-3834,7766
18534,23296,849,7,9241,21051
5133,14239,836,3,5133,14239
25970,4452,741,3,-1164,7971
3425,15691,719,5,5929,20736
2009,-5385,704,12,-2939,-1358
11773,7196,840,0,11881,19868
26247,-543,739,3,-5098,16947
12237,26206,831,11,-5105,-4834
2333,17007,725,14,2333,17007
-7288,11472,732,7,-1705,21322
17356,22519,828,7,10620,17958
14205,-6920,737,6,-2984,15786
17840,17833,714,4,17056,18939
-3566,-4029,839,3,-3566,-4029
16297,24596,831,5,3159,20958
3321,24612,724,13,-5170,16668
17207,24975,845,12,-8312,9605
230,-10624,723,12,-7160,-4795
20651,23341,848,15,-6275,11772
9389,26057,741,15,-965,21405
845,2332,733,12,-1514,6858
28357,4439,723,8,-7057,-2944
969,18298,838,4,-1665,3865
6718,-1475,707,9,-1595,11316
1859,5017,718,11,246,14380
9510,4482,712,8,5974,20311
375,-13677,713,14,375,-13677
8367,20514,830,10,4554,12365
-2542,-1753,737,9,-4984,14778
19639,23861,836,15,-5098,3296
20707,20672,847,11,18546,19391
27624,13174,717,0,-4699,-6240
12067,21529,724,14,12067,21529
18284,126,826,0,4805,15758
10,18350,721,15,1366,1778
19547,-10616,708,11,-1107,-11146
19693,23989,848,13,-6415,-4048
28802,3153,725,4,-8554,-5147
24597,3528,849,0,6966,6999
28785,8321,703,8,12208,-14638
21847,20911,835,14,20201,20359
13339,21136,838,4,10823,18917
25047,7121,733,2,3769,18946
12039,21797,719,12,12434,22164
5753,22913,720,15,429,15274
-7738,2665,838,3,-7738,2665
10905,-11891,706,7,-6240,-4091
10293,26262,826,5,-1692,-8659
21762,20368,840,4,21456,20248
18574,21109,832,12,15072,16557
4039,-8854,736,9,-7455,7738
16115,23526,838,5,5724,16956
15863,23290,845,9,6472,16628
25693,-3094,742,4,-9104,9471
-1477,-11366,726,12,-9041,-4566
25200,2803,748,3,-884,12919
29308,6249,733,3,-11343,3108
9662,22592,725,13,6798,19558
16347,24557,826,12,-1627,12661
26048,-2472,739,6,-6556,-990
22225,-92,743,8,-1292,12359
7712,22322,846,10,840,12426
5586,20952,747,15,3941,6444
22956,20564,840,13,21606,20228
-5459,1986,731,7,-4898,16229
-255,19833,845,4,-5040,2635
2053,5558,826,1,912,11210
28221,12245,724,2,-8719,-5697
12456,8308,716,1,9456,20570
15554,24614,834,7,-804,13763
8294,18024,705,5,9432,20653
21151,21356,835,12,18751,20740
9704,5380,841,3,9704,5380
28551,4656,708,4,-1107,-11146
18228,-3740,709,11,5643,-3866
28508,5282,710,4,1290,-11759
14231,-3629,718,11,2255,465
1268,-4282,717,11,-5486,10231
14229,17193,713,4,14222,20046
28442,12239,739,2,-2960,-9577
12754,21758,710,5,13681,22526
-2504,9435,725,11,-94,19197
21775,-9095,715,5,-1479,-11471
10701,24551,831,10,3159,20958
9084,18781,733,10,12926,22902
15819,3436,709,8,4084,16102
15094,22894,737,15,13088,21579
10611,26486,830,7,6521,-14248
-9391,-1855,739,12,-9391,-1855
28851,3130,714,6,257,-13278
4368,24777,737,15,-5893,7997
-6514,15450,721,14,-6514,15450
23588,-1548,739,8,-4537,12340
28025,525,718,6,-7361,-6110
29079,10248,744,2,-11736,9153
-4978,-1801,737,7,-7418,8482
26065,9159,728,0,1878,17574
6373,2367,742,11,2572,8104
28614,7708,727,1,-8733,2868
15772,25273,835,12,-6396,1044
25950,4154,703,3,-4280,7689
-671,-8509,727,5,-8487,13348
17334,24088,848,5,4364,20617
14420,-572,731,4,2450,18386
28811,7411,720,3,-6280,-5463
20409,20676,836,4,19920,20449
3679,21174,745,14,2141,19144
10642,-8469,739,10,-2271,19666
28690,7109,706,10,15320,-12684
9629,23376,733,13,5991,20399
15590,2135,723,1,6670,21280
21956,20877,826,14,20763,20437
17698,6140,706,0,9092,21764
2197,-9242,705,11,-8799,6549
-1445,4781,727,11,-1292,16443
19966,23651,843,15,-3615,-2705
19744,20710,836,9,17769,19254
21181,22757,838,15,11165,23495
8415,15477,713,14,8415,15477
616,14941,747,9,4581,21533
6371,760,844,2,6308,20735
25531,5652,714,1,-1814,10815
3943,21244,709,15,465,11752
13167,25879,843,5,-6657,-2163
29325,2010,826,0,-4016,-7132
16436,22509,845,7,8107,12604
12362,24647,847,6,4038,21336
5196,12446,841,10,11403,1342
20437,23360,849,15,-3588,7981
12480,-4124,727,5,-769,3715
9515,19694,717,13,8676,16039
3997,24448,844,10,-8022,7935
4338,-1627,709,14,4338,-1627
22214,21014,835,13,19851,20458
7069,11754,744,6,9000,20758
24389,3114,713,6,2851,-188
28763,2460,718,6,-2710,-11330
28962,8992,717,1,-7412,-8239
17862,22490,846,5,10814,18717
21378,17419,825,1,21337,17558
13460,18459,740,2,16434,22432
8200,23390,832,6,-64,14247
9210,-10683,834,1,-801,-6483
6423,23877,729,15,-186,16833
14118,25315,832,7,-4699,5145
21329,20868,830,9,20219,20483
28745,7029,724,3,-7495,-2098
26531,5494,705,4,4199,-5033
6939,-194,830,1,2814,4525
17455,22361,833,5,11330,18547
17147,23583,841,5,7389,19896
12242,9176,706,2,10971,22117
15443,19665,732,7,15634,20317
-5960,-5984,845,3,-5960,-5984
-6153,-3244,730,12,-9543,4549
28696,8764,715,1,-6452,-6375
-7741,-691,724,14,-7741,-691
7512,17032,704,6,10450,22170
8118,-7477,709,5,-5643,4988
12662,21612,716,5,13657,22457
18237,23465,838,12,6712,19285
14124,24484,845,9,-977,11149
23910,-3894,730,6,-7847,10004
-7428,985,742,12,-7428,985
28164,4245,706,10,3275,-11361
-7872,19566,727,15,-468,-12965
23781,-1101,731,4,-4686,12323
28287,8703,736,0,-2753,19792
13871,-14252,736,7,-20,-12403
28786,7760,712,3,-4370,-8676
22072,926,737,1,2305,18830
11378,20025,733,9,12942,21838
10103,19680,740,10,13323,22775
26259,13541,720,0,7941,502
26596,-1081,741,4,-8516,4892
2140,14703,835,1,3992,18703
26492,7112,738,1,844,5472
-1939,-8802,713,14,-1939,-8802
28450,9356,704,8,17263,-11845
-4667,15266,737,14,-5629,9948
-5402,6672,720,9,-538,21301
11685,-5910,705,11,-1294,323
5839,25008,849,10,-7189,11990
14837,23533,736,13,12779,22680
28633,1714,838,0,-3143,-2516
16307,20668,834,6,14301,18735
-2320,-7784,741,11,-9005,6034
17808,23847,847,11,7104,21224
18806,24392,833,13,-897,-9671
-2835,10619,723,14,-2835,10619
23123,-4320,744,4,-6283,13300
16464,-2105,747,3,4581,21533
21504,-5600,726,4,-4943,18074
9192,19910,703,11,10330,21518
10115,26464,843,9,-2762,-9920
15573,5827,705,2,8923,21692
28756,6846,719,3,-7957,-2614
22397,-8636,719,9,-5250,-8632
-1785,-12351,728,14,-1785,-12351
9895,8388,834,8,13129,4827
13729,19973,737,1,16151,22462
5882,11664,843,8,7549,5365
3459,17568,842,3,3459,17568
-3431,791,711,12,-5754,6339
24518,7134,705,6,12336,137
28116,12917,730,2,-3361,-10820
24637,-5080,703,9,3432,-12450
12697,3797,725,1,8275,21793
12806,9489,713,2,11658,22045
15750,-8104,719,9,-5540,1253
8063,1527,824,3,8063,1527
25405,-858,721,4,-7589,8778
5646,17191,836,10,5901,5098
5334,-5455,747,9,-4096,8600
9826,18170,832,3,9826,18170
12645,20816,840,5,12317,5623
14544,25707,834,12,-1255,-9950
-9330,4410,736,12,-9330,4410
18438,22268,827,14,11674,17146
1416,12990,835,3,1416,12990
11848,21415,737,12,11848,21415
18630,22104,829,9,14839,20636
2454,-3881,737,9,-4341,10737
28010,10259,722,2,-7502,9474
10556,12863,722,3,11815,21520
28540,10602,722,1,3952,-12855
26102,8118,748,1,3915,5616
21958,20691,837,7,20737,20340
19113,-881,706,10,-1628,10864
22118,20725,831,12,21100,20341
11588,17353,742,1,14673,22300
19837,23055,838,13,5395,14825
13029,-13158,715,7,-6452,-6375
11489,-11397,741,9,-7120,333
25088,3024,724,4,-1316,3757
28459,2679,727,4,-9293,-1955
1672,23844,727,13,-6765,12764
23401,115,728,8,-3123,13319
8509,14199,708,6,9850,20885
561,22208,843,10,-5654,-1518
22273,-9562,713,11,1833,-13716
20048,22711,847,15,7172,8276
-167,21559,746,12,-167,21559
27255,-581,729,10,-9613,2492
-6112,-170,842,3,-6112,-170
28378,12140,735,0,-10782,1462
9145,14057,729,4,11251,21476
12570,22500,845,11,10253,1850
12215,20580,737,5,13088,21579
13299,-13587,725,11,-8916,-3472
-7603,7,735,11,-7903,12855
22704,-4416,714,10,-7588,10856
1404,14047,740,11,3152,18549
25815,-3040,745,10,-8425,3375
22549,19925,842,6,22277,19789
14805,-1337,734,8,2088,18291
4591,2799,727,12,2062,5976
28966,4100,714,4,-5100,-10625
19655,-1432,715,10,-2226,11054
-1461,20894,710,15,-4681,2405
24953,8598,726,0,4058,18334
17283,-4255,830,0,2467,19164
20809,20206,844,3,20809,20206
5150,12138,840,10,11659,1193
1053,7494,724,11,1135,16401
11603,18818,741,3,14814,22535
11631,2642,727,3,7412,21748
28150,7931,709,3,-1246,-6920
14617,15561,705,1,13618,19811
19607,23157,835,13,4999,13932
27594,13670,716,0,-2562,-12087
27919,4237,728,1,-6511,15687
19188,24228,833,15,-897,-9671
1327,7919,717,5,1639,17270
10197,19713,727,10,13422,22855
15418,-8916,729,6,-3845,19373
22508,-9154,711,11,2809,-13839
16246,9258,725,0,12126,21561
11308,15504,729,2,14808,22725
27878,12452,715,2,-2928,-9148
27295,10887,739,0,-1733,10484
2171,-11695,836,1,-7897,-2641
17772,25030,830,13,9007,-14759
20943,19544,841,0,21725,20097
688,22854,730,13,-6536,9282
18397,3265,739,1,5860,18697
1779,-12674,737,5,-10935,3458
27161,6040,724,3,-3707,4899
24501,1947,710,6,335,-214
6606,16202,837,10,7975,5618
28063,10052,722,0,-5257,17499
17272,23119,847,7,6942,16498
719,22863,848,10,-6605,-1769
19050,21435,843,5,15215,19145
27239,13916,705,0,3893,-12087
16372,-10802,722,5,-6594,-3770
18662,22914,837,14,9098,17666
25951,-169,739,3,-4163,16453
-470,-894,715,14,-470,-894
9878,-10543,704,9,-8765,5742
22005,19973,846,3,22005,19973
27970,9965,708,2,-8650,8877
12558,21706,716,5,13577,22539
-3775,-2269,714,14,-3775,-2269
-1090,24162,738,15,-4049,-8155
16175,23986,842,6,12049,23624
19593,22162,844,12,12939,19541
19661,1403,708,5,10562,-77
13346,22112,732,7,14221,22680
4019,21602,841,10,-2017,5732
20151,20628,842,9,18193,19314
17339,19183,827,0,19383,20720
24984,-6338,707,9,805,-13827
18203,22445,844,5,11817,19532
-1358,-13275,710,14,-1358,-13275
1285,13719,849,3,1285,13719
5380,-14456,736,11,-8936,-3570
13455,22323,845,7,10515,3371
22299,-2922,720,6,-5484,8886
18948,-2547,833,2,1092,10363
-7318,8422,737,5,-3478,19122
13105,25021,835,11,-1118,2024
26307,5926,722,1,-2891,10091
21346,18853,825,12,21337,17558
28737,5197,734,3,-7870,-60
27519,7091,720,1,-5108,5356
-13329,8005,706,13,7513,-15236
14984,-8360,743,8,-242,21955
12629,21198,745,13,10951,17927
1494,6966,704,13,11804,-361
10367,544,743,4,3822,19228
26661,-3663,844,2,-6021,-663
13189,24421,834,5,362,6461
3735,21272,841,4,-2525,10432
25730,-4512,709,7,14967,-12740
20999,21116,826,7,19518,20503
12038,-10410,714,7,-4212,-3795
