特征一实部,特征一虚部,特征二,特征三,特征四四部,特征四虚部
18597,22131,844,5,12939,19541
7237,-14056,743,11,-7634,-4301
20989,22829,848,15,4950,19839
12605,-8404,718,7,-1717,-2447
25667,-471,707,4,-8387,5713
-2996,-7325,743,11,-8962,6778
-3271,21517,707,15,-7162,-111
28199,-87,731,10,-10976,391
6146,14329,845,10,9903,3057
27156,12201,704,2,164,-4468
11108,16635,741,8,13390,21571
23665,-739,726,6,-3947,6139
28047,12058,722,2,-6594,-3770
2228,18818,841,3,2228,18818
17298,23555,829,13,14512,73
21687,20195,830,8,21538,20123
13934,24317,848,6,7106,22448
11491,17217,834,1,12380,18794
-8948,10759,834,4,2798,-13104
22092,20071,845,8,21964,19991
1818,17550,718,14,1818,17550
-6937,16975,715,13,-3224,-6338
14086,23485,830,5,3742,11111
13964,25981,835,12,3299,-12679
12297,16717,735,2,15356,22423
28811,4264,719,4,-4524,-9569
13804,-11366,703,12,6590,-12168
15197,25275,847,11,-6244,8822
180,25255,735,15,-8551,-4643
21237,22118,847,15,10966,18844
5339,15333,725,11,6798,19558
13602,-227,738,5,6143,2741
22526,4717,711,1,1693,14228
22263,-7155,747,10,-8001,13216
20554,21892,832,13,14093,18642
3689,17869,711,12,4468,19482
8623,23723,827,10,820,17371
6400,24590,737,13,-2409,15884
16143,21516,838,8,14773,20908
7261,20176,733,11,9605,22421
16154,21117,733,13,15706,20319
13569,25515,838,7,-3143,-2516
16076,23844,827,14,4486,6154
10258,22122,708,13,8360,19767
13332,22421,713,14,13332,22421
3191,23927,748,14,862,22246
19406,23779,836,13,-2648,7340
25164,-4069,846,2,-5165,3395
-2121,17571,732,14,-2121,17571
29286,6809,723,3,-10850,-2824
28017,12490,729,0,-9498,4203
14971,22570,722,14,14971,22570
16426,-445,724,11,6718,1307
15705,-10443,726,9,-8554,2007
19874,18676,834,3,19874,18676
27690,10224,737,2,-3163,7329
453,22052,723,14,453,22052
15088,24228,835,11,1416,12990
15357,-11887,732,9,-10245,3525
14355,-12016,710,7,-4169,-7485
8461,23662,729,13,4052,20111
28600,2090,730,4,-10681,-225
-2739,18707,832,6,2520,-9003
706,14095,831,8,671,4916
-2808,8079,727,11,-450,18608
4516,-8833,703,7,-7109,2842
19141,23434,848,14,4959,19243
13008,1640,848,1,9312,3685
10205,21532,825,6,5576,15090
13903,22530,712,14,13903,22530
28519,11313,748,0,-8196,11631
27824,9721,711,1,1801,-5951
13961,20921,825,6,11171,17775
-6077,15984,710,13,-1780,-4764
9518,17859,707,8,12302,22461
13051,25149,835,11,-1545,1390
22258,-1738,748,3,643,19563
20398,-9821,724,9,-7952,-4619
-3610,9591,733,14,-3610,9591
21776,20907,826,12,20501,20544
-2335,23466,741,13,-6184,-6637
19208,23942,837,13,-2506,1952
3025,22016,732,13,-2361,11573
1979,-12111,728,7,-10750,5426
14087,24306,831,11,1029,9437
-2916,17502,712,15,758,-2324
27495,6509,711,1,-6146,5699
24858,-6894,709,9,-463,-13681
-4626,-5256,844,3,-4626,-5256
4537,-7901,719,5,-7198,8749
28498,10420,740,2,-8178,6309
18068,-8742,714,9,-5741,-2360
-338,21890,715,13,-6189,8417
24395,-2230,715,10,-7411,6816
9744,20378,709,9,11372,22231
26228,1468,726,8,-6547,8464
28333,-850,748,10,-9527,-3337
27740,11513,727,2,-3809,2943
12723,24385,834,7,3726,-1275
17951,-12599,832,1,7166,-14562
12926,1278,831,2,5799,15843
23955,-5127,708,9,2385,-10989
17088,23859,849,5,5217,19461
3921,19755,844,1,6707,22228
-556,-8998,737,7,-8011,1451
28061,-574,741,4,-10840,1224
11225,20470,833,4,8535,16969
27563,757,725,10,-7910,-1276
4764,3426,842,1,2511,8882
380,-2431,734,10,1955,22653
-6266,7745,742,9,-1531,20383
-2318,-9918,736,12,-2318,-9918
-3056,17427,830,10,1619,-7179
8723,24179,835,10,80,17641
10627,19569,827,4,8367,15613
15850,22445,746,7,16201,22602
-12072,12062,712,13,3140,-14278
22731,-4498,846,2,-3415,8087
2775,20993,745,12,2775,20993
28381,8894,733,2,-4836,18298
4556,17397,844,8,2345,10620
28743,10520,725,1,1761,-13590
7477,-7590,712,9,-6395,9054
13381,21799,722,5,14322,22522
12131,23413,713,13,10173,22194
14468,24633,839,11,-1285,7774
20053,23475,836,15,761,15999
29006,6581,714,8,1083,-13499
10168,5216,721,10,5938,18579
1979,-10450,717,7,-9618,5262
-7783,9619,846,3,-7783,9619
22789,-3079,743,4,-5182,11934
16124,22253,747,7,16453,22431
17149,-4999,717,9,-1197,143
29050,8937,735,1,-1811,-10235
5768,-3669,710,5,-3449,8577
28192,3621,717,4,-5292,-5674
19424,-1893,834,2,1761,9602
9476,25930,744,15,-847,21013
15203,23617,737,15,12923,22734
29497,2128,843,0,-4022,-6070
15116,24437,826,11,2004,15969
12823,20185,833,8,11330,18547
20113,20881,829,10,19385,20560
22059,-2099,737,10,-3163,7329
16842,18930,709,14,16842,18930
12086,21747,849,10,7268,16948
4017,23315,736,15,-2574,5974
17716,-6978,734,6,-5658,13050
26251,5948,705,4,5760,-4435
-2655,7753,722,11,-992,18278
17481,18816,836,1,17769,19254
20539,3994,733,2,8504,22334
3322,26469,740,15,-11934,5321
-6251,-5457,732,12,-10547,2898
3395,-13237,732,11,-11232,7069
4578,-2423,728,11,-2569,9515
17822,24860,824,13,6361,-13180
10136,21529,835,5,12817,334
3677,2391,828,1,1021,8034
6638,16220,834,3,6638,16220
18697,23509,849,14,3583,15516
10766,-7692,710,5,-4681,2405
-4353,22174,723,15,-7412,-5508
17293,-6364,747,10,-3556,15662
-12515,7681,705,13,7455,-14401
28913,10436,747,2,-10110,7557
21093,20607,830,4,20763,20476
13907,-489,745,9,4458,4302
20009,-4507,728,6,-4527,13460
16156,-3416,713,11,4066,-1444
29864,4057,831,0,5405,-12388
14379,25764,843,5,-8598,7912
16953,20403,847,4,15601,19316
12500,22480,723,12,12932,22781
-7964,-5459,724,14,-7964,-5459
2802,23007,711,15,-3773,12019
12180,24078,828,9,1021,8034
9586,17789,717,10,12187,22111
2693,22718,834,6,-4681,1797
16029,8237,712,8,8346,15328
27864,10362,723,0,-5376,16348
15817,24086,847,5,1587,14551
1412,3237,725,5,-495,15505
14267,22337,724,12,14547,22536
28920,6199,723,3,-9942,768
28522,11961,738,0,-11800,3363
28252,4190,722,8,-7365,-2412
8445,19828,748,7,9562,21115
28368,11022,717,1,8274,-13459
8874,14581,726,10,10885,21297
27492,13326,705,2,7488,-13572
14879,21990,837,6,11425,19582
16792,-5664,829,2,-1020,14161
15063,4215,840,1,12317,5623
15666,23071,824,7,7423,15204
-249,-8137,837,1,-7538,1778
29047,7357,723,3,-7883,-5284
28133,8605,741,0,-1590,20357
22175,4390,709,1,1763,14959
16907,2470,718,8,3499,16133
15470,25583,833,12,-7345,-1696
27801,683,703,9,17377,-11761
26239,5664,838,0,11451,1830
-5327,-1152,725,5,-5288,17595
11305,19471,748,3,15312,22849
-11777,10959,705,13,3558,-13623
8770,20720,833,4,4985,15565
26392,-2232,846,0,-4978,12320
-426,18819,722,15,381,1228
22112,20803,830,14,20763,20476
27200,14300,706,0,8000,-15154
28704,5675,704,10,9018,-14292
12882,3339,708,10,3965,15861
7789,23637,722,15,2589,18586
28168,12614,731,2,-5391,-8036
-3001,12343,710,14,-3001,12343
18459,24401,827,13,-2174,-3102
28191,12061,736,0,-8416,1796
2499,24554,843,10,-9662,4621
5530,1091,826,1,2055,5960
13372,-11633,718,7,-4909,-5484
27960,12949,713,2,2086,-13927
15851,22218,738,11,16243,22430
26371,-862,729,10,-8440,4701
9020,7385,732,10,7700,19888
27636,13723,714,0,1083,-13499
2082,1236,744,11,-1114,9446
13233,25149,836,11,-1778,2007
28217,12849,741,0,-6240,-6029
9154,25976,744,13,112,22193
-2446,20953,713,13,-6944,4281
28461,9505,742,2,-6718,12011
-6336,20870,720,13,-9411,-4168
6268,18181,825,4,4261,10688
26546,9075,721,2,-1123,13928
22105,20563,845,7,20885,20173
27092,-1370,723,6,-9942,768
2544,9654,735,9,3178,17329
20549,1975,710,9,9963,142
26329,2229,728,4,-4052,3378
14880,21441,748,10,16524,22527
2836,14023,713,5,4837,19840
-311,15486,717,14,-311,15486
29144,8640,727,1,-9659,-4214
27267,11088,725,0,-3550,11763
18536,23753,835,7,10485,23359
11144,26441,832,7,4643,-13795
7020,17734,849,4,5105,9373
-3042,6237,735,12,-3042,6237
29007,7141,719,3,-7953,-5246
13750,-10576,712,11,-4826,-3832
20371,-338,719,4,-1379,13065
28911,3049,735,8,-7759,-5246
11929,443,748,9,3808,6756
28406,9760,710,1,-398,-10219
15357,24790,839,9,1358,19133
602,14554,746,11,2922,19335
11821,-4946,846,2,2328,18563
25340,-687,742,1,-1231,20668
16207,256,732,9,4236,4878
20321,-8878,712,9,-5466,-6029
-2624,18634,841,8,-7132,6229
11216,24393,824,5,1999,1392
-11520,-84,741,12,-11520,-84
1826,-3735,826,3,1826,-3735
-7220,-8411,733,12,-12629,965
2041,16581,837,3,2041,16581
-7842,4731,835,8,1985,-11011
28526,10544,703,1,5677,-15456
26834,-3205,705,9,8933,-15135
27463,571,739,4,-6556,-990
-4250,18696,837,10,367,-10036
16745,-6432,729,10,-2915,18273
25311,5816,740,2,3536,19776
10820,22063,705,14,10820,22063
5652,12976,728,9,6972,19421
-912,-6281,838,1,-6955,3650
19413,4449,727,2,8605,21956
1866,9344,705,12,1238,12182
-764,1434,717,14,-764,1434
22837,20158,848,7,22103,19903
11321,-4793,722,5,-1870,4160
-5790,7209,733,12,-5618,13010
25156,-5647,739,6,-11021,5231
-8199,872,735,12,-8199,872
-2271,18931,746,12,-2271,18931
-2877,7950,718,14,-2877,7950
28426,4952,720,8,-5516,-5346
-9135,2990,827,4,10366,-14078
25594,2334,730,8,-3987,8600
27635,4823,737,1,-5629,9948
16528,-13609,733,7,-6329,-8956
23985,-1027,722,10,-5258,6698
13498,23084,840,5,5494,6410
21151,22254,848,15,10812,19187
2865,2122,834,1,347,8482
20383,20438,832,3,20383,20438
22826,20635,839,15,20889,20273
-2091,14952,841,8,-2936,2472
26728,9125,737,0,815,16796
-4690,3337,717,14,-4690,3337
25603,8675,709,8,11461,-806
18592,23868,826,13,1034,4410
28980,8752,725,1,-8554,-5147
-2810,11971,734,12,-2810,11971
713,-7425,716,12,-5136,-2346
1533,9194,725,9,3207,19311
17966,22771,844,7,10195,18711
29359,5987,747,1,-11014,7663
24470,-357,718,1,-1180,20733
14698,23744,844,5,2519,9732
16246,-4902,704,7,4575,-4232
11095,24644,830,6,2836,20693
5679,18807,722,7,7756,21500
8170,17203,824,6,8453,7646
27989,6626,703,3,-5546,-3151
25108,-2067,736,3,-3808,18689
16264,24116,838,7,2560,16206
7344,-15901,735,11,-8817,-6256
16661,24949,845,12,-6768,2364
28696,9876,715,1,-857,-12560
-1607,-12677,715,14,-1607,-12677
7464,9103,744,3,10585,22451
13620,-13350,746,9,-9160,-1767
12945,25503,839,9,-5963,7202
10288,25606,836,9,-1940,-5263
26045,9447,710,2,-635,11523
29030,3368,742,3,-10491,7869
10816,24941,827,5,1478,-2433
10860,13025,713,2,13027,22579
27909,11161,735,0,-5755,8594
-485,10704,727,7,1747,18685
28643,7045,703,4,9894,-14018
5182,9469,737,4,8300,21922
28749,1782,717,10,-7376,-8373
15344,23616,831,14,8650,1915
28824,4621,723,8,-7883,-5284
28672,1301,726,10,-8919,-5175
26592,12288,746,0,4960,5704
27501,-1845,737,10,-9001,-2331
19382,23571,828,15,1055,12108
10531,21648,725,7,11889,22676
19223,24115,837,13,-4205,-4163
25743,4324,712,10,4218,-2982
9082,1806,736,6,3362,17581
12625,20023,730,8,15158,22559
20434,22042,835,13,12564,17956
28498,10979,730,2,-10607,7298
15652,24679,835,9,2882,20452
24382,9202,715,0,4914,17420
1476,24748,739,13,-8849,4375
345,21349,734,13,-2320,1193
3076,11886,729,5,4585,18992
18347,24754,835,13,4361,-13903
-9068,15153,711,13,-1198,-9702
17276,21555,848,8,16029,21138
12123,486,828,2,5099,16326
16824,25015,840,14,-4335,-3937
20890,-5565,716,6,-7090,12231
5353,25524,731,13,-3113,20134
11102,-7989,706,9,-6178,5003
23607,-6497,712,9,-462,-10872
7467,18952,840,10,4880,8265
11062,20975,717,11,12187,22111
12388,25492,838,9,-5385,4835
16091,24551,828,12,-1649,10600
18571,22281,834,9,14263,20739
27317,8067,705,2,-5038,15582
19431,22355,837,14,11924,18977
15356,-642,839,2,4460,14106
15376,25667,848,11,-9293,9606
28862,6917,729,3,-7564,-1229
20419,-9454,723,9,-7160,-4795
5406,17377,748,5,7392,20602
18864,21643,837,7,14607,18904
21771,19928,844,1,21891,19999
-4861,20477,711,13,-8417,-35
27419,5981,716,3,-5090,2837
12859,25483,841,5,-3740,-410
23972,-7601,707,11,6696,-14607
19845,3710,730,1,5275,18720
-5271,192,746,5,-5775,14488
-1576,-6970,839,1,-7873,3565
28344,10547,747,0,-5468,15029
12838,21479,828,6,9191,17567
16256,1940,706,10,2338,12791
3479,23106,844,6,-4876,1886
10746,-5117,712,7,-332,738
4780,25383,729,13,-3845,19373
16023,21525,837,8,14656,20883
2570,24862,736,15,-7350,3126
11102,21391,728,14,11102,21391
20494,21273,837,9,18616,20552
18690,3461,743,2,9427,22393
6209,15855,736,9,7747,19794
-5846,7672,723,14,-5846,7672
26916,10253,740,2,569,7943
8520,3631,730,10,5419,19947
11160,25632,835,9,-4773,-736
29218,5470,715,4,807,-14543
15004,24477,845,5,-977,11149
1612,25085,743,13,-9806,4248
12025,24675,834,6,4170,21631
15209,-12066,726,5,-8639,-2180
4432,-7629,724,11,-6586,7049
20168,22611,831,13,10533,18938
14475,-336,718,4,1818,17550
10933,-11188,706,12,3476,-10672
11218,2840,834,2,6919,17171
24472,5368,710,1,-551,11287
26951,7526,748,2,589,17608
5854,-14258,718,12,-3382,-11225
-3350,3677,722,14,-3350,3677
20514,23158,846,15,-862,11685
28340,9919,711,1,1045,-10849
-6359,14632,728,12,-4207,18967
28609,8187,725,1,-8074,140
9499,12903,727,8,11005,21320
8101,5758,834,8,12920,1680
14196,22469,734,14,13835,22224
27749,-562,726,10,-10745,1293
9200,24876,742,15,750,18587
26564,12103,733,2,4391,4080
6650,19124,748,13,6612,8772
27575,14026,724,0,2875,-13728
22154,18382,846,5,22085,17451
16666,24811,832,12,-3322,13738
6312,24945,737,15,-3961,13483
19333,22528,843,14,10375,18293
2568,20181,834,3,2568,20181
13910,-10665,825,1,4192,-9734
13656,18621,708,9,13840,19907
10520,25940,825,5,-1786,-6634
16616,24294,831,12,850,14185
26054,2304,725,3,-3998,14635
23826,-3534,732,6,-7393,9872
9460,18657,738,4,13052,22731
-4733,19397,746,14,-7388,14423
28296,12462,737,0,-9715,-1858
11881,-840,728,6,1838,17763
10135,18929,840,10,7955,11453
16058,23354,831,7,6232,15522
-6536,8818,738,5,-2925,18978
2279,25755,748,13,-11084,6419
27221,-2395,747,4,-11097,7636
8959,22028,748,14,7935,21068
7082,4827,826,4,15278,-61
11522,21646,715,12,11921,22052
25797,10714,713,1,10032,766
11001,26549,824,7,907,-11962
23929,2521,717,6,1592,1490
12895,24216,838,11,2606,392
18031,23255,834,13,12395,1273
13027,22408,838,5,7856,5874
27976,11944,706,1,17131,-11829
20104,23768,846,15,-6551,-5091
8565,-13946,744,9,-10724,3266
28564,10786,745,0,-7695,13780
6265,18483,829,4,3710,10761
2544,14698,846,1,4445,18716
27921,-1339,845,0,-7920,8797
8952,20695,703,11,10315,22142
29491,5423,744,1,-11918,9037
7376,-3069,833,2,3356,20017
26463,-3831,708,9,6758,-14720
13677,-13481,720,11,-8486,-4355
26388,5674,737,3,31,4279
4401,981,744,11,381,8118
-2668,12139,708,13,4754,-1952
-4909,-5484,718,14,-4909,-5484
14694,25269,843,5,-5569,10244
14359,24946,833,9,-507,16786
22273,20732,833,14,21148,20360
27117,10877,722,2,-2489,6135
10859,3,709,11,2908,5351
5065,25039,736,13,-5204,14214
5859,-13071,718,14,5859,-13071
26556,-3227,705,9,8503,-14525
28086,9130,736,0,-3286,18489
27048,8635,726,2,-1504,16063
-1319,-3263,835,3,-1319,-3263
12794,8419,723,0,12932,22781
16207,24323,837,12,242,8016
9630,20159,709,5,11105,21894
11630,23423,846,4,6846,21067
28846,8348,710,3,-1145,-11751
9654,20311,842,4,6198,15301
28968,4909,717,4,-1790,-11929
27580,4506,731,3,-6444,9961
16060,22360,825,9,10198,17533
10311,24164,831,6,1939,18755
17566,24585,847,14,-5016,245
26145,395,726,3,-4454,17840
20021,-4642,728,4,-3224,17868
12216,22237,847,6,6826,17079
26406,7095,731,2,2128,19699
25973,9402,719,3,8127,683
-8471,7970,733,14,-8471,7970
15516,22797,745,13,13812,21752
7827,21509,742,14,6787,20349
27462,8755,714,0,-2493,19415
10362,23967,841,10,2228,18818
26904,-1175,723,6,-9271,874
-1223,14406,734,7,1010,19109
18070,22328,836,11,12644,19229
28081,12807,731,0,-11504,1329
12373,19966,744,8,15151,22562
4167,-317,703,11,-1691,9489
9887,-13080,726,5,-10525,3549
10086,24180,839,4,4153,21441
11129,18760,744,14,10892,17859
19709,-1711,746,4,-959,13603
28685,2244,714,10,-5681,-9524
27527,7296,744,2,-497,18454
4208,24961,729,15,-5476,15166
27865,9476,737,2,-4341,10737
755,7455,721,7,587,15628
12577,25747,830,7,-2576,-4329
25945,-3006,842,2,-4052,341
6064,26303,746,15,-8700,12916
20207,21975,836,12,15699,20860
21581,20906,825,11,20615,20562
11329,-11362,734,9,-7315,170
27893,10171,745,0,-3202,15491
16204,23019,848,9,7100,16720
7555,-13857,737,5,-9166,-1911
8410,1672,748,11,3808,6756
1594,18776,735,14,425,16072
28565,10683,741,2,-8516,4892
-10528,2284,743,12,-10528,2284
23704,604,834,0,1761,9602
14555,15998,825,3,14555,15998
15103,10444,744,0,13715,21721
16505,21440,847,10,14203,19946
2637,19627,747,12,2637,19627
-5584,11563,747,11,-1926,19293
-2356,-3219,738,9,-5712,14094
28182,3371,710,6,1901,-11250
15513,25340,844,7,-6951,8712
5077,-1906,742,6,1887,20363
22462,20317,848,5,21481,20044
-415,8066,731,14,-415,8066
211,20451,825,10,-3234,-17
23592,-1213,718,4,-5356,10843
9408,23941,742,13,3610,19001
-1589,5524,717,7,-1578,15500
17880,23790,844,12,2857,16485
15023,24296,832,11,1491,13861
18774,22082,845,5,13931,19855
-11041,9982,741,14,-10264,1095
28457,12245,743,0,-10528,2284
23915,-6152,711,9,411,-11351
5025,17196,743,5,6962,20492
28425,8446,737,2,-5748,15882
28180,12369,729,0,-11251,4311
27509,-2538,733,10,-12516,7514
21538,18432,831,9,21566,17533
11672,18874,740,8,14400,22274
7331,23847,736,13,623,16443
2754,16840,748,11,5006,20367
9029,-13519,734,5,-7929,-3441
28503,3564,747,1,-7065,15038
15768,24092,842,5,2437,15769
12375,-8161,709,9,-5957,4307
24887,2842,743,1,-521,15866
6722,24513,844,6,-5403,10958
17832,-2598,721,10,-1825,14282
8530,-11747,723,7,-7764,-571
15179,25034,841,9,-635,18315
11900,22354,843,4,7984,19721
16945,8464,722,3,9057,16742
6287,25414,735,15,-5218,14418
19976,19527,845,2,20885,20173
28362,8669,719,1,-5469,-3486
3429,15322,839,8,2561,7619
5832,-3323,716,9,-3111,11669
5976,-13164,717,12,-2810,-10134
7503,7087,839,8,11787,2338
28206,10456,705,1,5744,-13086
3135,24327,733,15,-6217,11288
23117,-8192,719,9,-4456,-9704
4493,862,704,7,-590,8736
16392,-11696,718,11,-5047,-7029
-1098,8748,731,7,247,17509
14466,24797,826,7,-898,11333
4374,-3871,836,1,-1305,2632
10974,3513,705,8,4827,19251
11090,18570,711,3,13791,22526
16722,-11803,731,9,-10364,1748
21253,4415,728,2,7586,21842
27827,12874,713,2,656,-12270
27098,11783,740,0,652,6352
18983,22356,848,7,12476,19888
24798,6229,840,0,12317,5623
15198,10327,743,0,13592,21695
5183,17653,722,5,7756,21500
17234,24379,830,14,-379,13317
10853,-7085,737,6,-2494,18014
14586,21993,748,11,15171,22341
28203,8757,710,1,-3769,-5209
17122,24415,829,14,-516,12834
1923,21963,717,15,-3095,8604
5842,16350,730,11,7564,20177
27283,5319,719,1,-5803,10977
17451,-12096,741,9,-6184,-6637
15781,9497,741,3,10664,17666
28442,9320,714,1,-2676,-8208
19040,22096,846,11,14070,19914
22442,-3932,734,6,-5827,5791
2948,-14759,743,5,-12118,2242
10512,-4758,720,7,-394,1642
13471,20870,734,10,15263,22418
25268,-4435,840,2,-6033,3207
16470,25009,845,12,-6332,194
13106,20448,848,3,13106,20448
10635,23703,738,15,5441,19087
-8327,-3751,746,12,-8327,-3751
15549,23962,848,9,3287,16390
6228,25654,827,9,8778,-13066
14957,24880,826,5,203,17540
16151,1632,720,8,2970,16897
5095,-8936,705,11,-7425,4346
3548,15958,720,5,6114,20881
28366,9736,703,8,19014,-10733
15418,22556,747,12,15418,22556
27602,4291,717,3,-7376,8279
26490,-4941,706,5,10483,-15845
18580,24426,828,15,2583,-8863
8821,16163,712,4,11519,22008
9252,17590,713,6,11681,21992
16675,23262,839,5,7759,18182
15736,22808,829,12,8130,8827
26142,3584,715,4,-1422,-380
4631,14681,830,3,4631,14681
6477,-13513,734,11,-7381,-4004
28771,6618,709,10,13010,-13412
23093,-2275,834,0,-804,13763
28960,4767,717,4,-2539,-11689
2353,25519,740,15,-9346,1625
28842,6774,723,8,447,-11693
14298,21778,835,10,11129,19376
25835,9836,719,0,1401,15242
-8554,-5147,725,14,-8554,-5147
13604,22754,836,7,8084,5355
21421,-4620,711,9,1801,-5951
28659,8698,715,3,351,-10446
14633,24362,833,12,4051,-1674
28856,3045,738,4,-3247,-9500
14773,-11244,719,11,-5485,-4756
-5986,-732,719,11,-6209,15987
-6986,19267,731,13,-5391,-8036
-10779,4743,734,14,-7387,-3845
10532,24141,833,10,3356,20017
-3574,21524,727,13,-8567,443
-1728,-2687,715,7,-6151,11003
18933,23732,827,14,8512,22766
4597,19315,832,4,1045,9906
12955,19913,728,3,15560,22570
19719,22174,840,14,13195,19331
15338,22372,742,11,15825,22616
4684,-13330,735,11,-8394,-2513
28929,10583,740,2,-11934,5321
29022,3981,707,10,1561,-14505
-5776,11522,828,4,2166,-8509
2627,22617,708,15,-3307,11319
28880,3420,714,6,845,-13336
27169,4853,722,1,-5314,12751
-1682,9950,704,14,-1682,9950
4134,23165,741,13,-2891,8821
-3886,-2979,716,7,-7223,12166
15244,25070,837,5,-1969,16473
4654,-7982,840,1,-3303,-901
-409,13675,744,11,1880,18874
174,20805,718,13,-3834,7766
26922,-797,729,10,-9501,3688
14642,23238,826,5,5970,13926
9250,20575,849,3,9250,20575
25463,4696,710,10,5332,-2387
21480,20952,824,7,20350,20588
28769,5410,735,3,-7475,-353
9822,26491,827,7,7833,-13524
12208,22389,843,11,10904,1654
263,-10821,744,5,-10085,5959
8829,1546,748,4,4890,20203
14309,10170,732,2,12854,21742
28783,11015,742,2,-10298,669
-6645,-3049,738,7,-9062,8563
-3153,-613,741,11,-5495,10692
29152,7041,737,1,-9125,-595
22100,879,845,0,4496,12705
28435,9651,707,3,7028,-12677
27760,8110,731,2,-2280,19037
11794,25836,830,7,1265,-7955
26055,12779,718,2,8617,1451
18096,1172,728,6,2126,12134
16742,24188,826,14,912,11210
1625,668,736,11,-1780,8924
19744,23814,836,15,-5899,4799
23171,-1187,732,10,-3976,9786
-4829,11161,728,12,-3929,15835
21957,408,712,4,-2348,9576
21982,20608,848,5,20741,20252
17307,23966,836,14,1845,10479
27597,10619,705,2,-7425,4346
15404,22558,828,9,8851,16469
17741,24709,824,13,5470,-9484
28932,8154,717,3,-3677,-10078
8613,22623,832,6,1491,13861
6050,6955,729,4,7761,21937
9049,15369,715,3,12163,22394
9107,-12730,835,1,-2336,-8441
5933,12096,834,6,12920,1680
-9554,-3284,727,14,-9554,-3284
9952,13592,716,1,12059,22077
13106,5158,849,0,10975,19308
-6039,-7757,716,14,-6039,-7757
20725,-11234,827,1,11595,-14750
10311,-13481,712,12,1599,-12686
1590,23238,724,15,-5837,8363
19247,21709,849,7,14232,19075
4541,3970,713,12,2384,6799
22742,20660,844,13,20809,20206
28936,8932,707,3,1642,-14590
5066,22768,846,10,-3415,8087
-2498,21804,829,6,-3433,-8871
25930,10028,703,2,-560,8314
16442,-11639,723,9,-9942,768
-816,21399,712,15,-5051,3698
10086,3969,843,1,7400,7198
4055,8782,834,3,4055,8782
12562,21023,828,4,10111,18564
28885,5785,704,10,9986,-14872
11223,20926,706,9,12494,22278
-11198,16129,706,15,2600,-14822
5464,-14749,734,5,-10988,-830
4705,8810,726,6,7218,21649
22287,-8893,705,11,3558,-13623
23135,4548,706,4,3435,4309
-5911,-835,718,14,-5911,-835
16862,3492,828,1,13997,4137
22355,-8224,747,6,-9555,12096
11487,18712,740,3,14727,22543
11135,26283,831,11,631,-10774
19512,23372,835,15,2306,6747
12098,-3731,738,10,-213,17250
13167,22009,732,11,14221,22680
17324,19651,724,15,17461,18939
17614,22362,847,9,11509,18965
3442,2067,710,11,-635,11523
9589,22790,739,14,8691,22115
10001,24268,743,13,3876,20019
4968,8434,846,1,4594,13036
18467,-11827,723,5,-7350,-6916
27344,14125,716,0,6754,-13620
28212,11892,737,0,-8025,3749
27224,2485,707,6,110,-7907
-8139,7442,747,5,-3842,19432
29685,2381,829,0,-3433,-8871
2678,19101,745,12,2678,19101
-1598,8423,718,12,-1948,12455
-2397,1304,718,14,-2397,1304
-1286,-10757,720,12,-8486,-4355
2230,-11289,741,9,-9731,8956
1318,-12155,717,12,-6726,-6954
11538,20157,833,4,9021,16749
28105,10360,745,0,-4124,14675
1503,10379,728,9,3838,19932
15201,1238,843,0,7851,18532
12408,24395,849,4,7319,23049
18223,17826,725,4,17483,18971
24662,6439,740,2,4095,18566
28391,2681,718,10,-3892,-8644
9483,13292,721,11,8978,16603
7013,15854,715,10,10452,22287
7444,25476,735,15,-3071,17169
5913,18583,719,14,5913,18583
5868,21965,837,8,1034,17488
-4073,1478,744,11,-4996,12539
12979,1517,828,1,9306,3459
10983,21766,843,10,6150,16148
20068,23447,847,13,-2013,9404
13111,22017,849,5,9753,4185
27438,-2636,730,6,-12631,4462
-1898,17895,710,15,335,-214
29161,6153,745,1,-9917,6261
8533,807,713,7,2384,6799
11987,24547,834,9,-980,4878
20425,23235,835,13,4495,21837
10608,10587,726,2,13305,22839
15263,24089,840,11,2178,12191
18468,24040,840,12,4477,21645
28014,2529,711,6,-1198,-9702
13017,-12634,729,5,-9738,691
13156,21313,838,7,12575,5339
1242,19658,826,10,-1094,1254
17982,-9596,709,7,1077,-9599
27400,14149,707,0,8345,-15039
-10317,2305,736,12,-10317,2305
-7681,4593,714,12,-8097,10948
8086,-8284,744,10,-847,21013
-9666,-3415,728,14,-9666,-3415
21758,-1328,734,3,-228,18055
259,20681,746,14,-1797,17667
27719,-24,708,9,15709,-12478
7698,-12340,705,12,-316,-10431
17467,23246,848,14,6033,6758
-4320,-2291,717,7,-7031,12786
22908,20299,847,12,21998,20042
11522,-12752,731,5,-10086,2597
13708,23319,832,7,5393,5448
18893,22778,832,14,10683,19051
10738,22084,832,7,13635,49
22918,20516,839,13,21591,20135
12191,23842,831,8,9512,23105
16491,22915,825,7,8734,17073
14443,22522,723,14,14443,22522
-4410,-4637,748,9,-6750,15592
11843,25565,830,5,-3421,-1106
734,21715,831,10,-5003,722
7411,21369,847,8,3514,17481
24147,-8143,720,9,-4141,-11668
27089,1471,742,1,-4058,18383
18006,23355,835,13,12817,334
9564,192,735,5,3180,5601
3371,22502,729,15,-2549,9973
28756,6704,706,6,15848,-12512
21033,-7438,709,5,1077,-9599
-2733,-8795,708,14,-2733,-8795
24326,-7180,703,7,10641,-14657
-10245,3525,732,14,-10245,3525
13135,-5790,836,0,4812,22026
6292,5872,830,4,14187,-91
28684,11650,743,0,-11854,8197
26491,7290,729,2,1584,19249
14715,25654,846,5,-8071,9406
20434,20655,844,5,18336,19340
14994,25667,829,14,2912,-12192
25432,4654,707,6,6665,-3155
25965,9836,722,1,6503,2165
1430,5832,705,13,12735,-965
1730,19881,706,13,-812,9843
11451,-7736,721,9,-5772,6310
23096,-4738,723,10,-7858,12465
6218,-2866,703,7,-1749,5052
19707,22738,829,13,8969,16628
26802,13270,708,0,2630,-3987
12781,24032,829,4,9025,22943
20272,-2942,840,2,291,9550
12188,22206,709,12,12541,22505
28991,5870,718,10,8409,-14258
20784,20653,839,10,20140,20405
26613,1535,721,3,-5949,15270
12991,25568,838,11,-3143,-2516
18789,23796,825,15,2150,5506
7790,24001,727,15,1747,18685
16207,-12722,705,12,8592,-14664
15223,25617,849,7,-8949,2859
14351,23605,729,15,12402,22799
19676,21176,824,12,16919,19052
15186,23216,830,5,6403,14953
19390,22833,847,14,8695,18780
1088,-4158,728,9,-3929,15835
17154,24302,837,14,-1214,6621
1451,2861,730,9,33,17173
-8487,13348,727,14,-8487,13348
18077,18662,737,7,17992,18883
14960,21447,739,6,16338,22419
17853,20506,829,1,18254,20775
22355,1209,716,8,-1688,11747
25322,3481,729,8,-1925,6485
15536,23723,829,14,7009,2931
11090,19177,731,10,13823,22408
-4012,15490,736,14,-4951,10476
2416,22937,837,6,-5362,803
26112,2783,825,0,3704,2386
12577,-714,729,10,2070,17834
14486,24132,835,11,1792,10045
27248,12259,705,0,-5230,1546
18872,-4751,848,2,-549,12732
9770,22466,734,14,8906,21760
28516,9091,707,3,3965,-12699
9925,-7845,706,5,-5270,2914
13733,25688,843,11,-5654,-1518
24587,3434,711,6,3560,-940
27746,10741,715,2,-7173,5787
23989,8318,705,4,11530,2868
14351,9667,728,2,12389,21746
25310,2913,713,8,-3369,4754
-4224,8199,709,12,-4391,12680
3344,-1901,719,7,-2901,8483
13018,9112,825,2,11446,16933
1326,24801,741,13,-9290,3418
15973,-11156,716,11,-4713,-6428
23988,2039,832,0,4120,8027
28032,7580,707,1,-7162,-111
-1232,13391,743,14,-1147,8978
7539,15408,825,3,7539,15408
3230,18778,737,15,6398,2495
14309,21249,834,10,11484,18651
16230,24749,833,14,-605,845
18650,24072,849,12,2294,21012
-1466,11282,724,12,-1094,14996
11729,11202,835,2,12517,18887
26483,7172,746,0,4325,21423
6249,21171,829,10,1033,10411
20577,-4132,733,6,-4363,13429
27838,10714,714,2,-7396,6081
28099,115,723,10,-10570,-1345
25818,5998,741,2,3355,19670
11947,-1182,723,11,2646,4455
6361,-13180,824,3,6361,-13180
14643,23288,838,7,4937,7557
-3267,-2114,728,11,-5744,14620
27772,7749,734,2,-3355,16732
27567,11740,703,0,-8725,4913
-496,-3137,709,12,-4460,1757
2308,24156,849,10,-8949,2859
8043,19394,824,4,5405,13724
27563,13715,714,0,257,-13278
15586,23084,723,15,14443,22522
-9676,-171,722,14,-9676,-171
19041,-11942,723,9,-10850,-2655
11018,25972,832,5,-1449,-7637
4413,11959,735,9,5274,17943
29151,535,830,2,5218,-12939
28077,12708,729,0,-10397,417
2932,23121,713,13,-3508,14706
2314,18316,843,8,-1153,10058
18062,23125,839,12,7361,17282
16893,22103,830,9,11841,18388
-3460,2930,740,9,-2160,17051
20933,20270,829,14,19568,18667
28328,12240,737,0,-9125,-595
17867,23412,842,14,4250,11682
16915,23154,844,14,7436,5632
11601,22084,847,4,7511,19040
22674,20700,833,15,21221,20273
-2642,21203,828,10,-5184,-5591
20718,20752,835,10,19977,20576
28295,9251,705,3,4904,-11815
-4528,7537,732,12,-4534,12873
13435,25927,828,12,3765,-12518
13759,21055,826,10,11237,18255
26894,10670,734,2,1021,5267
17651,23202,836,12,7187,16369
26012,-3628,734,10,-9755,2621
9451,24939,743,13,2206,20597
8683,-13648,826,3,8683,-13648
27661,13066,709,2,3851,-12971
13954,25915,845,11,-7975,-1116
8746,23488,837,10,1006,16392
13215,-4712,720,9,-2218,5000
-8854,9047,730,12,-7517,15303
22912,7855,707,2,4317,16353
16390,24918,829,14,-4261,2914
16109,24949,842,12,-3783,1514
15785,18217,826,0,17994,20778
18668,24348,829,15,2241,-7624
2034,21833,830,10,-4436,3658
4448,20718,735,15,3180,5601
12466,26249,836,5,-7897,-2641
4066,4619,721,9,1700,15879
26763,2476,725,8,-6546,5664
10030,-8779,744,4,112,22193
9328,11826,709,7,8195,14896
12166,21289,824,6,8581,16899
25506,7167,824,0,14641,3704
22082,-859,841,0,1928,13849
11681,22703,716,15,9456,20570
19371,23218,836,13,4044,9516
17656,-4033,714,6,-3332,13488
26798,-720,726,6,-8363,994
24995,-5010,748,10,-9700,8615
15506,24402,832,7,1014,14614
28883,8464,720,1,-8486,-4355
26299,-4768,740,10,-11934,5321
22480,20273,834,11,21805,20002
16046,22647,829,5,8969,16628
27844,8450,711,1,-3596,-2378
16856,22858,734,13,15873,22433
18242,-580,713,9,5003,928
19536,22868,824,15,8353,15759
14477,23254,831,5,4983,12174
27538,13762,708,0,-224,-13390
12114,22211,703,14,12114,22211
14325,3292,710,4,4223,16325
27902,8372,712,3,1236,-5532
11604,21736,716,12,12053,22134
13631,5074,847,0,10966,18844
24401,-5486,745,6,-9454,7005
10323,-8349,707,12,4101,-7316
2063,24624,716,15,-7758,12329
19397,24176,838,13,-8691,-589
28636,10195,714,1,845,-13336
19152,17225,724,2,17461,18939
27598,2402,714,8,-9227,2606
19732,-3668,742,6,-3172,10190
8399,21480,731,12,9278,22254
2622,-12791,734,7,-7929,-3441
28620,4002,727,8,-9060,-1282
-3528,23526,728,13,-12523,2281
12371,24232,824,5,1245,6124
4031,14181,731,7,5433,18910
17742,23658,828,14,5099,16326
17715,23959,835,12,3992,18703
17796,23971,832,5,9750,23174
3201,17195,708,12,3925,18959
21481,20403,846,6,20943,20178
6071,25731,727,15,-3541,19636
16119,22983,830,11,8137,16415
17558,24563,845,14,-5040,2635
17106,-11591,730,9,-10255,1048
11920,23854,746,15,7004,20368
-2604,17695,826,6,3618,-7824
14304,-1032,724,10,1103,16606
29156,7744,723,3,-6708,-7763
10748,24511,742,15,4012,20169
17777,22458,832,7,11173,18444
24754,2855,714,8,-2591,5767
15793,20621,829,6,13790,18465
29028,7128,737,1,-8517,-215
22527,20592,838,14,21465,20267
-8870,18779,722,13,-5897,-10219
913,25121,743,13,-10528,2284
20681,-951,718,4,-2251,12935
23227,-8753,710,11,4236,-14601
14899,-4559,720,9,-1500,3050
14752,-4122,732,4,872,20021
28659,9604,717,1,-2810,-10134
20907,-10139,725,9,-8085,-5837
28722,4515,711,4,-2056,-11212
28586,8473,713,3,-622,-9927
26892,7388,711,1,-2971,3561
983,9107,826,3,983,9107
18394,-4932,729,10,-2966,16404
4766,22758,725,13,-495,15505
7236,-10710,738,9,-8111,4625
12171,21657,710,7,12972,22373
28495,4820,717,4,-1175,-9398
26715,10211,724,0,-650,15135
9413,10164,708,4,8360,19767
13968,-14779,732,5,-12243,-209
24688,3587,710,6,3951,-1289
-21,-9745,711,14,-21,-9745
18085,-11757,723,5,-7360,-6353
27974,-2658,839,2,-4902,-6510
-870,-12498,716,14,-870,-12498
14008,26072,826,14,8683,-13648
29027,2188,836,0,-1940,-5263
9779,20986,834,6,5226,13096
22025,20297,842,10,21717,20147
-1275,20677,715,13,-5418,5662
28350,8003,748,0,501,22525
4366,-8549,732,5,-7393,9872
5242,13528,826,10,9672,3045
15072,22761,849,11,7084,8818
15233,25509,849,5,-7395,11977
28845,6875,711,8,2742,-13757
19819,22769,826,13,9823,18321
15602,24472,846,11,-862,11685
25907,-1784,731,8,-7193,15904
26931,7998,724,1,-1316,3757
21296,20541,844,10,20615,20408
18736,827,704,10,360,9922
28786,5894,732,3,-9419,4977
27787,9963,712,2,-7613,9484
9069,23847,827,10,1611,18218
3079,21762,735,15,390,3304
27970,13203,725,2,1761,-13590
5637,8084,824,10,14887,427
2870,25367,727,15,-8487,13348
9296,23027,748,15,3703,15070
-7522,17245,717,13,-3612,-7523
24332,-2325,737,3,-2979,18904
25621,351,704,4,-7272,3612
24390,-2561,707,10,-8048,5759
27883,2682,747,3,-6890,11606
11613,21070,722,5,12812,22253
19287,23598,842,14,5308,21511
10485,19949,743,10,13665,22801
15410,23085,721,15,14228,22514
26620,12040,734,0,3303,5231
13849,23023,719,13,12434,22164
18041,22714,748,15,17086,22400
11507,17816,746,4,13919,21761
13327,-437,747,9,4043,4931
22787,-8794,710,11,3747,-14018
25896,6475,746,2,2922,19335
11190,19441,730,6,13746,22404
29556,6561,747,3,-9030,-4226
13038,25120,840,5,-2745,1516
26654,7897,731,2,236,18039
9891,17516,834,1,10973,19269
-414,15791,840,8,-1920,5108
10975,19308,849,3,10975,19308
29451,6924,743,3,-6499,-6727
20918,487,742,1,3620,19829
-999,5716,727,11,-651,16654
8623,23193,727,15,4227,18521
2881,15643,741,7,4295,18782
12198,-3481,723,11,879,2702
28923,9068,723,1,-8109,-6618
17067,23496,824,14,5405,13724
28305,1571,829,0,-3029,-1797
-1925,2608,712,7,-3754,14208
28591,8032,703,8,9894,-14018
4344,4275,714,12,2287,7166
29074,5453,714,8,-5031,-10737
-1241,21613,840,6,-1944,-8239
21225,20539,837,10,20737,20340
26609,7811,733,2,671,18147
28967,9015,717,1,-7376,-8373
28756,6775,708,10,13803,-13215
-6944,3135,727,5,-3541,19636
27770,10038,708,1,3507,-7017
15208,645,837,2,5561,13965
4343,-6489,717,9,-5875,12238
20297,2241,739,1,3902,18335
16679,20920,849,6,14232,19075
27084,786,719,6,-5469,-3486
-7557,19860,718,15,-2710,-11330
17407,9010,734,1,10063,16914
26905,10327,739,2,601,7517
1920,-10518,833,1,-7345,-1696
14806,22954,828,14,11695,3083
4132,-8541,826,3,4132,-8541
8618,10956,721,1,11346,22536
15488,-2343,736,4,78,16264
12965,24031,830,4,9261,23022
5544,14947,846,8,5161,8400
-1542,22173,827,6,-4630,-6370
18879,22241,835,12,12517,18887
4449,-6296,717,11,-5512,6969
28366,12857,748,0,-9527,-3337
30097,3791,833,0,3734,-13478
5332,16867,830,8,3742,11111
12192,25777,831,11,-3073,-3667
27183,14185,705,0,8503,-14525
21621,21827,844,13,15553,21085
5745,8319,705,9,4104,15914
26964,-728,731,10,-9323,4103
11102,20254,727,11,12266,21619
11618,17963,841,1,12504,19312
14792,15851,711,1,14058,19979
-5148,-6540,824,8,11803,-14568
-5209,8745,724,12,-4903,13851
7662,18333,744,7,8741,20076
2243,-10782,735,11,-8199,872
15183,-406,707,12,11871,-631
1759,-6988,703,12,-3800,-2801
1378,18087,829,3,1378,18087
2588,-10025,833,1,-6373,-1686
28202,12397,721,2,-5193,-9255
9821,15292,703,1,12114,22211
-7790,17095,710,15,770,-10208
19071,23847,845,14,3379,20876
8344,16150,706,10,10708,21750
28853,3033,734,8,-6897,-6464
27119,12764,709,0,-2868,-1809
28553,11612,733,2,-11343,3108
6228,-9281,711,11,-7132,3797
9858,22192,827,10,4650,16562
25361,900,713,10,-3697,680
9620,23082,731,15,5433,18910
25919,4861,827,2,15028,-19
3709,24986,744,13,-7413,9456
22973,-6312,705,5,4593,-11885
13449,21990,715,11,14228,22556
14887,427,824,3,14887,427
19932,23026,839,15,4100,10618
-6302,20532,725,13,-8554,-5147
14200,23242,838,11,4937,7557
6815,25655,740,15,-5186,15229
18524,23303,836,15,12561,441
12411,23424,704,15,10450,22170
17481,-5358,728,6,-3236,15989
24079,-4406,733,4,-6510,17095
26360,2360,727,4,-3809,2943
-5794,-2044,748,11,-7585,11598
-93,23395,834,6,-6886,-4590
15730,-3448,707,7,5171,-2259
26301,12324,724,2,5972,2650
5386,16957,721,12,5938,18579
17981,-5245,843,0,2690,20353
1764,20762,713,13,-1861,10355
11280,-4416,728,9,-2479,7562
-2714,8369,740,7,-1851,14914
21711,-2074,736,6,-2574,5974
15943,24315,835,7,1597,15829
20435,23084,841,15,3220,17249
15153,22036,733,9,16034,22570
-2271,19666,739,12,-2271,19666
7023,-13142,744,9,-10240,4830
12406,20085,720,8,14767,22572
28957,4907,710,10,4839,-14480
14551,25432,849,5,-7084,5694
20741,-15,830,2,4231,7279
-4813,17451,839,4,-4814,-5520
25752,-4612,710,11,12674,-13454
16741,24200,841,12,331,10039
26454,-2151,730,10,-10024,7132
28155,1845,730,4,-9927,1660
16853,23710,828,14,3678,10406
-1233,21057,830,10,-4552,-3095
17133,8399,720,3,8884,16457
3188,-6198,718,5,-5939,10372
29092,4715,742,3,-9746,3476
15962,24146,841,11,2256,15393
17214,24572,848,11,1919,20724
17010,22381,747,12,17010,22381
19846,-5965,729,6,-5476,15166
14518,25480,847,11,-6377,2454
28125,7889,744,2,-2927,18140
5131,9015,703,5,3893,15490
16399,24249,825,14,994,8660
12452,21007,737,7,13088,21579
25266,-4172,703,5,10251,-12767
10175,21170,836,6,5435,13683
-1258,-4715,708,12,-5766,572
-8240,8641,744,12,-8240,8641
11720,15793,827,2,14604,20561
-7306,13328,847,8,-5886,-4952
16985,22919,825,12,8166,15239
-6668,10272,846,3,-6668,10272
2836,16524,825,4,2150,5506
17401,18364,715,9,17086,18937
17481,24351,845,7,3379,20876
16522,23169,839,5,7361,17282
-7484,-627,733,12,-9658,7316
11985,24305,841,10,4998,21323
26910,12450,728,0,-14,5024
27788,9587,733,0,-1651,19750
4044,-1989,842,2,5127,22028
21719,-1248,717,8,-2776,14856
-9094,-1232,746,12,-9094,-1232
26321,166,741,3,-4895,15752
17589,19156,843,2,19127,20502
-2655,6586,720,11,-1594,17584
22359,20525,839,7,21388,20264
14102,20965,747,8,16279,22587
4111,12871,824,3,4111,12871
16776,23548,834,12,3975,12505
21181,-10283,714,11,-89,-12659
28320,9235,748,0,-1347,19946
26196,5645,707,4,4753,-3868
27701,5004,704,3,-8044,3359
10427,19145,842,10,8008,11914
2521,3265,711,7,-493,11698
20873,20643,826,8,20688,20531
-1917,6741,714,12,-2670,11027
4698,22078,719,13,286,14923
28577,1281,727,10,-9103,-4178
16665,23979,846,7,2860,15724
19318,20976,841,12,15788,17134
3370,-13995,748,11,-9987,-828
19677,23467,834,13,1393,15442
5580,24183,733,15,-2158,15652
25460,-4850,847,2,-6999,4050
20471,-10471,719,5,-4456,-9704
21372,20972,827,7,20015,20524
19055,4832,745,0,10727,22496
6424,-11430,729,11,-9001,4623
13060,-10102,723,9,-8001,4683
-11494,12149,738,14,-11800,3363
28446,3336,707,10,-223,-11637
9799,25593,824,5,2082,-7122
12099,11052,708,0,12424,22483
14398,25094,844,9,-3526,13451
8237,21386,730,12,9105,22184
16435,19533,704,13,16616,18927
-6295,-4136,740,7,-9330,7860
23401,858,743,3,-521,15866
28541,4105,718,8,-8110,-3815
28861,5323,719,8,-5250,-8632
3212,25227,738,15,-8111,4625
2967,-2855,738,5,-3213,7900
22242,20500,848,7,21073,20118
11359,10406,829,2,11663,18592
-471,-7962,743,5,-8322,7850
11085,9705,737,2,12923,22734
7966,20795,703,12,8607,21543
12846,25239,836,11,-1529,-1105
18858,21145,828,10,17834,20568
14025,4853,847,1,11479,6711
13145,23091,836,7,7626,3199
15595,641,732,8,3582,18719
13804,25139,838,7,-2186,187
-4833,3607,846,3,-4833,3607
23644,-5344,746,4,-7388,14423
28646,4728,723,8,-7160,-4795
-6582,5043,721,12,-6975,11050
9571,4848,744,4,6632,19517
14895,24965,847,11,-3744,6440
17980,24124,842,11,6744,22930
12394,24284,827,5,890,4910
11630,21608,841,4,8107,18530
17783,24011,830,11,9261,23022
24141,-3005,719,8,-6209,15987
18466,24402,826,13,-3116,-3086
21396,2694,747,6,4788,5998
13752,23129,716,15,12059,22077
12130,26484,839,7,669,-12315
-4203,11293,704,15,8195,-4903
4389,24577,845,10,-7920,8797
20607,23097,847,15,-707,12213
18970,22454,844,12,11084,18636
16897,-10068,711,7,-443,-8676
19927,23895,847,15,-5886,-4952
11658,21684,710,11,12665,22525
27319,12578,705,0,-5649,-804
2200,8931,840,3,2200,8931
21532,10340,735,0,10110,17014
28805,2847,734,8,-7543,-5156
-269,7693,740,9,911,17690
15656,519,835,2,5341,13390
24024,8091,716,8,9278,4254
25189,9431,712,0,2181,15846
-1373,18780,842,4,-4421,383
14203,24880,824,11,-1946,11602
24780,-5808,725,9,-28,-11643
-4324,-9124,730,12,-10475,-1276
-39,10142,715,12,-212,13473
20878,22123,825,15,14358,20482
6527,20233,720,12,7402,21316
-4723,4071,848,1,-4467,13610
15054,21783,849,6,11278,19094
2635,24809,741,13,-8147,7095
5774,-11113,735,5,-7614,1057
28532,825,729,4,-12553,3569
-10211,-2149,729,14,-10211,-2149
29610,2547,840,0,-3090,-7983
-2682,7505,709,12,-3155,11840
5229,7744,844,3,5229,7744
17724,24186,833,12,3356,20017
12195,21524,726,7,13245,22340
-7113,6357,716,12,-7090,12231
23614,6685,744,0,7161,20629
10237,19331,707,6,12544,22397
27232,12957,709,0,-2620,-3614
21285,20611,831,10,20851,20444
6246,17155,843,10,6543,5210
3952,-1901,712,9,-2656,13311
844,17023,718,15,3647,2608
18144,23765,842,14,2087,14244
20563,22226,833,15,12251,18687
17002,-6734,705,5,-361,-3972
11867,18576,748,10,14088,21750
19136,22857,846,13,10330,3567
23032,-4459,849,2,-3588,7981
-3875,5069,730,7,-2682,16812
16082,1320,714,4,2066,15182
2172,1951,722,5,-988,14342
28132,8010,743,2,-3238,17724
17241,24324,848,12,-1931,9977
1253,17985,848,1,4378,21554
22516,20892,836,15,20046,20570
26729,9902,728,0,53,16571
1837,16578,733,12,2875,18882
13803,25500,830,12,3886,-9736
20187,23405,848,13,-2662,9753
28004,12808,715,2,87,-13029
9235,24663,826,9,1890,-2943
23761,4710,737,4,5874,3554
17115,-3415,713,6,-2462,13779
3793,22419,722,13,-1431,14183
24337,-5524,707,5,7028,-12677
21307,-383,722,8,-1661,14707
28354,5170,709,8,-3480,-8149
1901,-11250,710,14,1901,-11250
6016,13646,837,1,7057,16863
25144,-2804,845,0,-3265,14037
23659,-2315,736,4,-5696,9283
8440,24938,826,9,3072,-6116
19500,23929,839,13,-5846,2406
20048,-5560,745,8,-2284,18969
11210,17986,723,1,14358,22609
21147,-865,742,6,-543,6701
17828,23902,836,9,10717,23401
20917,-203,741,6,557,6775
28961,5144,722,8,-6693,-7391
22697,20705,833,15,20972,20398
412,3826,724,9,225,17936
18464,17995,737,6,17992,18883
28872,8336,717,3,-2810,-10134
1698,10083,725,7,2333,17007
10406,21497,829,10,6153,16072
9473,-13904,742,9,-10455,2075
3597,-13693,739,11,-9391,-1855
21644,20802,826,5,20763,20437
5367,21790,834,4,-804,13763
16393,25090,837,14,-2487,-5425
20480,19712,836,0,21334,20321
4244,11627,829,8,5795,4410
-5375,-2409,846,1,-8071,9406
19748,19805,826,0,20688,20531
13316,21651,736,5,14047,22250
11980,22753,826,12,15278,-61
23324,-3662,743,3,-1184,20713
4982,9779,706,5,4217,16137
21266,22717,839,15,11397,23532
2274,20286,739,14,749,17883
2086,-13927,713,14,2086,-13927
11823,16626,737,2,15344,22630
17742,23848,846,12,1413,14123
27491,13923,713,0,1833,-13716
28596,10063,716,3,9109,-13503
27681,906,739,8,-8824,3329
952,21890,736,13,-3043,2408
10518,24840,826,9,-1094,1254
4616,23345,834,6,-4804,6653
18130,-2030,742,3,3256,20813
12379,-1977,724,6,1107,17835
22762,20689,835,15,21280,20314
1864,25321,733,15,-10339,9826
25007,-6052,713,9,883,-13113
3748,4158,834,1,1761,9602
11612,19196,738,4,14217,22257
25898,13180,710,2,10892,478
3997,16309,736,11,5558,19471
16489,19527,705,13,16670,18931
1456,20325,831,6,-317,-1065
7298,25706,742,15,-4613,16246
15521,3993,837,1,12717,5211
27693,5069,739,1,-5726,9398
17057,23505,825,13,14627,466
28109,10324,704,1,4954,-11853
12124,26299,829,11,-5453,-5134
19655,23792,834,13,-2827,14896
28195,7845,732,2,-2551,19964
26823,5010,746,1,-2554,11436
2928,14334,836,8,2744,6320
28414,413,729,10,-10589,-1725
22291,20216,846,6,21943,20076
26657,-426,711,10,-8417,-35
-3783,1514,842,3,-3783,1514
25726,4086,713,4,516,-604
-2443,18888,724,13,-3415,1334
-11217,1377,732,14,-11217,1377
22710,-7125,705,11,6222,-12525
24028,1961,745,8,-690,8162
17084,-3735,726,4,-714,18269
16210,24472,834,5,3661,20269
14005,-12968,723,5,-9816,-1576
-10713,1267,740,14,-5373,-7402
15138,-1680,710,7,5962,62
-2829,12826,711,14,-2829,12826
24090,-4885,746,10,-8345,9051
6800,6260,827,4,14127,591
-485,8826,723,7,880,17516
15904,21416,842,10,13494,19668
22047,21273,838,15,18703,20543
2870,23431,709,15,-4391,12680
18256,24218,837,14,699,18423
14704,24025,839,5,2075,11781
25683,-1279,732,4,-7581,11382
9912,17988,723,8,13180,22557
5272,21015,837,10,242,8016
20969,-8799,719,9,-5685,-6259
-6640,5382,741,11,-4895,15752
1105,17745,828,3,1105,17745
28548,3043,746,3,-8635,10288
25399,6878,744,3,4444,5523
23123,2250,838,2,8239,4064
7702,-12631,841,1,-3787,-7225
13657,-13068,730,9,-11234,5253
969,5053,825,1,107,11469
-675,23354,714,15,-8618,5575
5116,22485,829,4,-1538,14903
29218,3882,747,3,-10472,7674
14328,25334,845,11,-5040,2635
235,20872,839,10,-3027,-1840
12816,24442,832,5,536,5432
21205,19487,845,0,21964,19991
20926,22534,845,15,8864,19162
14505,21569,843,6,10943,18534
10188,-14305,713,12,1075,-13471
23637,1582,748,8,-679,9528
14042,-4608,722,9,-1870,4160
15888,-694,837,2,4255,13469
12351,22732,840,10,7341,19216
-1792,5495,722,12,-2891,10091
28860,9436,713,1,-4239,-11338
14961,24036,844,9,2462,15014
8454,5309,741,10,6164,19035
17859,23516,830,15,14249,143
17193,22791,831,7,9657,18026
12495,22850,829,12,14512,73
-2911,9568,721,14,-2911,9568
-5325,18302,835,10,840,-11059
29636,6187,746,1,-12175,5695
17116,842,723,5,7267,2359
2449,-13646,729,7,-11924,4718
3120,24643,727,15,-6765,12764
8036,16434,843,6,9452,5777
15899,24378,845,9,3209,19114
13836,23216,706,15,12417,22356
28426,10852,719,1,6532,-13283
24316,1053,843,0,2510,9301
28473,476,835,0,-6396,1044
23223,-8345,713,5,1075,-13471
571,20924,848,4,-5837,4706
-637,16392,744,11,2501,20810
28763,7908,705,8,8933,-15135
24248,4967,713,1,-337,12518
26125,-3415,711,5,11918,-13381
4873,24127,731,13,-2399,17198
19075,23781,824,15,38,10990
29014,8790,719,1,-8715,-6633
16755,-7809,717,9,-4937,-183
-3646,-10404,718,14,-3646,-10404
28567,2417,834,0,-855,-3876
14473,-6372,747,6,-2667,16381
16992,20633,843,10,15215,19145
-8185,2341,738,12,-8185,2341
19117,23692,828,15,756,5413
18402,24262,829,13,1634,-5059
2368,19630,830,10,-313,2524
18118,24109,841,7,6438,22818
16089,21056,848,4,14280,19834
24918,-273,738,3,-2713,16223
21653,10360,730,0,9793,17606
7370,1361,738,11,2861,6675
3700,10932,723,11,4164,17319
-6381,15457,709,13,-1212,-5331
20526,-8547,704,7,4954,-11853
-303,-6415,832,3,-303,-6415
12518,24935,835,5,-1118,2024
-5814,2351,846,3,-5814,2351
9125,21305,740,14,8341,20363
21397,20432,849,10,20798,20225
2053,4275,716,11,-93,13840
20814,9848,727,2,9604,17270
14441,22135,744,5,15151,22562
22200,-161,732,8,-1666,14941
-5678,-7043,731,12,-10699,1286
6778,23266,717,15,1639,17270
13712,7649,733,0,12926,22902
-6713,12991,737,11,-2427,20167
1480,24604,733,15,-8981,7987
24968,6901,724,8,5972,2650
12314,-4426,730,10,381,19460
5582,-7026,715,9,-6151,11003
12214,-8308,707,7,-1969,-3007
-6430,-8493,726,12,-11957,181
17185,23670,837,7,6495,19066
18639,-9546,722,9,-7365,-2412
-3901,22491,724,15,-7952,-4619
29139,2432,824,0,-1140,-7236
23944,1950,724,3,-1291,15544
11141,-6159,720,11,-2126,1786
23234,-8197,720,9,-4393,-9983
1632,311,716,11,-2491,12002
3172,15412,739,14,2997,12593
22321,20571,827,14,21367,20192
17736,-2675,718,6,-2251,12935
3082,-1285,835,1,-1094,5457
18558,23807,828,12,8772,22851
11587,-8334,744,6,-2609,18613
26776,11441,703,2,-1005,899
17909,23442,832,14,5944,16119
-505,-11947,740,7,-9747,-475
-1147,5023,732,12,-2469,9678
9627,16590,705,3,12297,22332
14065,25779,839,11,-7873,3565
9656,5236,728,3,8770,22025
15156,25733,825,14,-907,-9304
20260,-9032,705,7,3893,-12087
28926,1013,743,8,-12118,2242
17515,-3507,743,4,-1152,16203
28403,7159,715,1,-9416,3482
27530,14059,710,0,6284,-15925
10196,21104,705,12,10610,21624
17289,-10484,718,9,-8354,-1050
12076,20069,839,8,10361,18080
15879,21257,728,15,15318,20250
27258,620,719,6,-6109,-3910
26137,-2375,735,10,-8199,872
7952,5972,744,10,6632,19517
20063,-1889,741,10,-1539,9731
28875,3807,725,6,1061,-12306
9527,1567,740,8,5238,20605
26183,5494,840,0,10998,2135
4371,21088,706,15,1298,12525
11751,22551,828,7,10149,1809
-186,24567,739,13,-9661,-407
21761,20946,825,12,20615,20562
25528,-4639,714,5,9131,-13724
12907,24990,832,5,-2316,4844
15033,22411,738,7,15438,22607
13014,1605,826,2,5709,15339
18025,-4689,847,0,4061,20393
18916,20851,824,9,16919,19052
24851,-5161,739,10,-9933,7268
-1052,10269,824,3,-1052,10269
-3674,14484,842,8,-4052,341
19669,23983,840,15,-5517,-5711
16252,25481,833,14,-6276,-5526
-8336,-1700,832,8,7166,-14562
-6492,2981,743,9,-3690,18837
-2866,21032,843,10,-3338,-8222
9525,14152,724,7,9290,17009
2203,24157,721,15,-6975,11050
21897,20182,832,4,21678,20066
13758,25362,842,11,-3965,552
20110,23641,844,15,-6021,-663
29228,-187,838,2,1583,-12800
17275,22458,748,14,17086,22400
20468,19324,837,6,20056,18701
20341,-6273,731,6,-5789,15110
8222,-4021,719,9,-3057,9678
26054,9414,703,3,8476,-1471
13786,23377,833,9,3902,12173
4344,5900,732,7,2431,13391
28539,9976,715,3,8402,-13456
28764,3664,722,4,-6729,-7211
28504,1097,736,4,-8317,-4238
18942,1407,735,3,3178,17329
-1212,-5331,709,14,-1212,-5331
10538,10507,724,3,10635,21197
28650,2280,721,10,-5984,-8195
25859,709,713,4,-6944,4281
24798,-1704,747,1,193,21796
22093,20567,837,9,21253,20321
22385,19737,844,3,22385,19737
-5778,-9563,742,11,-11892,7232
-8315,13884,736,14,-9193,6891
15775,9564,742,3,10748,17725
6021,8732,848,8,9733,2600
15895,23054,721,15,14878,22569
27937,10732,720,0,-6795,14876
16479,24544,842,12,-2088,6353
27508,8738,706,1,-1469,-3564
-8837,11075,745,14,-8425,3375
5922,-13544,739,9,-11021,5231
25946,-2807,705,9,8668,-12775
4547,15647,742,9,6787,20349
6948,25403,742,13,-3265,17785
25863,2012,708,4,-4223,1114
25369,-3328,739,4,-8942,9371
20402,23181,829,13,9025,22943
1741,15946,724,15,5972,2650
4186,10768,832,8,6474,3826
2210,5082,825,1,854,10740
15127,795,706,10,1389,14011
-109,5717,726,14,-109,5717
-4736,8597,723,12,-4446,13621
21901,-2990,839,0,352,16038
24095,1657,736,8,-1469,7162
19853,23959,846,15,-5315,-5824
1045,-7731,716,9,-7085,14295
15797,23074,720,15,14767,22572
11202,-14066,826,3,11202,-14066
-4049,6796,727,14,-4049,6796
1044,943,727,12,-1789,5396
16376,-3833,847,2,1587,14551
28385,10897,734,2,-7438,1169
26696,-940,738,4,-8536,3769
18056,-1356,728,4,53,16571
12878,23688,846,3,12878,23688
3657,21771,841,10,-2588,5209
-3154,-6867,725,12,-8503,75
-5586,10730,723,12,-4614,15549
5964,5817,716,6,5370,20300
20233,21168,829,14,17270,19127
1113,22390,727,13,-5168,9868
8455,20559,737,14,7727,19432
28380,9579,703,3,7479,-13322
8492,18671,717,7,9606,20666
21397,-7745,710,5,770,-10208
18881,19598,831,2,19899,20439
622,25214,737,15,-8753,-3266
19037,20196,839,6,17983,19292
9114,24852,734,15,1010,19109
28521,6909,707,8,3965,-12699
6735,21977,839,6,244,9048
49,-3157,728,7,-5102,10491
22681,604,746,4,-699,8624
28627,8613,711,3,411,-11351
-7518,18819,724,15,169,-11725
-5977,9566,744,11,-2927,18140
12365,21116,742,13,10748,17725
17291,18507,845,0,19266,20481
6678,2761,824,3,6678,2761
24826,6987,710,3,2751,5709
23792,-3049,730,4,-6046,14572
1293,23923,729,15,-7643,7669
-10525,4214,738,12,-10525,4214
12460,22707,724,13,10635,21197
11773,-14090,712,12,2827,-14037
-3444,17939,721,13,-2782,-555
17909,-2179,718,6,-1948,12455
15017,25475,841,7,-7132,6229
28412,11879,729,2,-10446,-879
19054,19175,843,0,20436,20321
20284,18469,843,1,20401,18677
21370,20904,829,5,20149,20496
8788,-7299,720,5,-5108,5356
2373,16253,746,11,4565,20021
21284,21380,834,14,18663,20748
13112,3162,737,5,7972,6386
21809,-943,730,10,-2531,10500
19975,-4967,721,10,-5082,14524
1745,11177,728,7,2853,17760
19343,22944,844,13,7436,5632
24016,-2339,731,10,-6444,9961
11159,25071,829,5,474,-2195
12639,26040,824,12,7086,-13394
10759,4411,715,6,4914,17420
-1254,18630,735,14,-2889,15005
4046,21017,848,4,-1931,9977
-6108,15806,845,8,-7975,-1116
6773,21669,825,4,1813,15618
17168,24639,836,12,-2275,15968
15936,22438,735,12,15936,22438
29344,5896,736,3,-8256,-4655
-1186,12772,744,12,-1186,12772
918,3097,719,7,-1379,13065
6368,-14772,742,7,-6776,-6928
23880,-5365,742,6,-9029,6889
16165,20150,741,12,16165,20150
20074,23234,840,15,2178,12191
6506,17099,737,5,7881,19950
-4055,21536,719,15,-6315,-4147
2424,21455,841,10,-2936,2472
29107,8125,720,3,-4393,-9983
3642,-10774,828,3,3642,-10774
2365,21176,838,10,-2719,2624
5141,24556,736,15,-4440,10110
20756,20712,838,6,20056,20425
719,-12049,723,12,-7360,-6353
19598,23690,825,15,1059,17514
9366,24295,827,6,479,17915
11055,26267,829,7,2912,-12192
6709,15875,847,6,9512,3488
20329,1872,704,5,11804,-361
-14032,7396,708,13,8404,-16027
27785,9135,733,2,-3484,15896
21621,20472,835,10,21280,20314
821,-3567,724,12,-3415,1334
-466,-11245,742,11,-10053,2958
10837,-11878,720,7,-6603,-3097
5643,-3866,709,14,5643,-3866
20976,20384,829,3,20976,20384
388,10531,842,3,388,10531
-4874,2133,715,14,-4874,2133
10300,21643,837,6,5246,14536
16296,19146,826,2,17994,20778
5281,-8706,716,5,-7403,7549
-2772,16751,833,4,-2682,-2137
20931,21215,840,9,19175,20747
25186,3843,838,2,12153,924
1420,18893,848,8,-2662,9753
26,23653,710,15,-8436,8005
-5632,3102,846,3,-5632,3102
220,24838,747,13,-9469,-821
18760,22173,843,11,13638,19734
18445,23843,827,12,8512,22766
17555,19195,833,3,17555,19195
27,19452,834,10,-803,-2019
12792,24558,838,9,-1266,7199
-558,21775,737,14,-2979,18904
10120,-10250,709,11,-6199,-319
6547,12718,830,10,11347,3412
4452,3356,840,1,2200,8931
-3399,-1134,840,3,-3399,-1134
3684,18041,828,10,3130,3654
30037,5380,825,0,12017,-14018
19439,2558,721,3,3140,17174
16849,22613,837,5,9567,17408
27614,13562,716,0,-2000,-11524
-1291,-4454,736,9,-6153,12887
24810,5606,713,4,5003,928
18048,22621,840,5,11881,19868
19305,23844,838,13,-2186,187
7164,6273,836,8,11922,1540
10075,379,745,11,4497,4676
20165,-5990,729,4,-3570,18863
14618,-13572,837,1,2514,-13214
17864,22211,826,12,11564,17046
6192,-6393,724,10,781,22293
7944,25163,747,15,-2334,15915
11496,-10981,712,7,-4826,-3832
18929,23439,824,13,4111,12871
29053,3835,734,4,90,-12106
10263,13352,730,9,9793,17606
19830,23722,836,13,-2275,15968
1797,19335,842,8,-2427,11033
2473,10524,718,11,3167,17466
14975,3156,707,4,3843,15625
-3293,-7315,740,7,-8929,4208
22580,28,733,4,-2203,12076
26350,-1432,838,0,-4615,9550
-3617,-9488,718,14,-3617,-9488
26881,3302,721,4,-2782,-555
8416,24328,731,15,2128,19699
27387,-314,728,10,-9421,1526
-3986,22079,723,15,-7160,-4795
13316,24401,829,11,646,5918
-6999,4050,847,3,-6999,4050
27990,7295,712,1,-7011,1960
13615,-6130,715,11,-470,-894
-5963,18041,833,6,5105,-13300
21648,-8672,714,5,-677,-11047
28992,2435,747,3,-10045,12272
-3279,16797,824,6,4888,-8534
-2501,22719,719,15,-8672,-182
28028,4774,711,4,-443,-8676
17675,24637,847,14,-5749,3896
3718,24715,741,13,-6652,9879
-4368,14925,710,13,609,-2933
28059,6730,740,2,-1939,20030
-2879,20233,703,15,-4693,185
15599,24396,827,7,2205,16300
11254,11204,741,0,14599,22822
5142,23322,727,13,-651,16654
21071,-10575,719,9,-8757,-6487
23058,1028,826,2,6276,3400
17561,22854,829,13,13850,4257
16617,22828,827,11,9034,17403
9239,21935,736,12,9239,21935
3439,24119,730,15,-5265,12158
28357,10783,706,1,7935,-14820
20147,22455,830,13,11799,18688
13091,22330,844,10,8689,19026
19712,23661,836,15,-2648,7340
29003,5857,718,8,-3382,-11225
10598,25985,829,11,2871,-10414
-1294,17950,721,14,-1294,17950
3951,-1289,710,14,3951,-1289
1836,-10333,720,11,-9616,7865
13175,-1656,742,4,1981,18321
-2433,3963,720,12,-3861,8936
-460,4928,710,12,-1903,8910
16035,-8682,731,10,-3113,20134
9321,20800,720,5,11194,22503
3065,9811,723,5,3512,17668
-8189,6628,746,5,-4233,19025
8931,25950,743,13,-242,21955
5842,11802,737,4,9411,22032
14251,-1557,716,11,4143,1915
27272,13592,703,0,1385,-11288
27087,-1543,727,10,-10645,4455
-3224,15338,736,12,-3224,15338
20455,22469,836,15,9930,17685
18034,24498,826,13,3072,-6116
9560,9798,841,8,12184,5759
10909,-2419,740,10,911,17690
3581,-4743,735,9,-4509,9460
28552,9397,715,1,-2928,-9148
3317,17428,722,14,3317,17428
10352,225,740,9,2683,7383
11995,18677,748,6,14088,21750
12376,1206,836,1,8563,3565
9167,-7324,728,11,-4052,3378
29421,8039,744,1,-8392,-4892
14522,254,845,1,10253,1850
28493,8621,703,4,17377,-11761
24476,5735,736,8,6123,3315
7898,-14181,745,9,-11118,3528
22001,-1206,709,4,-3990,10994
16815,25194,844,12,-9698,5651
7279,24481,733,15,79,18495
28728,5024,715,4,-1479,-11471
22053,634,703,10,-1480,5422
28726,2276,729,4,-11093,-748
16390,24446,839,7,1517,17166
27471,13592,703,2,10419,-14578
18620,-7428,742,4,-4058,18383
15128,17992,728,10,15318,20250
19121,588,724,9,6718,1307
9529,26552,826,7,10093,-14646
-4569,21352,720,15,-6280,-5463
16630,23987,847,12,808,4487
17830,17751,711,8,16926,18925
11782,25581,842,9,-4708,-932
-2407,10238,733,14,-2407,10238
22258,18254,849,9,22165,17415
21700,18572,834,7,21670,17504
3179,23534,725,13,-3998,14635
20945,-1472,720,6,-2923,9025
-333,20839,834,6,-1374,-5185
28003,12778,718,2,-2892,-11224
-6883,20597,720,15,-4983,-9813
21476,-8097,709,5,431,-10699
29144,-413,839,2,669,-12315
28458,10666,737,2,-8025,3749
25064,-2800,840,2,-2703,1809
16846,24607,831,12,-1045,15860
28707,5828,730,3,-9543,4549
16009,458,723,4,2008,16446
19446,23960,835,15,-3441,-784
100,4342,846,1,-862,11685
26957,9268,712,1,2417,-2095
-2559,23651,728,15,-10099,-1964
13857,22353,849,9,7084,8818
12992,4940,835,3,12992,4940
16900,24482,841,12,-2525,10432
25088,6240,741,2,3382,18776
3755,20439,837,3,3755,20439
4164,18195,831,4,1759,8237
20853,20614,837,10,20324,20349
2322,7739,745,14,4458,4302
25981,8067,735,3,7009,1681
26704,6717,825,0,14627,466
3387,24862,720,15,-6209,14686
9502,-2008,730,5,-389,7598
-9175,14731,706,15,4068,-11574
8725,13978,838,6,12575,5339
29196,7490,718,3,-8071,-7508
2448,-13088,739,11,-9661,-407
17877,1127,729,6,2203,12457
25221,-6003,707,5,7186,-14958
28424,1830,732,8,-11232,7069
20668,22384,838,13,11567,19680
27875,-2904,840,2,-5517,-5711
-1247,13105,711,14,-1247,13105
16109,-1037,715,6,-212,13473
60,10104,731,5,2735,19692
14392,23006,831,14,13635,1364
7724,22021,844,8,3837,18843
5216,-14770,709,14,5216,-14770
28103,-609,723,6,-10850,-2655
22763,-5447,744,8,-4991,18141
5567,16558,836,6,7626,3199
1646,12638,722,13,7528,2169
21844,20857,832,12,20383,20438
27708,4990,728,3,-6661,7808
7493,25340,826,9,4620,-10102
9243,26276,825,11,6258,-13232
26846,11218,726,2,-109,5717
20361,22968,835,15,6084,18627
-2984,-3906,838,3,-2984,-3906
25195,-2941,728,4,-8161,14048
16654,24914,840,14,-2236,-4736
22662,-3954,730,4,-4880,16303
5583,25284,732,13,-2551,19964
28088,-167,826,2,3512,-9358
-6962,9296,732,7,-2345,20237
24683,2327,727,8,-2663,9002
25377,2202,725,4,-3267,4767
-6276,10214,741,7,-3582,17348
13774,-12600,718,12,5547,-13275
22451,20370,843,9,21768,20135
27872,2340,715,10,-3776,-6929
28173,8715,746,2,-3850,15189
15955,-3,721,11,6773,1943
19411,23576,831,15,1029,9437
17940,-2561,741,4,-940,15070
12027,21841,846,6,6780,16274
18019,23414,838,14,5395,14825
-4892,6027,828,8,2413,-6998
12380,26174,833,5,-7496,-1299
-7744,3818,834,8,2842,-11414
9321,24678,849,6,-2118,16185
13504,21395,836,6,9930,17685
24058,-771,722,4,-5356,10090
12124,1570,721,10,3140,17174
13236,26149,846,11,-5315,-5824
16101,24139,829,14,2964,4094
8825,22619,730,13,5275,18720
11444,23563,743,15,6487,19368
4767,-9444,709,5,-8461,7254
28062,12683,717,2,-1790,-11929
-2144,18273,832,10,427,-5926
27122,2291,719,4,-6248,-75
12835,20365,730,4,15158,22559
24255,5821,721,3,1939,9727
9389,20315,705,7,10552,21699
11824,24685,828,5,169,1395
21176,21932,832,13,15201,20751
22572,2875,746,10,4297,4984
2580,-7118,843,1,-4671,1140
10265,18801,709,4,12771,22429
28742,7875,727,1,-9145,2166
11128,17231,830,1,11799,18688
15436,24733,824,7,798,17130
19880,1955,722,10,1935,10080
27453,-1743,747,4,-10790,6170
15910,3961,828,0,8851,16469
12582,2339,734,8,4668,18246
11565,21406,708,5,12657,22405
-9391,4316,742,12,-9391,4316
20895,22265,842,15,10225,18148
18033,-2708,744,10,-1186,12772
12339,20670,728,10,14711,22729
28752,9681,717,1,-2771,-11028
20768,19754,835,9,19936,18681
6661,24085,833,10,-3089,14331
20676,-10944,720,9,-9317,-5710
26409,13850,704,0,8195,-4903
5134,8727,847,3,5134,8727
14062,23030,847,6,8842,20322
16088,23053,841,9,7958,17397
2401,18344,721,14,2401,18344
6231,-3604,707,9,-3406,10792
27093,11692,720,2,-394,1642
-165,-6405,704,12,-5268,-1547
24405,3151,826,2,10596,1430
-2542,5786,706,12,-3495,10252
11905,21320,724,11,13054,22293
2052,4653,706,11,-70,13657
11773,14336,730,0,14914,22729
9533,24347,838,10,1028,18789
27176,12488,706,0,-3632,-131
9602,25731,827,5,3251,-9272
25682,-4634,846,2,-6905,3204
28192,8690,720,2,-5899,16512
21836,1154,708,8,-1529,11773
3178,17329,735,12,3178,17329
7953,931,739,6,3004,18524
17336,24109,828,5,8772,22851
27948,-484,741,4,-10264,1095
28487,11782,730,2,-10775,-786
15130,-11043,722,5,-7365,-2412
27183,7448,748,2,118,17989
22069,20512,835,9,21356,20219
28276,12261,726,2,-8555,-5018
12705,25058,842,9,-3312,5384
13836,1096,827,2,5734,14531
19370,22002,838,14,12913,18228
13166,21866,721,5,14158,22594
26848,-3268,738,6,-10012,-885
19564,19149,825,4,19331,18619
12036,-7980,744,4,-508,21273
11647,26388,834,7,2798,-13104
-3967,21188,726,13,-8249,-410
22053,20538,826,11,21302,20217
17170,23099,843,11,8278,17766
-4236,-7990,729,12,-9931,-197
12541,19238,726,1,15360,22586
28647,260,837,0,-7538,1778
2627,2024,727,9,-125,16217
-11335,12616,711,13,2307,-13274
9570,24242,740,13,3536,19776
1894,-9041,735,11,-7193,2263
16984,21952,835,6,14390,20794
-3821,-2756,724,12,-7355,3841
29649,1956,826,2,11202,-14066
8213,17209,705,6,10820,22063
26943,-571,725,6,-8503,75
5543,8509,711,9,4354,16540
26597,4003,738,3,-3213,7900
16141,24933,834,14,-803,-2019
18935,-10730,727,9,-9293,-1955
6203,6350,825,8,10826,1267
16567,23601,835,11,6325,18143
-6874,-6437,733,12,-11411,2370
15933,16925,736,1,15773,20121
20953,22634,846,13,8555,20677
25858,-2890,729,10,-9708,8566
4343,25038,731,15,-5789,15110
17740,23787,845,12,2661,15366
16478,-440,720,7,7941,502
-8064,14247,748,12,-8064,14247
6744,6189,739,10,6201,19974
13007,24130,830,9,1063,10838
-1453,20728,846,8,-8071,9406
15895,18127,837,8,15467,16892
20931,21108,826,11,19518,20503
29474,7386,738,1,-10213,-3170
20448,-4159,720,6,-5048,12003
4205,-3413,706,7,-3328,6405
20115,-1116,727,8,-651,16654
20652,22024,843,14,15433,21046
23376,-5484,743,6,-8322,7850
10800,26357,825,11,-907,-9304
13386,20848,843,8,11659,19441
-3954,18629,704,13,-4976,863
11578,22518,827,7,10364,1618
10298,20708,710,7,11280,21867
4418,-1187,708,7,-1875,7929
25844,1541,705,4,-5230,1546
-6040,16382,829,6,7113,-12804
5488,17901,832,3,5488,17901
18464,24206,829,13,705,-1395
18955,23096,845,13,10423,2014
24037,-3277,731,6,-7500,9166
10445,12542,720,3,11551,21487
11989,23315,824,5,4864,5077
14562,20875,748,8,16514,22430
18737,23832,830,15,5127,-2800
28720,7335,705,10,16564,-12191
27389,14035,719,0,5017,-12853
19953,23083,833,15,4985,15565
12643,22746,844,6,6859,18438
24806,-1995,738,4,-6896,7702
4168,-297,724,12,672,3176
10313,21801,835,4,6325,18143
27964,13106,726,0,-8613,-4977
17417,22755,833,7,9984,18297
22029,20569,825,7,21238,20242
20819,23164,849,13,2294,21012
11986,25552,837,5,-2162,-3207
28529,11662,733,2,-11824,3298
13621,25379,844,9,-5386,9392
23927,-6191,843,2,-7049,7903
28212,11809,738,0,-8111,4625
5159,3415,742,12,5159,3415
23453,-7636,731,9,-4485,-8863
6778,-3597,717,12,2081,-1070
-5559,-5025,742,11,-9104,9471
7998,15668,829,4,8130,8827
7538,-6904,716,9,-5595,9603
8031,20162,710,11,9710,22029
10783,19921,736,4,14046,22757
15616,24300,846,11,840,12426
28810,9218,746,2,-7388,14423
12216,25530,838,5,-2617,-2524
-574,20463,847,4,-6377,2454
17051,-149,729,8,2070,17834
24531,-4649,743,10,-9035,7729
-11723,4357,711,13,11918,-13381
9001,22669,731,13,5433,18910
4829,24937,734,13,-5494,13879
22475,20432,840,7,21661,20132
20867,-10671,716,11,-1061,-12373
3832,5467,708,11,1401,13208
9866,19951,720,13,8884,16457
2736,11067,708,9,3925,18959
20304,23025,848,12,13260,23707
21891,19999,844,3,21891,19999
11669,26391,824,12,12810,-13929
19758,20703,845,8,19266,20481
-6602,14760,833,8,-7345,-1696
9803,5372,720,6,5736,18395
9817,4531,744,7,7055,7871
18620,17997,743,6,18184,18886
20096,-9867,710,12,14192,-12962
15195,21257,719,15,14662,20167
13806,24463,826,5,208,11952
21916,20723,832,11,20916,20422
6159,13920,704,6,8769,21611
2401,-6587,728,9,-5744,14620
-2812,20911,714,13,-7372,3519
26518,-763,727,8,-8487,13348
17204,25043,847,12,-9459,8660
4853,14286,718,7,5787,18430
5420,24649,737,15,-4341,10737
5224,22089,715,15,889,13917
9620,18703,834,6,7951,10019
28525,10278,705,1,2848,-14475
-6309,4845,842,3,-6309,4845
3367,-6109,710,7,-5709,5667
28530,9205,703,4,19998,-10758
26912,7016,729,1,-2466,8090
23184,-6439,741,6,-9229,8673
12273,11204,704,0,12170,22311
5394,14465,725,11,6644,19039
27377,1993,728,3,-6511,15687
3953,14639,826,10,7612,2064
17016,855,731,9,5395,4282
21059,21266,830,13,17339,19154
19138,20978,833,8,18577,20759
28765,9037,715,1,-5342,-8532
-75,5100,734,9,-358,16086
-6981,20175,718,15,-3646,-10404
-2414,-5986,826,3,-2414,-5986
11452,26382,826,11,-3652,-7421
3678,8189,739,7,2997,12593
26878,-737,745,8,-8871,9432
17200,23285,839,7,7759,18182
-3413,9626,712,14,-3413,9626
22025,20753,843,12,20436,20321
5212,11960,729,6,8939,22106
-4410,2523,846,1,-4978,12320
-13400,6037,705,13,8933,-15135
14774,187,844,1,10504,1665
15869,-5747,710,11,1674,-3195
13903,24400,838,5,228,8529
28171,3748,709,10,1228,-10718
15976,25006,841,12,-3515,793
21618,2307,744,4,2499,8820
88,24696,746,13,-9094,-1232
28548,11128,731,2,-11234,6168
28651,-895,845,0,-9669,6671
28727,4356,747,1,-8001,13216
5398,-7078,721,11,-5772,6310
7544,24253,734,15,-262,15499
23718,-8265,710,11,5265,-14769
5314,22221,846,4,-1804,13282
17422,20835,826,7,14625,16076
21772,-3457,728,4,-3929,15835
-14058,2863,704,13,12432,-15501
28818,6647,706,4,7935,-14820
16611,18234,837,0,18616,20552
27919,12681,716,2,-1976,-10758
5321,-14285,733,7,-11411,2370
26571,4887,707,4,2053,-4261
22399,20384,842,9,21717,20147
27330,10435,743,2,-615,7192
13299,22099,745,14,12864,21717
19617,21889,840,9,16171,20949
19250,20485,845,1,19573,20677
16491,23637,840,9,7153,19710
28536,8278,712,3,-1178,-9351
20414,3231,721,1,3717,18195
22604,-1962,743,8,-3296,14034
16128,25090,835,14,-1218,-4466
25697,-3807,845,2,-5464,2286
14759,22320,837,5,7934,10747
6866,22332,829,10,565,13306
28821,6331,719,4,4649,-13071
28767,3670,711,6,2742,-13757
15897,21151,846,4,14070,19914
23697,-8009,712,5,2216,-14190
18023,-59,837,0,5570,16696
-5527,20535,714,15,-5298,-6691
4697,21325,845,1,7662,23265
16264,24070,843,11,2652,16139
19225,23159,843,14,7984,19721
-5046,11448,739,11,-1879,18798
28082,-303,828,2,2583,-8863
20802,19578,839,0,21591,20135
25530,5619,748,1,682,11199
21729,-9608,708,7,4609,-14070
8580,15287,705,4,10610,21624
15629,23348,834,7,5226,13096
18005,24193,832,12,3489,21193
20672,21355,835,7,18447,20539
19339,22374,836,14,11783,18865
25481,7790,738,3,6616,3601
27379,-2308,736,6,-8256,-4655
20925,6369,745,2,8880,20186
3290,17865,832,3,3290,17865
15614,25146,831,14,1006,-6447
27368,3194,723,3,-6648,12324
16438,3172,830,0,8137,16415
-2869,3127,743,10,4696,23999
279,-11550,745,5,-10629,5833
18364,22643,846,14,8155,12843
238,21786,838,6,-3047,-4736
6758,2803,725,14,6758,2803
25763,1359,707,6,-1969,-3007
12253,25647,835,11,-1218,-4466
8534,-3894,703,14,8534,-3894
16148,24186,832,12,1045,9906
18837,23479,826,13,4316,11037
16601,23598,837,7,5570,16696
28244,11838,740,0,-8354,5392
21796,20720,835,11,20599,20353
20374,-11030,717,11,-1979,-11819
18110,-2301,713,9,2851,-188
14547,23587,827,9,4950,16030
7881,-7959,714,7,-4621,1454
29224,7666,735,1,-8875,-3863
10569,26047,747,15,1149,22823
257,3769,845,1,-977,11149
17991,23298,844,12,6314,16400
-6548,11218,743,9,-242,21955
11112,22108,839,4,7122,19005
28977,8333,711,3,-3106,-11721
10569,-8639,728,9,-6661,7808
24223,6077,704,1,360,9922
21967,20888,837,14,20324,20349
26066,8521,724,1,2482,4841
10049,8120,848,2,10812,19187
21568,21775,836,15,15699,20860
27515,11704,733,0,-3920,10405
18150,19084,832,0,19636,20522
6731,-4804,737,9,-3163,7329
12795,21654,717,5,13781,22465
5546,11212,827,4,9485,3236
13329,19755,743,1,16104,22524
27338,-2152,748,4,-11084,6419
693,12397,742,9,3620,19829
-2714,-4064,841,3,-2714,-4064
8226,-603,744,6,2450,18858
-9030,16288,726,13,-962,-11219
15058,23770,824,11,4541,15151
28349,5699,706,8,-1149,-9928
27209,10143,737,0,-1607,13257
-11603,6363,737,14,-9051,-2760
29294,6209,734,3,-6897,-6464
16951,23295,839,11,7759,18182
9394,2650,723,6,4107,18619
2648,-5990,827,1,-3818,1436
26732,6867,740,1,-350,5734
21878,-2823,740,8,-3373,15030
21557,3459,841,0,7992,11696
4268,-3685,708,9,-4581,12132
21910,19346,831,15,21566,17533
27071,-1769,711,9,11302,-13711
2854,7766,730,9,3213,18256
29856,2041,827,2,11595,-14750
22400,20893,827,15,20572,20518
19054,24377,829,15,-5729,-4781
24016,1214,714,6,-934,1760
475,23536,711,15,-7669,8773
27314,9383,707,1,2053,-4261
19860,23600,835,13,80,17641
3809,-7520,831,1,-3788,-410
15950,17236,843,3,15950,17236
25388,-1499,724,6,-7355,3841
15224,-1561,713,11,5003,928
22292,21025,835,15,19851,20458
23078,6084,744,2,6632,19517
13356,18783,703,11,13483,19767
7430,25613,747,13,-3021,18494
-5335,5140,828,8,2852,-8061
12724,-143,741,5,5394,3517
17272,23005,744,15,16032,22602
24577,-5172,706,5,7850,-12737
17060,-7575,713,9,-4459,-1018
22339,20339,847,9,21417,20075
8466,25928,739,15,-2271,19666
17273,23131,843,11,8012,18077
27060,8158,722,2,-1680,16855
3614,22837,717,15,-2381,12479
5667,22641,744,15,381,8118
11345,26357,836,11,6,-10530
6076,1136,845,2,6580,20906
12060,25086,839,9,-2937,3310
27465,7669,705,3,-361,-3972
18604,24575,828,13,-4876,-5939
29057,5796,712,8,-3339,-12011
11093,21928,841,6,5830,15633
28589,9859,705,3,9078,-14945
17958,-12465,718,7,-2892,-11224
24709,-313,743,4,-3747,6102
28498,6137,727,3,-8126,2953
19120,23727,834,13,362,6461
14981,3235,735,9,8281,6017
1386,16026,743,11,3876,20019
6152,13648,836,4,8084,5355
-9295,10466,737,14,-8594,2666
8228,19108,831,8,6232,15522
6633,21164,709,13,4084,16102
-3239,-5798,732,12,-8047,1171
17994,20778,826,3,17994,20778
23493,1601,703,4,-2427,5177
9819,-11858,726,11,-8363,994
10997,26191,831,7,5405,-12388
10562,25870,832,5,630,-9093
14088,21935,743,11,14704,22333
2848,3065,713,11,-337,12518
6465,23012,727,13,1649,17490
10185,21564,847,6,4702,13378
24107,871,709,10,-2503,2419
14568,8675,719,4,8809,16317
16733,-12037,730,9,-10587,1422
3488,-10618,745,9,-8836,8436
-8383,9569,746,11,-4233,19025
20457,20789,830,6,19810,20460
13422,-193,746,9,4297,4984
12890,-1044,725,6,1267,16913
-6938,14085,832,8,-6934,-2606
17622,22440,848,9,11124,18970
17348,23069,849,9,9613,19720
7461,18915,828,8,5404,14989
22625,-74,737,3,-434,16884
-595,22646,839,6,-4902,-6510
27780,1645,727,8,-9821,6798
15433,20746,838,6,12913,18228
493,-9955,734,7,-7870,-60
26371,-1830,729,6,-9498,4203
7483,23356,724,13,3008,19082
16163,22960,731,13,15248,22562
5085,21025,833,6,438,5947
-6936,9078,740,9,-1326,21128
13054,22982,712,13,11549,21938
5668,25372,732,13,-2345,20237
23122,-5758,726,6,-8747,12611
-7667,15621,747,14,-9227,8692
28518,3516,714,10,-677,-11047
20923,20096,842,1,21100,20187
-6830,-482,732,12,-9019,7164
17311,24325,831,14,-1310,12209
9231,19884,706,5,10708,21750
12169,24847,824,7,1423,-690
15870,1008,738,6,2933,12298
-1564,18103,710,13,-1951,3548
16927,22715,839,12,7943,11228
3841,14862,738,5,5441,19087
12775,25146,837,5,-2506,1952
12651,25745,834,7,-1190,-5762
5164,21104,743,14,3909,19436
15969,23345,739,13,14399,22813
25943,8225,715,3,4418,1573
24530,-6410,844,2,-8324,7577
28294,12473,736,0,-8591,-3711
28212,12649,733,0,-11411,2370
27160,12095,735,0,390,3304
10704,18379,840,1,11881,19868
15184,6897,705,0,10590,22226
9330,13325,719,7,8809,16317
10610,20690,716,5,12053,22134
16728,24134,838,11,4722,19465
25401,-1057,716,8,-7758,12329
18479,-7171,740,8,-2394,20277
742,20967,729,13,-3550,7186
29036,6841,721,3,-8986,-3430
-1080,-12098,715,14,-1080,-12098
19864,23820,844,13,-7005,-1283
-6977,16402,834,10,4184,-13015
630,-9093,832,3,630,-9093
16564,22117,827,9,11442,18025
5629,21908,712,15,1811,14546
17486,8890,731,1,9911,17726
11360,24843,835,9,-1118,2024
24639,-5492,705,5,7488,-13572
14538,25823,836,12,1011,-12241
9973,11104,849,2,12647,19958
28140,12169,724,2,-7952,-4619
5934,7868,742,6,6787,20349
3744,24682,707,15,-4538,16546
8602,16126,826,3,8602,16126
11842,21323,704,9,13001,22437
27807,10297,744,0,-3071,14530
16923,22529,825,11,11086,18134
26598,11550,707,0,-2180,7049
16526,15662,832,0,17483,19184
-1956,7427,732,11,-158,18155
-468,-9137,720,7,-9616,7865
22953,-4197,710,6,-8015,8010
17551,1294,734,10,2791,11031
16460,-7974,743,10,-4304,16735
23020,3179,715,3,-138,13284
22993,-2204,714,10,-5732,8328
15117,21061,840,4,13206,19553
20767,23100,843,13,5452,22202
9946,26228,827,7,8778,-13066
10931,18659,730,4,13746,22404
15304,22554,745,14,14986,22365
3578,26603,745,15,-12269,4610
28367,700,747,4,-9469,-821
20299,23588,848,13,-7651,11155
27081,10518,721,0,-2410,14006
23242,20374,846,15,21943,20076
27630,11880,715,0,-7411,6816
16007,23741,849,11,2797,12586
23380,19860,849,14,22648,19609
9079,21508,829,4,4981,17099
1615,24855,737,13,-9391,5290
11294,21804,720,11,12567,22714
4194,-13244,741,9,-11074,7004
3673,13398,709,9,5468,19865
-7085,14295,716,14,-7085,14295
-2071,-5935,712,7,-8332,9499
8703,18352,715,10,11914,22589
14953,20682,830,3,14953,20682
19028,22197,839,9,14916,20940
17929,24743,844,14,-8477,8768
27539,13440,713,0,-2726,-8510
8407,17865,708,9,9850,20885
17130,-10239,719,5,-5485,-4756
16499,126,747,3,4698,20011
28020,9363,730,2,-5192,15714
16667,23698,835,11,6084,18627
28738,6366,706,4,6525,-14329
-8547,9300,828,4,3765,-12518
-12437,8514,734,14,-10988,-830
11391,24015,824,9,1245,6124
17476,24495,830,14,-1297,15390
14977,23098,719,13,13914,22566
13821,25716,839,7,-5098,-2611
5422,4081,739,12,5422,4081
10973,-14172,740,9,-10485,194
24518,2194,728,8,-2569,9515
-6317,17865,703,13,-5546,-3151
27340,9114,732,2,-2361,15191
16868,20396,846,4,15505,19275
28180,6289,709,8,1077,-9599
-5809,17532,827,6,4598,-12787
25979,7977,736,3,6738,1896
14642,24478,837,7,242,8016
17505,24488,848,7,1919,20724
24580,-2298,703,6,-7592,2604
22108,-4997,729,10,-6320,13997
14904,-10762,828,1,5267,-10354
21114,20568,827,4,20837,20416
14333,18142,840,1,14918,19051
26677,3424,725,3,-5015,11841
21577,-1158,825,2,2150,5506
20854,19248,844,6,20476,18683
28133,8359,743,0,-866,20996
12487,-4316,723,6,-694,18588
15401,21290,746,4,16928,22390
14095,22989,829,14,14096,1199
26778,9684,712,1,4481,-1784
20728,22589,845,13,8864,19162
317,21013,727,13,-4049,6796
9820,18222,710,8,12665,22525
2416,-188,716,9,-1823,15084
18862,24192,825,13,-4391,9238
12122,15232,732,0,15279,22674
23134,-8663,724,11,2875,-13728
1592,24441,738,13,-8111,4625
16919,19052,824,3,16919,19052
14135,23632,831,7,4170,7645
8852,20331,829,4,5539,15279
-2796,-10001,710,14,-2796,-10001
16267,23485,838,14,7268,3754
3257,25581,737,15,-9391,5290
4192,-10801,743,9,-9030,7771
20412,20248,835,1,20599,20353
-564,-10134,738,5,-9971,6378
28156,11370,728,2,-8327,3798
23138,-4036,722,6,-7502,9474
28875,10903,745,2,-10829,4269
10324,20232,842,8,8111,17591
26016,13513,719,0,8338,1598
-12707,2917,707,15,17480,-12379
26622,7619,726,2,756,18506
-8996,5573,827,4,7833,-13524
8111,14607,707,14,8111,14607
28048,4186,731,3,-7727,10695
26501,-3876,740,6,-10527,1013
26168,-2263,744,4,-8924,7617
-4550,11511,837,8,-2106,-2948
-2228,-10324,726,14,-2228,-10324
2462,15014,844,3,2462,15014
-6790,881,732,11,-5186,17793
11891,21674,848,10,7100,16720
21388,19997,839,12,20167,18707
21442,22615,849,15,7401,22566
13222,24194,843,5,1468,2590
21881,16853,833,2,21617,17516
796,23686,846,6,-6551,-5091
-2922,-142,725,5,-4097,16541
14455,24513,828,11,431,12853
20492,22542,841,13,9703,18289
4005,24116,732,15,-4534,12873
-8672,-182,719,14,-8672,-182
15744,24681,826,7,1328,17879
7855,19682,827,10,4783,10891
12337,25717,845,9,-6332,194
28768,8337,716,3,-2338,-9945
14549,22239,744,11,15151,22562
-1237,17642,827,10,1149,-3963
28078,10448,744,0,-4359,14158
29230,4039,746,3,-10537,6253
-5342,-8532,715,14,-5342,-8532
16669,-8585,726,10,-3888,19256
6308,20735,844,3,6308,20735
24110,1809,705,10,-627,991
17028,23159,848,9,8777,19369
-5268,-1547,704,14,-5268,-1547
15565,-2783,727,4,1030,18759
26091,8580,736,0,2370,17666
8479,20733,828,6,4416,11696
13040,-5060,703,5,-1005,899
-4101,7839,745,7,-2860,15021
-4118,12527,703,13,3236,-3160
26043,5568,841,0,11343,2646
23440,-8901,722,9,-5897,-10219
27636,12575,711,2,-443,-8676
27079,3855,718,4,-1717,-2447
8975,12025,718,4,9732,20751
17295,24019,845,7,4132,19116
16695,24347,825,14,107,11469
19063,-7600,718,6,-6515,15456
24601,2245,732,3,-1335,15877
-1773,-5496,712,7,-7852,9456
18213,3225,740,1,6008,18876
-4364,5563,729,12,-5004,11128
27425,8988,712,0,-3121,18666
19068,22812,842,13,9581,5583
2239,4990,721,5,656,15409
14882,25714,843,11,-8703,7587
3041,-12330,730,11,-10607,7298
18832,22546,843,12,10375,18293
-4429,17923,741,12,-4429,17923
17742,19612,734,13,17882,18844
-2574,18402,730,7,2726,23405
7551,21500,843,8,3699,17867
16559,24387,824,14,38,10990
14250,23303,839,7,5578,6092
-8683,7207,716,14,-8683,7207
17290,-13135,732,7,-5273,-9729
14717,17386,824,8,14474,15908
19532,20100,848,10,18604,19392
10479,21411,728,5,12259,22762
4829,10819,836,10,12561,441
28439,12456,748,0,-9646,679
28270,7163,704,3,-5117,-5566
7378,19603,826,8,4805,15758
-3571,18165,736,12,-3571,18165
-10029,14570,717,15,6455,-13427
27137,12030,713,2,325,-1867
27109,14472,709,0,13010,-13412
8952,-11113,726,11,-7917,2135
3629,24285,739,13,-5726,9398
16762,3185,725,9,7659,5875
-2958,19832,704,13,-5890,3637
-7414,10485,826,4,2749,-10751
8486,20841,736,14,7747,19794
-9700,8615,748,12,-9700,8615
26701,11604,703,2,19,62
28850,9900,743,2,-9446,10606
26932,8338,710,3,3312,-2870
28210,11519,728,2,-8837,2739
24554,6306,734,8,7585,2724
10048,-5424,830,2,1356,18944
20880,22658,843,15,7984,19721
17609,396,714,11,8765,659
13184,25441,827,7,-3818,1436
10718,19547,727,9,12266,21619
10178,16457,830,1,10897,18206
-7148,-7844,716,14,-7148,-7844
11586,18801,739,8,14307,22275
4611,4184,703,5,1088,12977
25729,-62,714,4,-7396,6081
13441,25564,840,5,-6033,3207
6892,21522,829,1,9025,22943
7820,2534,733,12,4985,4843
-10555,2691,732,14,-10555,2691
28273,873,830,0,-4701,-56
-7030,16597,706,15,819,-8348
28179,3612,706,6,3030,-11815
19881,-2440,705,6,-3593,9687
6928,-7116,711,5,-5754,6339
22760,20392,847,14,21417,20075
25032,238,703,10,-4597,836
10051,23330,833,10,3519,18144
22574,20389,843,7,21636,20167
22423,-278,713,6,-2477,5217
-2420,23973,729,15,-10589,-1725
28402,9157,747,0,-2208,20329
18254,-2661,744,6,-1305,11199
26768,-2449,713,9,9507,-13826
13798,24854,842,9,-2427,11033
15557,-12800,727,5,-9463,-2707
26623,525,732,8,-7581,11382
9236,-13625,703,14,9236,-13625
-6391,2586,711,12,-7669,8773
8393,26402,826,9,-901,-10884
8440,-12404,721,11,-9200,1600
16309,25194,839,12,-7873,3565
18384,23974,833,14,2531,19385
5076,21706,706,15,1389,14011
15403,-1940,718,10,-134,15861
25483,-2684,716,6,-9533,4376
28384,7415,713,1,-9008,1714
2189,15652,847,1,4666,19605
29625,6297,734,3,-8109,-7389
27386,12578,707,0,-5476,-1811
5523,3745,748,6,5006,20367
28918,9734,732,1,-5403,-8235
2313,22523,747,11,5827,24370
13071,24281,824,7,2272,5050
27538,13324,711,0,-3208,-8776
10757,-4758,719,5,-2052,4447
23847,1945,833,0,4077,8409
1986,21695,724,15,-2647,7282
20432,22331,849,13,8310,13489
8464,-10509,712,5,-8402,3923
13169,24709,830,9,-1437,11684
8730,1278,746,9,2458,9507
14857,23186,716,15,13577,22539
6598,18211,841,10,5414,6748
-5449,7377,721,9,-188,21572
10333,24134,739,13,5027,20426
26297,4325,720,8,-2126,1786
10642,23914,847,10,2626,18885
27011,903,748,3,-5185,15547
20275,-5378,737,6,-5629,9948
16360,-7500,836,2,-2275,15968
10466,20065,733,11,11798,21643
21123,22152,841,15,11317,19247
-5457,4228,718,14,-5457,4228
12570,26025,847,9,-8566,860
29151,3848,737,4,-842,-11913
28299,3713,727,8,-8567,443
28951,3582,737,4,-1328,-10581
1328,10516,739,9,3004,18524
28740,867,842,0,-6112,-170
-1448,9375,734,11,-358,16086
16780,21094,743,13,16282,20124
15566,812,837,1,11685,1674
19475,22831,826,13,8602,16126
1263,1548,716,7,-2149,11529
14793,24328,835,7,360,8993
21018,-3420,743,8,-2634,16429
20253,20995,833,12,17555,19195
19773,23872,843,13,-6657,-2163
5888,25312,715,15,-2184,19770
9847,20840,843,4,6150,16148
-8916,-3472,725,14,-8916,-3472
11812,23522,846,6,4445,18716
22503,20810,839,13,20491,20295
-3265,17785,742,12,-3265,17785
-10380,9984,705,13,4904,-11815
29040,4915,717,8,-7412,-8239
6917,23821,728,13,1316,19010
21117,21116,843,9,19422,20706
28271,8316,739,2,-4163,16453
4746,16315,828,6,7205,2623
14742,23075,843,12,10904,1654
19704,-9616,704,11,525,-10879
-526,11253,742,5,1385,18303
-7602,13926,742,14,-8345,7032
18445,3935,712,3,4486,16766
12847,-6374,719,5,-2649,1868
19429,997,840,0,5932,14797
-6240,-6029,741,12,-6240,-6029
1122,10284,709,15,11177,383
27273,12,742,4,-7428,985
18497,1263,737,3,3512,17850
16149,21985,849,10,13258,20502
24705,-2367,744,1,112,22193
21736,20714,840,5,20548,20290
15307,21279,745,4,16841,22391
24479,3281,712,6,3181,-569
27938,608,727,10,-9060,-1282
2964,4425,713,9,920,16076
28498,10157,712,1,1344,-12914
-2526,23415,733,13,-11343,3108
-6656,-8334,747,5,-11235,11741
17889,23123,843,12,6335,15550
27370,8555,715,1,-1422,-380
28024,-977,736,4,-11627,1142
16995,24123,843,12,476,11022
17764,-11970,716,7,-2358,-10859
16929,-8231,704,7,1957,-7669
27723,10872,717,0,-6904,12879
4508,20849,710,13,1589,13901
11455,3531,736,7,8139,6192
21534,-10310,714,11,257,-13278
5392,23428,728,13,-445,17010
17802,23438,843,7,7984,19721
-4220,-7287,838,3,-4220,-7287
13745,24577,845,10,7662,23265
17208,21382,840,8,16171,20949
10176,4957,718,6,5396,18008
6329,-12905,738,5,-8955,-221
27969,12953,727,0,-9152,-2203
626,15789,720,13,3197,3325
27962,13310,723,0,-6737,-9456
27491,8067,704,1,-2939,-1358
27861,8348,735,2,-3464,14868
27411,13841,710,0,2703,-13555
4132,23856,743,15,-3747,6102
-7153,13731,842,8,-6681,-3953
6267,17871,834,10,5190,6158
18581,17987,742,6,18120,18875
17000,24526,835,14,-2613,6726
15264,-7348,714,9,-4621,1454
-334,-5092,848,1,-5837,4706
-5258,4059,837,3,-5258,4059
27261,12744,703,0,-4850,-2287
21377,17551,826,3,21377,17551
22196,-5627,726,10,-7135,14468
24536,3016,721,10,1366,1778
8217,19532,825,4,5510,13995
-7595,17449,711,13,-4854,-6765
11135,19690,720,4,13841,22676
28833,9203,711,3,2417,-14428
16596,24567,835,11,2882,20452
12410,21556,729,9,13885,22659
12330,26291,827,7,-4281,-6701
25738,6128,704,4,6501,-3043
9700,11756,845,2,12651,20256
10847,25732,832,5,-8,-6923
12567,-11648,726,5,-8795,940
19888,23653,840,13,-4344,10916
2819,6685,705,7,1282,13680
26901,11679,736,0,809,6185
25605,5515,703,3,-1749,5052
18406,22624,838,12,10226,17944
26750,2849,710,8,-6338,2021
13039,25600,830,7,-3421,-1106
28309,12177,741,0,-9523,2496
22343,20077,849,4,22121,19992
28226,-71,838,0,-6955,3650
21689,17720,836,8,21735,17500
1138,10979,711,15,10614,559
8952,1751,726,9,2023,11474
9616,21312,825,6,5056,14088
27494,1969,716,8,-9533,4376
26532,12167,732,2,4615,3781
12207,20336,729,4,14808,22725
9495,-13185,842,1,-2588,-8952
17333,-6548,703,9,-2573,-1963
14159,23116,828,12,9306,3459
26637,-224,846,0,-3415,8087
21176,21101,844,9,19501,20688
-7088,9793,721,12,-6043,15113
-714,3686,832,3,-714,3686
13106,25942,834,11,-6736,-828
20569,19857,838,2,21308,20281
-338,1210,839,1,-2649,9199
148,-7504,723,5,-7858,12465
3877,20859,744,14,2450,18858
15212,23731,831,9,5311,17634
27804,11053,711,0,-8217,11055
22819,-162,725,10,-2688,7864
4422,15501,824,10,6678,2761
25953,9571,736,2,2857,11665
-3748,-5322,733,12,-8304,1815
14288,19707,839,8,13032,18330
26340,-2766,703,9,9236,-13625
12162,-6188,718,11,-1534,690
-2807,-4648,720,5,-6795,14876
494,13864,745,14,544,10020
6948,15284,846,6,10330,3567
16996,21086,747,13,16488,20147
15895,24225,834,5,3754,18434
-5462,16962,712,13,-2831,-3565
23675,5290,707,8,3233,4649
2669,-2823,831,1,-2167,4231
3447,2825,829,1,1007,8504
18544,-11590,733,5,-7676,-5670
16674,2518,739,1,6201,19974
280,-6594,748,9,-6657,12231
18803,375,710,7,11146,-730
4890,18395,840,8,2178,12191
9671,-4893,718,7,-1030,1985
-5681,-9524,714,14,-5681,-9524
28533,10398,710,1,3799,-14115
-6087,11435,741,5,-1590,20357
13849,23865,849,6,7610,21509
14659,26030,832,14,7166,-14562
10730,26339,826,5,-3652,-7421
910,18888,703,13,-560,8314
25862,4432,711,4,1310,-1543
12563,-3468,744,6,-285,16247
19113,24145,829,15,-4350,-840
10268,23714,847,4,4061,20393
12544,21761,713,7,13332,22421
20332,1256,739,6,2782,7032
26248,-225,724,3,-4574,18421
4693,14906,740,5,6008,18876
28168,6081,722,3,-7026,2264
20237,1763,712,9,9365,382
12575,-10759,828,1,2583,-8863
10936,-11871,730,5,-9219,3222
12498,20574,740,5,13348,21559
25050,2870,728,8,-2479,7562
28817,8583,715,3,-1123,-11304
11690,20657,829,10,8569,15988
18686,-746,745,6,544,10020
26913,8703,711,3,4681,-3292
12934,24635,841,10,6438,22818
767,23163,837,10,-7687,752
28359,8120,744,2,-4006,17216
16520,1329,833,0,6764,16971
15677,21085,845,3,15677,21085
26220,-1892,742,4,-9029,6889
13215,12919,831,2,13994,18580
-7572,-3388,741,7,-9731,8956
20120,17592,844,2,20476,18683
1344,-12914,712,14,1344,-12914
-2291,-8581,737,11,-9391,5290
8086,-3339,739,10,1063,19548
28876,7137,740,1,-6840,-316
-4988,-6248,744,7,-9495,6118
10315,22142,703,14,10315,22142
24350,6195,727,4,6271,3257
6854,17626,843,4,4866,9290
9634,16297,747,1,14167,22850
-7622,19161,722,13,-6679,-7768
52,24801,741,15,-6240,-6029
12038,22190,846,6,6651,16859
10158,17382,742,6,12486,21566
13588,25956,839,5,-8726,3916
27725,-1910,734,6,-7944,-5800
15488,24780,835,12,-1118,2024
21862,173,705,10,-1991,6052
28323,537,736,6,-2318,-9918
30136,4757,831,0,8087,-14689
1693,21372,710,15,-2336,8571
28904,5579,724,4,169,-11725
12797,-9554,826,1,3618,-7824
17496,1108,741,3,4295,18782
17406,24443,842,14,-2699,5878
15014,21948,839,12,12456,5472
19123,-12463,710,7,-1358,-13275
25248,-5849,840,2,-8743,5217
6930,5660,849,2,9250,20575
14995,24852,841,11,-2525,10432
10256,-5039,713,7,-645,1244
28169,10221,739,0,-5446,14670
11284,20163,729,5,12574,21779
-11339,11632,710,13,3470,-13343
14268,19781,715,12,14351,20088
-4407,4092,729,14,-4407,4092
18956,-6080,748,8,-1347,19946
21174,21023,825,11,19838,20565
22103,5022,721,2,6300,21026
10601,14674,748,3,13220,21814
8946,12423,720,4,10021,20922
28392,9425,703,8,17377,-11761
8392,18734,707,13,8111,14607
13603,-4552,838,2,1256,16784
4620,24809,724,15,-4349,16053
-6565,21426,716,15,-6672,-9081
-5187,6025,721,14,-5187,6025
28874,6992,722,8,2016,-12322
14574,856,824,2,5405,13724
25241,5704,741,2,3760,19966
23621,19898,849,13,22648,19609
18252,21479,847,4,16976,21058
29321,3251,829,0,2497,-9029
20740,23079,839,13,5793,22524
16873,23552,839,7,5891,17231
5503,-7706,838,1,-2544,-1306
27305,3644,732,3,-5794,12407
22893,-2260,726,1,1413,22728
10774,14751,830,2,13728,20574
29905,2421,825,2,13236,-14547
16871,23896,836,14,2744,6320
2419,21574,827,4,-4187,10611
17346,23776,840,14,2535,8047
11348,-2273,743,8,3542,20988
1512,11269,741,9,3382,18776
10127,22278,827,9,7392,2339
19608,23916,841,13,-5813,-998
11690,22394,728,12,12259,22762
14613,20945,831,10,11972,18491
10199,21407,724,11,11769,22638
23180,-2060,849,2,550,5465
19568,-3085,711,10,-3773,12019
24656,7280,707,10,11750,243
24932,-3989,835,2,-4910,2539
16121,23220,839,9,7759,18182
219,4757,826,1,-898,11333
-3373,15030,740,12,-3373,15030
-4391,9238,825,3,-4391,9238
1443,22880,728,13,-5548,10928
6280,-5509,727,11,-4049,6796
22631,20212,846,9,22005,19973
19080,23421,848,9,13260,23707
5981,23023,721,15,587,15628
-902,-11741,743,11,-10618,3028
7011,-6313,831,1,-317,-1065
-9898,-4605,721,14,-9898,-4605
7819,30,748,10,3405,19767
17662,22466,830,7,11799,18688
-1442,23405,726,15,-8828,1375
21215,21011,833,11,19696,20493
25144,2430,713,3,-3492,13006
8757,-9202,717,9,-7376,8279
16993,-13036,715,11,-6446,-8705
25160,4303,711,3,-2344,9082
10505,21312,831,11,13635,1364
13302,22048,733,11,14336,22697
6442,23700,839,4,-1316,17446
23805,989,724,6,-1316,3757
9452,11029,847,8,11479,6711
8849,22232,720,13,6057,18755
6787,20349,742,12,6787,20349
21029,22889,847,13,7566,22607
3013,20210,748,12,3013,20210
21448,20290,826,8,21302,20217
28454,11831,746,0,-9902,6957
16898,-10611,725,5,-5692,-4096
-5220,-10103,738,7,-11800,3363
28567,1118,748,4,-9165,-1951
1706,1780,716,7,-1688,11747
-717,18430,836,8,-4777,8112
-950,17655,738,14,-2225,13975
21469,-6234,725,6,-7430,13836
9359,17638,716,10,12053,22134
9340,2695,849,3,9340,2695
-6448,2961,727,11,-4237,18027
-3175,-7244,828,3,-3175,-7244
12672,-2861,827,2,2205,16300
9570,3999,731,6,5433,18910
22435,-4746,728,10,-6566,13388
59,24371,728,15,-10107,5339
21010,21689,839,13,14831,18993
20571,23086,845,13,2036,18249
14927,24128,846,9,1413,14123
22928,-7852,848,2,-7618,11998
9133,555,739,10,2944,18281
17302,23219,842,11,8311,18706
12452,20531,743,9,13592,21695
5135,15204,722,7,6349,19070
26238,760,827,2,6280,-3805
14404,25118,830,12,1120,-4556
12147,25648,844,9,-5639,-106
20112,21983,848,11,16029,21138
-3169,12289,836,8,-1541,-817
20626,22921,848,13,3765,17775
19557,23126,828,15,6189,14449
28290,9747,711,1,-21,-9745
26152,281,705,6,-4590,-3237
19898,22960,831,15,6232,15522
28530,9057,719,1,-4916,-6099
6654,5899,839,8,11779,837
5735,16040,826,8,4758,10566
7300,19075,849,1,9241,21051
10461,26203,832,11,4537,-12119
13054,-148,711,12,9666,256
18602,-279,709,10,-694,11115
23622,5003,729,10,5811,3753
3433,23736,848,10,-7051,4882
26038,-2625,848,0,-4467,13610
19186,-11825,715,7,-857,-12560
9986,-13815,840,1,-2391,-9901
-12238,1183,727,14,-12238,1183
13196,25820,834,11,-6117,199
16602,24850,846,12,-4895,3383
15358,-7676,720,5,-2470,-1212
12647,26169,842,9,-9590,3576
6792,-11809,712,12,-1178,-9351
13476,23645,827,7,4486,6154
13883,-12912,717,11,-7598,-4675
16956,22840,829,7,9350,17718
9630,10911,705,11,8023,14299
9753,-3564,729,6,1116,20189
26153,1693,721,10,-2782,-555
27541,13217,717,0,-4287,-6199
26614,-1291,738,10,-6290,-1705
19646,23976,838,15,-4237,-6297
3237,26408,745,13,-11743,9976
13681,22526,710,14,13681,22526
21440,20944,828,7,20086,20507
27331,3684,707,8,-5476,-1811
23684,-7962,705,7,8873,-14792
18650,1363,723,9,7267,2359
8658,14699,725,1,13194,22832
14509,24140,826,12,4307,2150
27404,11581,712,2,-3368,41
4875,15389,742,5,6311,19194
5172,24745,736,15,-4951,10476
11169,22623,748,12,11169,22623
16790,-12444,732,9,-11110,1744
18764,1548,728,10,2126,12134
10695,23553,833,6,3519,18144
-1200,-1817,719,7,-5211,11422
4119,-15012,742,5,-11857,1058
3547,22281,721,13,-1564,13773
17655,23511,843,11,7858,20222
20732,19946,832,11,19755,18687
-2683,20984,838,10,-4220,-7287
-1001,-5580,714,11,-7402,10903
7254,-3618,721,9,-2959,10756
11849,21294,723,11,12934,22267
7828,19485,712,9,10009,22129
-3951,3339,741,11,-4140,13476
452,16435,716,15,4143,1915
14533,25774,828,14,7934,-12959
20153,23273,834,15,3754,18434
1833,16316,843,4,1468,2590
20762,19909,837,2,21403,20311
-6170,-3870,845,3,-6170,-3870
14721,24816,842,5,-2427,11033
21378,-6463,748,8,-3456,19809
29042,5100,716,8,-6672,-9081
27854,13152,718,0,-8398,-6040
18540,22729,835,15,12992,4940
659,1164,723,5,-2073,14847
-4263,-2168,720,11,-6315,14556
515,12108,710,14,515,12108
27061,-3498,736,10,-11539,1319
23904,-5194,707,9,2429,-11055
28217,4346,720,8,-6603,-3097
-44,12002,731,11,2735,19692
20448,22207,834,13,12380,18794
26718,5395,711,8,161,-2452
12607,7978,842,0,12669,19396
26061,12113,748,0,6612,8772
3056,25250,732,13,-6872,16504
22322,1463,744,1,2450,18858
7244,-10670,710,11,-8023,2285
-2021,1182,741,5,-3692,13003
28846,8768,725,1,-8454,-3756
27550,-2216,735,6,-8551,-4643
6255,16523,735,11,7338,19106
21511,21785,835,15,15577,20814
17022,18934,713,14,17022,18934
-588,24520,745,13,-8799,-2781
11098,23847,730,13,7955,22040
22955,-3695,709,6,-7699,7328
5318,24928,844,6,-8022,7935
21921,20606,824,11,21157,20271
17550,24817,845,14,-7314,-403
12357,19732,745,4,14924,22345
3643,-1627,731,7,-2476,9129
11145,26312,828,7,3040,-12079
15294,23441,730,15,13750,22883
29175,6513,724,3,-10900,-408
23930,4419,706,3,-639,9588
20732,22360,839,13,11732,19778
26431,6548,712,8,4218,-2982
-4639,11787,828,4,2413,-6998
25935,3807,736,1,-2540,12981
20461,22646,849,15,5085,11242
26898,9423,733,0,671,18147
14305,20850,834,4,12373,19054
6729,19445,732,5,9422,22326
-7500,4026,725,11,-4247,18850
10417,19465,745,4,13929,22830
23760,3171,847,2,10130,3777
14531,23290,714,15,13151,22596
5845,22031,713,15,1934,14884
21675,-8600,704,12,16722,-12078
18367,23856,847,7,6831,22313
28809,3690,714,10,-151,-12583
-12218,7239,705,13,8137,-14039
25434,3649,720,4,-394,1642
14261,-6978,734,10,-3355,16732
10875,13689,717,2,13495,22636
13002,25481,838,11,-2544,-1306
20043,23119,831,15,5311,17634
11538,21056,723,5,12926,22264
20432,4461,746,10,6819,8314
13099,19638,741,1,15905,22536
6328,20149,734,7,7761,21593
3542,21657,830,6,-1989,3629
27460,10736,709,2,-5643,4988
3666,25104,731,13,-5517,17290
19280,23675,836,13,259,7506
5079,22582,717,15,25,14216
27303,4024,709,3,-7699,7328
28134,12774,732,0,-11671,2322
-859,-9180,740,11,-8929,4208
15830,19434,739,9,16024,20172
28313,11331,745,0,-7290,10198
12738,25478,837,11,-2106,-2948
2918,-2011,706,12,-924,1486
17458,22439,830,11,11799,18688
17338,18514,716,11,17123,18937
21366,18664,826,7,21377,17551
25363,5921,739,2,3302,19546
-986,20858,835,6,-1328,-6709
22249,20429,830,11,21538,20123
19792,23373,833,15,1648,14276
-5692,11308,719,11,-867,21012
19006,23048,842,14,8311,18706
12917,23201,709,13,11372,22231
-6446,12739,743,5,-1283,21242
10127,26534,830,7,7786,-13881
27242,-3932,744,10,-12261,3441
27587,661,740,8,-8929,4208
23348,783,737,8,-1802,9440
28855,11237,739,2,-10681,-2177
19101,24247,835,15,1985,-11011
-45,-4245,848,1,-5054,5168
21624,21050,826,14,19930,20541
23437,-7167,718,11,5859,-13071
8689,19026,844,3,8689,19026
27672,4248,716,8,-5136,-2346
29236,4644,709,6,7372,-15999
13085,231,834,3,13085,231
24488,7565,721,2,3140,17174
28441,-1255,839,2,-1202,-8878
28894,11178,740,2,-11132,-1152
11445,19749,836,9,12861,5072
7513,22054,828,4,2422,16633
18096,21482,835,9,14402,18798
15786,8036,703,0,10276,21606
22694,20402,843,12,21768,20135
10274,1275,741,7,5944,4337
28457,9005,718,1,-4909,-5484
12652,25046,836,5,-1778,2007
12397,25814,838,5,-4664,-3389
28385,1071,735,8,-10782,1462
26598,11222,748,2,4625,6293
10727,22496,745,12,10727,22496
390,21498,848,4,-7051,4882
10801,21689,842,10,5981,15900
26273,12269,728,2,6045,3501
-2794,17557,732,14,-2794,17557
18687,23848,824,15,2272,5050
20164,17601,845,2,20512,18685
14394,25085,826,11,-2202,13337
18070,22748,845,7,10352,18826
19599,23898,837,15,-4067,625
28725,7981,714,8,8588,-13813
13524,-10777,709,7,-3202,-5848
14683,-12105,733,9,-10370,4462
19703,23834,838,15,-4340,1344
24277,-3060,833,0,-3089,14331
28476,3388,748,1,-6750,15592
12042,24103,733,15,8504,22334
27206,3226,724,1,-5084,16879
13704,22318,827,11,8225,8337
21054,21927,843,13,13626,19535
-1122,19664,827,10,-2174,-3102
21464,21969,839,15,14916,20940
-617,22404,717,13,-7376,8279
11656,7394,841,0,12030,19962
-3302,9387,848,3,-3302,9387
11670,25577,829,7,2224,-7380
13213,20473,727,8,15457,22578
-9645,9422,748,12,-9645,9422
-70,13657,706,14,-70,13657
15005,25131,826,14,3295,-6379
19920,20449,836,3,19920,20449
-3154,17609,834,10,1204,-8104
-12630,3423,729,14,-12630,3423
11392,23458,844,6,3954,18173
9655,21597,747,11,11030,22574
5609,12263,724,9,6527,18959
20490,20670,836,8,20046,20570
-3733,19350,833,4,-7345,-1696
4563,6308,705,7,2292,12474
14616,24583,838,9,110,15616
17441,23615,826,15,15278,-61
21876,18477,839,11,21842,17482
24562,2076,724,3,-1889,15260
27974,12873,729,0,-10083,30
1616,-7788,718,7,-7682,6576
29035,1630,840,0,-4047,-3292
5361,22383,714,13,1093,16386
4276,-11473,746,9,-9371,7886
9763,21923,824,6,4541,15151
9274,19512,715,13,8525,15761
18775,21378,843,9,15215,19145
1150,21768,703,15,-3692,8540
5521,15786,840,4,5494,6410
20892,21107,843,9,19127,20502
27878,-1622,832,2,-1449,-7637
21282,19641,844,9,20476,18683
20878,21341,835,7,18751,20740
-8784,11050,744,12,-8784,11050
4574,24351,734,15,-4549,8812
13048,25864,835,7,-3223,-5625
2321,-4543,719,5,-5211,11422
22423,20314,833,11,21733,20045
15107,24514,841,9,887,16835
28777,10519,747,2,-9821,7795
25804,5190,745,2,4070,21296
4362,-516,840,2,5479,21584
27634,-1190,744,8,-10857,9790
28790,6136,740,1,-8942,5212
27582,-864,743,8,-10418,8759
20502,20267,848,1,20854,20338
25405,-5367,711,9,2742,-13757
6117,22220,828,8,1890,18547
17199,22745,832,5,10683,19051
14328,918,825,2,5510,13995
21504,20321,835,8,21356,20219
22935,3364,838,2,10105,4790
367,-10036,837,3,367,-10036
13435,19835,744,1,16204,22521
9363,19991,831,4,6518,15193
28519,3924,719,8,-8575,-2922
23501,-8828,704,11,4749,-15359
1099,6195,718,7,153,14577
-7529,-8173,744,11,-11918,9037
25750,-4390,706,7,15320,-12684
-3297,-3200,718,11,-6672,13505
-1107,13000,746,5,1858,19699
20394,-2023,706,10,-3495,10252
-977,11149,845,3,-977,11149
25476,1115,712,10,-3368,41
-4197,14186,824,4,-698,-4900
-8985,-2020,720,14,-8985,-2020
14828,23149,726,15,13284,22359
28672,6346,737,1,-8025,3749
19590,23098,831,15,4983,12174
5831,10043,827,6,14540,1049
24331,1659,715,10,-1211,2278
10671,24500,743,15,3876,20019
27334,12237,717,0,-5282,3528
25939,14084,708,0,11776,-875
27437,11947,721,0,-5772,6310
16906,23101,842,5,7846,17882
18610,-3194,740,4,-1851,14914
2339,24148,729,13,-6320,13997
13640,22502,849,11,9119,3919
27335,11933,704,0,-7272,3612
26595,7760,705,1,-1560,1978
27277,8731,715,1,-470,-894
15666,23092,726,13,14678,22653
14447,19327,719,11,14662,20167
12163,20026,740,6,14400,22274
9391,25601,748,13,974,21490
15080,-13773,748,9,-9527,-3337
26261,12321,727,2,6271,3257
28637,8733,711,8,13377,-13175
28892,4825,706,6,8136,-14958
26179,13060,714,2,9863,-364
19048,-2443,727,4,-1292,16443
8909,15068,727,6,11005,21320
21537,21125,836,15,17769,19254
19868,3048,724,1,4312,18819
28655,11303,731,2,-12641,5437
29088,3863,726,6,727,-13238
28958,5221,707,10,7048,-15121
28150,3922,724,8,-7741,-691
16014,23115,731,13,15012,22737
415,24374,720,15,-9616,7865
16648,21929,826,5,11564,17046
8391,-3093,710,12,3951,-1289
14929,23498,834,9,5119,15864
28910,6124,741,1,-8966,5078
25564,1310,743,8,-3747,6102
9058,-7709,719,5,-5587,4915
-2550,-9416,741,7,-9615,2555
11340,24007,844,4,5924,21869
2657,25659,747,13,-10707,6837
10524,19723,737,9,11848,21415
16417,-4099,703,9,19,62
23785,-5721,705,5,6222,-12525
123,19046,827,6,1358,-3244
20342,-730,743,3,1635,18608
19820,23367,836,15,1291,11710
20122,23672,845,13,-7920,8797
-7822,12488,835,4,840,-11059
6200,-13806,717,12,-2861,-10927
27716,10813,714,2,-7076,5032
15658,22212,736,11,16068,22439
13493,23952,739,15,9744,22170
7465,19885,705,7,8923,21692
13363,21498,740,9,14400,22274
15285,25198,845,7,-5336,6523
15213,24857,829,12,-1809,3023
3009,3508,706,5,-70,13657
14046,22757,736,12,14046,22757
11333,25292,827,11,1149,-3963
11638,19628,735,10,13930,22241
20302,23632,847,15,-8566,860
-3154,19742,847,4,-7071,-2029
22088,610,718,8,-1948,12455
15435,18671,827,10,14692,16169
17729,22190,838,9,12933,19381
-5709,5667,710,14,-5709,5667
-4706,-3078,715,14,-4706,-3078
18792,22994,835,15,10528,4245
19480,23488,833,15,1746,9145
20484,-2072,722,8,-1680,16855
13587,-10067,826,1,4131,-8829
23366,4488,745,2,6324,21316
26501,-2055,826,2,-1706,-3729
26044,11206,707,1,12095,-903
28582,2365,824,0,-698,-4900
19536,23125,838,13,4059,10249
19317,19727,825,0,20435,20560
15795,25338,843,12,-4022,-6070
14918,19051,840,3,14918,19051
2172,19545,842,4,-2088,6353
11191,22222,724,12,11769,22638
139,22965,845,4,-9669,6671
12538,24321,842,10,6107,21931
20811,-5391,845,0,826,19823
13787,-10711,826,1,3947,-9641
216,-11379,733,12,-7727,-5112
8874,18945,848,3,8874,18945
20158,20879,830,4,19608,20681
-4403,-2614,723,5,-5919,16550
-6193,4018,841,3,-6193,4018
28502,10524,719,1,4000,-13023
27961,4199,714,4,-2573,-6975
13034,3282,732,11,6710,7395
4309,9568,705,7,3629,15130
12894,23204,830,11,5644,4762
1930,20894,733,13,-2096,8634
29243,7585,736,1,-8256,-4655
13141,23623,825,7,4731,5421
6901,18362,847,8,4702,13378
27503,13505,712,0,-1973,-9122
27424,1742,717,8,-9618,5262
18469,24251,829,13,474,-2195
25865,4740,712,8,-332,738
13110,25080,826,9,-2202,13337
13588,5470,742,3,8472,19818
6039,9425,829,10,14096,1199
-5521,15901,742,7,-1657,20924
15366,22804,826,12,8303,8105
14864,9183,728,8,9659,17342
28219,11660,711,1,14446,-13581
27393,-46,722,10,-9013,-10
9104,25587,831,9,608,-7468
28224,5603,706,4,3275,-11361
51,7963,832,8,4389,-2072
27681,11411,706,2,-6807,-888
11854,-11620,733,9,-9658,7316
10315,23147,840,4,5253,19937
28331,12082,726,2,-9041,-4566
21557,20077,844,1,21705,20136
7692,17663,747,5,9206,20384
2785,14612,712,11,4652,19654
18611,24175,831,13,599,-4056
28694,7598,717,3,-5292,-5674
9764,23128,732,15,5601,19084
12721,24384,825,9,107,11469
14622,-12654,832,1,3441,-12338
1672,-9606,746,9,-8635,10288
939,12896,723,13,6923,1465
16248,24056,844,12,1286,3073
12859,21797,828,9,8173,8572
1866,17871,709,15,2908,5351
28143,1336,841,0,-3515,793
11330,25508,836,9,-3767,-97
9169,16806,844,8,8067,12378
21906,20313,839,10,21591,20135
20069,23304,836,13,4231,18969
10564,26259,827,5,-2449,-7976
13087,21709,733,11,14073,22463
5785,5841,714,9,3029,15094
20988,20071,843,1,21167,20164
9505,15427,824,1,10064,17383
1829,24757,734,15,-7438,1169
16469,20890,847,6,13999,18940
16349,22161,744,5,16777,22407
14329,23054,712,13,13209,22397
2123,7895,716,14,2123,7895
28561,927,739,10,-4068,-8988
2603,26034,737,15,-10935,3458
11730,-11227,719,7,-5469,-3486
27567,8141,711,1,-3650,-542
10504,24546,839,6,1358,19133
3765,-13733,734,7,-7767,-4826
-966,21325,827,6,-2987,-5302
-3828,-4988,843,1,-8390,6631
26683,-1249,748,8,-8325,10755
7252,-14013,716,12,-1915,-11632
16547,24076,840,7,2991,16906
-5575,-6124,724,12,-10177,1692
12017,22983,743,13,8608,19950
-4435,15837,739,12,-4435,15837
23183,20023,844,14,22385,19737
15869,23075,726,15,14745,22559
23711,4724,727,10,5255,3430
4193,-12877,729,12,-4717,-8596
3597,14927,722,12,4022,17091
26905,10551,736,2,809,6185
1760,17675,841,8,-1266,8924
10925,20122,724,11,12067,21529
9244,24312,745,13,2678,19101
-2984,15786,737,12,-2984,15786
28664,11829,743,2,-7657,-5983
10800,21549,730,5,12546,22822
28085,-2721,849,2,-6864,-4979
12495,87,730,7,4630,4289
27490,7290,726,0,1413,22728
5930,4065,828,3,5930,4065
26960,9359,711,1,2857,-2491
-10123,16699,712,15,2246,-14063
25346,-5582,746,6,-10776,5919
16155,16403,825,2,16995,19069
-6242,15551,707,13,-1538,-4741
15182,21421,742,10,16585,22410
5126,8761,824,4,11060,1111
9324,-10470,833,1,-617,-6357
29262,8934,741,1,-4565,-9809
23922,-2742,725,4,-6275,13581
23926,7878,719,8,8710,4749
11044,-12085,727,7,-6480,-2744
2386,8448,746,14,4297,4984
2793,20906,732,15,-380,6938
22638,-4125,747,4,-5488,13736
12650,25440,842,9,-5104,4291
20829,19598,830,0,21538,20123
24963,3838,726,1,-756,15754
9271,3343,732,10,5201,19533
4013,-8219,713,7,-6944,4281
16974,23335,837,7,7404,17775
-1336,9038,726,11,756,18506
11260,21892,719,7,12432,22685
17096,23456,829,12,6153,16072
26120,5244,717,8,516,150
28882,6396,734,1,-9097,2545
-3612,4334,741,5,-3143,15491
29092,7734,708,8,8404,-16027
-8555,-5018,726,14,-8555,-5018
10906,20373,732,6,13977,22915
15078,23380,730,13,13750,22883
19817,21576,842,12,15114,19116
5966,-12475,745,9,-9950,6051
13015,26062,836,5,-8318,1490
5566,14083,728,5,6972,19421
2501,10774,738,9,3703,18098
12199,22885,705,13,10610,21624
27201,5343,713,3,-5200,4360
28336,4242,724,8,-7495,-2098
28068,6004,704,4,5111,-11162
26011,9061,714,2,-314,13081
9520,13681,731,8,11558,21567
19685,19162,827,4,19449,18646
-1392,-8925,733,11,-9109,11677
13622,20244,734,3,15873,22433
10775,19015,712,4,13209,22397
13652,19136,849,1,14451,20054
-412,-1140,748,11,-4000,9162
19243,-7476,744,6,-6283,13300
14701,15711,708,1,13840,19907
20097,-6440,735,10,-6347,12253
27802,6182,729,3,-4407,4092
17663,21718,835,6,15577,20814
1049,12425,725,11,3207,19311
15755,24205,837,11,2366,15836
10966,20466,737,11,11848,21415
-11376,8751,741,14,-10000,-187
20319,20964,828,6,19463,20695
20839,22836,849,15,1999,15375
8918,21044,836,10,4161,13163
29934,2632,824,2,14022,-14411
27001,10273,717,2,-3095,8604
10554,19213,832,8,8897,16570
16581,15827,732,2,15634,20317
17635,24306,841,7,4799,21845
22185,20794,831,14,21029,20424
13891,25744,841,5,-8055,5324
12110,25744,745,15,5270,24226
19956,20664,828,8,19674,20483
17161,24365,828,12,1890,18547
11355,26254,839,5,-2364,-8677
19007,24076,831,15,-578,-1790
12737,21653,744,12,12737,21653
28158,9159,731,2,-4593,16775
15522,24769,840,9,1673,19467
7848,-4209,725,11,-2311,5835
23755,5212,727,10,6271,3257
19991,23169,848,13,684,4978
13163,22850,842,5,6673,4922
-837,-2232,724,7,-5147,11271
27566,-568,747,8,-9820,8617
4505,23496,847,6,-5033,4149
8824,23853,825,6,302,16584
28312,9464,748,0,-2694,18871
-1657,-9213,733,7,-9819,9615
9939,2246,721,6,3717,18195
11397,23532,839,3,11397,23532
3201,21983,840,6,-2745,1516
11942,22157,707,12,12302,22461
21015,-1763,720,8,-2128,16098
19828,19286,827,10,19449,18646
4070,21296,745,12,4070,21296
20881,22232,842,15,10800,18426
8047,23268,831,4,1939,18755
12424,1265,717,6,2496,16073
10181,20449,720,15,8884,16457
21386,368,733,6,-442,8942
28070,7890,731,2,-2698,19876
28195,6542,719,3,-6248,-75
-5380,8032,832,8,414,-6197
10164,20638,709,7,11158,21831
28404,9959,737,2,-7418,8482
7747,-13823,744,9,-10723,3998
11165,21979,827,5,9485,3236
7387,10384,840,8,9843,5178
13809,18034,745,0,16841,22391
10716,-13300,733,5,-10720,3659
-2612,-6467,708,14,-2612,-6467
13335,4449,826,2,8270,15417
17447,22049,835,9,12517,18887
19158,18336,824,1,19255,18617
22805,-9276,709,5,-463,-13681
1806,7555,721,9,2401,18344
421,2282,732,5,-1335,15877
15690,20801,840,6,13157,18413
5801,22621,742,15,530,8770
20249,22053,847,14,14203,19946
9025,22943,829,3,9025,22943
3490,-14447,736,5,-11627,1142
26083,5060,707,4,3064,-3198
17566,24181,840,7,4684,21130
19029,24151,834,13,-4392,-1488
29191,3581,717,10,-1242,-13541
14624,-5768,834,2,211,16361
11387,22463,835,10,6325,18143
17913,18550,732,11,17731,19003
17424,18513,718,11,17202,18939
13333,22612,832,12,13394,1462
25647,10135,709,3,11177,383
10547,10300,723,3,10474,21124
16768,23385,828,12,6189,14449
27500,12040,711,2,-2314,-4173
22005,20224,843,4,21768,20135
8716,-15408,727,11,-12238,1183
6128,17904,834,3,6128,17904
5891,17231,839,3,5891,17231
28284,306,729,10,-10413,-1252
20629,-11045,706,7,1833,-14175
1,9167,729,5,2240,19228
6082,11705,838,8,7856,5874
-10689,-937,706,13,15848,-12512
19602,23974,839,13,-7873,3565
-4723,22122,723,15,-7363,-6552
16653,22304,828,9,11520,18472
-1612,-12445,716,14,-1612,-12445
-5258,19195,706,13,-6807,-888
17559,22420,831,11,11948,18789
28632,7181,731,1,-9030,6351
29993,3544,839,0,669,-12315
-7173,5787,715,14,-7173,5787
24548,-4514,747,4,-8001,13216
16765,19537,711,13,16926,18925
11809,9895,711,2,11643,22285
28506,8847,710,3,1901,-11250
13631,-5669,740,10,-1629,17084
28830,7989,727,1,-9156,626
805,-13827,707,14,805,-13827
27344,4916,712,4,1236,-5532
19045,23114,842,15,11149,1503
27093,12112,712,2,758,-2324
4435,11927,834,1,5119,15864
27704,-2064,837,2,-2663,-6125
10515,21700,837,5,12298,577
20801,22977,845,15,2036,18249
28740,6302,712,10,11048,-13466
1604,24179,841,10,-9449,2533
24366,6484,715,10,9466,1008
26407,-1258,746,3,-4233,19025
14065,20692,743,8,16115,22429
18869,23941,825,13,-1830,8878
24435,5138,736,4,6738,1896
7057,16863,837,3,7057,16863
26553,13121,704,0,2761,-2774
22882,-2386,725,8,-4097,16541
13550,26075,841,5,-9449,2533
14751,-13745,723,7,-6708,-7763
28750,8049,710,3,-2796,-10001
28108,3376,704,10,525,-10879
9792,-8785,720,5,-6301,4104
25992,13666,713,0,9070,518
17122,24482,828,12,776,18278
7694,-9158,737,6,-2427,20167
17469,20755,846,6,15505,19275
15863,25041,840,12,-3846,-1089
1105,25616,733,15,-11755,8305
21854,20969,825,14,20615,20562
24501,3309,737,8,962,5026
17160,24225,824,14,1641,15242
25455,3941,723,4,122,1731
18835,21061,835,12,15307,16743
20266,22092,842,12,15312,21024
19296,22944,843,15,10334,2671
2564,23981,845,6,-7314,-403
11884,67,726,4,3426,19532
12575,7598,724,2,11769,22638
4585,-13011,731,12,-4485,-8863
16387,-3074,730,8,1415,20419
13189,21876,725,9,14403,22728
4456,12541,711,7,4819,17165
2225,25259,734,15,-9097,2545
29052,8199,730,3,-5588,-7391
18596,23429,831,15,8650,1915
26140,2483,724,3,-4219,14148
2446,-1882,716,9,-2988,14402
22674,751,715,8,-2596,11515
338,21540,729,12,2406,23260
7743,23033,731,13,3395,18483
11750,243,707,14,11750,243
27535,12656,726,0,-3730,2466
27452,6687,723,1,-5266,7350
20030,21571,825,5,17899,20776
8809,16317,719,14,8809,16317
1436,19333,841,4,-2588,5209
5340,-11556,713,7,-9008,1714
22617,-9703,703,7,5677,-15456
26664,3941,705,4,-941,-4109
11702,-794,728,5,1947,6397
22661,-3228,740,4,-5203,11878
28091,1518,739,8,-8983,1621
5351,25214,739,13,-5446,14670
-1989,3629,830,3,-1989,3629
19502,23129,830,15,4936,11861
28295,12161,739,0,-8983,1621
9170,-9282,738,10,-2049,20492
28577,11923,745,0,-10629,5833
13988,-677,729,7,5333,2527
28806,5420,716,10,6754,-13620
7705,24442,739,13,31,17594
18166,24744,830,13,6521,-14248
10131,22930,725,15,6798,19558
6312,5031,748,6,5682,20020
-4847,12366,825,4,1471,-6688
28729,3474,723,4,-7360,-6353
5850,-13463,717,14,5850,-13463
21072,-3774,718,6,-5356,10843
1740,17522,726,13,2191,5607
28134,12531,735,0,-7891,-2947
2670,10964,847,3,2670,10964
12238,3491,708,6,3965,15861
10474,16975,747,4,13114,21774
13156,1572,833,3,13156,1572
21711,3300,726,8,2023,11474
7971,2577,730,9,2274,12776
14154,23120,711,13,13008,22463
23921,2765,831,2,9511,2417
12557,25716,846,9,-6596,1067
18829,23445,830,13,4231,7279
16467,24744,845,5,826,19823
21253,20321,837,3,21253,20321
1607,-2058,842,1,-2699,5878
11013,-8337,709,7,-2868,-1809
15310,22544,836,7,7939,10505
5892,17807,723,12,6488,19227
17927,24548,825,13,4780,-8872
27369,2683,729,3,-6320,13997
-5755,8594,735,12,-5755,8594
7194,19914,833,6,4077,8409
19867,23699,842,15,-3181,-3392
22625,2949,729,1,2070,17834
12360,-11714,704,7,-5117,-5566
26191,2906,824,0,3935,1987
8903,-6922,726,9,-5223,9264
-4255,19542,710,13,-6496,438
4236,-2952,703,12,19,62
-1351,-1946,733,11,-4707,13896
25255,1629,726,4,-3947,6139
2507,22222,828,6,-4058,2160
29251,5494,737,3,-8881,-1764
18699,23225,843,12,7984,19721
7363,2380,748,7,3808,6756
27623,1124,729,4,-9498,4203
-66,-9886,824,3,-66,-9886
14429,25732,827,12,-3351,-6404
15816,25248,833,14,-56,-7845
19202,-563,747,10,631,10818
19496,22748,843,15,9452,5777
17666,1421,703,4,1088,12977
9288,5593,730,3,9105,22184
22461,-6189,705,5,4290,-10932
-40,22221,719,15,-5587,4915
19984,-10667,739,9,-2960,-9577
3220,17249,841,3,3220,17249
20154,-7,716,8,-489,15109
418,-8926,726,12,-6136,-3364
-2555,-2556,722,12,-6188,3475
20891,9835,725,2,9398,17111
-6832,18476,713,13,-6070,-5239
28760,6175,709,8,-237,-12257
14297,25290,846,9,-4978,12320
18115,-11709,729,11,-5023,-8175
25025,530,837,0,242,8016
14511,22462,727,12,14785,22648
22607,-4804,712,6,-8332,9499
22438,5370,741,2,6593,20229
21768,-765,735,6,-661,4933
20160,19682,841,2,21023,20232
13633,23370,832,9,3830,11814
27743,2822,713,10,-1889,-7581
18504,-2735,724,8,-375,18916
19272,24092,835,13,-6396,1044
11208,17696,721,1,14228,22514
-7025,18126,712,15,-799,-9251
2325,22429,730,15,-3592,7753
24463,-7300,703,7,10726,-14996
26955,8730,730,0,1415,20419
-1951,3548,710,14,-1951,3548
-6579,-2481,731,12,-9598,5394
-2989,19690,707,13,-5655,2920
-2471,16532,846,8,-4895,3383
19860,22474,826,13,11313,17899
26823,-3044,706,7,18154,-11987
14617,21931,835,6,11129,19376
24453,2035,721,4,-2363,5578
10171,-14386,734,5,-8328,-4826
1619,-7179,830,3,1619,-7179
3533,9130,742,7,3198,13467
24752,-2004,824,2,-498,132
-1465,6949,740,11,-1139,14650
4399,18760,831,10,2679,4968
26454,12403,727,2,5816,2399
9415,26183,828,9,-3175,-7244
12441,20561,739,5,13288,21541
28535,11205,730,2,-11234,5253
28647,8486,724,1,-7495,-2098
19876,-6398,828,2,-4049,11262
13829,-13791,726,11,-9101,-3877
22742,-7113,847,2,-6476,11026
25910,-3127,735,6,-7971,-287
17275,-7787,703,11,824,-6686
-3177,-9204,841,3,-3177,-9204
23401,2452,740,8,569,7943
14310,-13077,708,14,14310,-13077
7631,-9004,830,1,-1290,-4038
22073,20864,829,14,20894,20468
16205,20563,835,10,14402,18798
24519,2806,719,3,-2121,13391
12558,25631,833,11,-2682,-2137
8239,-14039,742,11,-6942,-5201
11678,-3155,726,6,756,18506
-4813,-7580,743,7,-10072,5050
12180,-5915,704,11,-956,-181
-5269,1960,828,8,5267,-10354
14145,25168,827,12,1149,-3963
-13190,7206,707,13,8345,-15039
22417,20913,836,15,20265,20349
14508,-470,743,9,4913,3714
-2655,17698,827,6,3484,-8185
6019,1749,746,10,4599,20456
28687,10260,746,2,-8345,9051
28061,3513,719,4,-5485,-4756
21311,-264,741,1,2983,20644
17743,22762,844,11,10195,18711
10595,22038,720,12,11194,22503
29294,5284,744,1,-10857,9790
-2715,-3713,739,11,-6852,8459
21334,-3799,747,6,-4096,8600
28673,10597,724,1,2875,-13728
9285,-14754,731,11,-11504,1329
26472,5377,730,3,-2468,8601
10001,20949,709,14,10001,20949
21835,827,738,1,2578,19055
27610,11602,708,0,-8066,6519
13325,18886,703,7,13483,19767
17117,24598,849,12,-5104,5949
2316,22832,711,13,-3975,13720
24745,2435,731,8,-2476,9129
24889,-5121,704,5,8379,-13616
-6676,19824,732,13,-6315,-7455
5650,19745,834,6,2928,5451
5289,-3699,727,9,-3279,12801
-1359,24260,732,15,-10976,803
11054,-2877,748,10,1179,18348
27489,6570,712,3,-4018,109
16826,19287,840,6,15710,17074
27397,920,839,0,-2937,3310
19944,19283,829,10,19568,18667
22718,20270,847,11,21881,20083
26226,13544,720,0,7835,848
15015,928,825,3,15015,928
14106,23609,727,15,12135,22718
-10746,12582,716,15,9109,-13503
15871,-1276,731,8,2735,19692
27910,7343,723,1,-6327,4211
27954,287,847,0,-5270,4153
-6959,1792,748,7,-7129,12246
-6153,12887,736,12,-6153,12887
8602,-14466,715,12,-695,-12808
28168,9313,703,3,5920,-11368
9202,-14893,730,5,-12564,4606
28061,12264,715,2,-5342,-8532
28629,10049,707,1,805,-13827
6572,23979,843,10,-3758,12844
23707,2812,848,2,9312,3685
15973,24600,830,11,2467,19164
12547,2309,718,6,3499,16133
10419,-14578,703,14,10419,-14578
3748,-13566,720,12,-5179,-9368
20788,22129,838,13,12067,19050
25949,9259,730,1,4630,4289
29048,8172,719,3,-4255,-10375
14479,-4551,708,9,-1497,2481
21129,22506,849,15,7939,19419
17819,23038,849,5,9613,19720
27370,621,732,4,-9658,6217
28639,1887,837,0,-2106,-2948
26356,10146,714,0,-808,14352
19940,18471,837,1,20056,18701
15167,19542,729,11,15391,20289
11840,22044,840,9,7952,4569
10619,-9902,723,5,-7199,3054
9503,18674,716,6,12287,22421
21815,20277,830,10,21538,20123
20593,22833,849,15,2797,12586
28466,10622,718,1,4916,-13278
13883,7141,824,0,10950,18016
5500,18964,733,5,8504,22334
11876,20331,745,8,15041,22856
14323,4731,736,3,7525,19274
26549,9814,713,2,-1861,10355
26901,-1335,727,10,-10004,4412
28818,5186,704,6,9784,-14740
28864,8094,718,8,8409,-14258
5925,23339,848,6,-3756,7144
22216,-4568,703,9,2629,-8052
15304,-12520,831,1,4325,-12668
9985,16049,726,1,13523,22628
28699,3217,715,10,-1983,-11336
13129,22475,712,14,13129,22475
21715,-6941,730,6,-7517,15303
-9023,14372,705,15,4290,-10932
27379,2456,715,4,-6141,-1626
9564,-2925,732,10,2001,20833
-6934,20417,719,15,-4255,-10375
22505,20418,842,7,21574,20187
24782,-3669,827,2,-3818,1436
7405,12818,826,1,7666,15625
368,9624,708,15,11559,-583
18506,-9329,708,7,1854,-10019
19156,23676,828,15,1021,8034
-3041,22522,720,15,-8351,-1765
15456,24228,835,7,1416,12990
6303,14709,829,3,6303,14709
13278,196,725,10,2333,17007
12935,9377,827,2,11674,17146
9910,12380,709,1,11158,21831
7650,19090,829,8,5539,15279
-12453,13853,703,15,5768,-15506
1215,25408,738,15,-9421,-1786
2958,11948,725,5,4485,19000
-4345,18210,706,15,-1469,-3564
27370,3967,746,1,-4569,13697
20824,-10509,719,5,-4255,-10375
12084,23112,829,11,7009,2931
-4631,15902,745,11,-155,21551
130,21108,733,13,-4372,6400
21953,18811,838,14,21796,17495
18384,20911,828,8,17834,20568
23324,-7886,718,9,-3712,-10266
3134,23799,726,13,-4443,14871
3863,13656,829,8,4317,6901
10331,25539,835,9,-1874,-4540
11060,1111,824,3,11060,1111
10447,14098,745,3,12864,21717
18054,360,728,9,5568,2668
17111,24226,847,11,3797,19659
12305,-4825,707,5,-1216,1984
27498,7300,710,1,-4681,2405
9043,25881,742,15,-1531,20383
-3012,17247,733,5,3625,23872
18093,21805,840,5,13157,18413
3618,-12125,719,12,-4626,-7943
13282,10828,731,0,13823,22408
-3435,16709,710,15,1674,-3195
26429,2698,729,1,-2915,18273
16336,22813,827,7,8716,16291
18317,22389,829,12,11709,18263
22042,3416,716,4,2123,7895
17690,2578,714,8,3029,15094
11010,22466,830,5,8883,1693
28080,10969,727,2,-7601,6122
26001,751,714,10,-4829,-304
13733,8437,704,2,10418,21664
12478,25061,835,5,-1545,1390
17454,24051,849,5,4665,20817
25762,-4867,705,5,9570,-14676
2952,-12580,720,12,-5529,-8018
28619,6817,706,6,15846,-12256
23363,-1919,848,2,684,4978
-8422,17565,721,15,2202,-12416
29857,3847,825,0,5529,-12973
7690,25072,748,14,6064,24444
8913,5276,731,12,6816,7148
2057,24377,842,10,-9590,3576
4781,14829,831,4,5506,5089
16615,-7976,740,8,-1326,21128
1362,-10345,733,7,-9705,7064
28600,4088,744,1,-7967,13095
17539,22727,834,7,10151,18436
26924,237,740,8,-8178,6309
21466,22577,842,15,12049,23624
28257,6874,728,1,-7649,6890
25658,2057,739,1,-1883,16697
912,310,737,9,-2408,13479
4523,24320,730,15,-4124,14474
3333,6931,711,5,2031,15558
4826,13970,840,1,6080,17489
-3202,-5848,709,14,-3202,-5848
12632,11153,839,2,13032,18330
20368,18967,839,8,20167,18707
7434,20295,734,11,8906,21760
19473,-8753,706,7,3476,-10672
9604,17270,727,14,9604,17270
4696,23999,743,12,4696,23999
-2605,10165,725,7,-94,19197
7913,-9631,727,5,-7601,6122
1309,2562,724,5,-1094,14996
18209,23535,847,14,2580,11820
11268,21420,718,14,11268,21420
27802,1155,717,10,-7019,-4321
2629,-7580,715,7,-7173,5787
9059,-6418,719,7,-2649,1868
24322,5769,848,0,11360,6880
9500,6368,741,1,10093,22287
23420,1107,745,8,-1084,9909
6452,2120,737,12,6452,2120
22952,-3528,726,8,-4454,17840
13210,22140,729,12,13615,22413
13851,-1957,747,8,2637,19627
4647,24228,735,13,-4265,12378
-4883,-1893,724,5,-5599,17095
582,3285,723,9,-43,17618
28761,2274,732,6,-5403,-8235
-9696,17626,714,13,-5100,-10625
13273,485,734,11,7585,2724
28455,4195,723,8,-7774,-2912
26340,10498,710,0,-1353,12658
28555,5523,713,4,1989,-11297
9118,422,739,10,3004,18524
-1635,19509,716,15,-1759,162
6708,13276,709,4,9556,21964
15406,23033,734,13,13835,22224
28088,6165,703,4,5920,-11368
16576,-7753,714,9,-4829,-304
5319,-11484,719,12,-2575,-8202
22831,-4492,739,10,-6852,8459
28982,4628,722,6,4822,-13949
19977,20576,835,3,19977,20576
385,13258,829,8,950,3897
24726,5388,742,8,5159,3415
9462,19332,725,11,10756,21232
-7674,-1580,743,7,-8964,10280
11366,-8111,709,7,-2239,-1783
18570,-11638,735,5,282,-11774
16631,7528,720,2,10021,20922
15986,23083,844,12,7436,5632
18178,19061,744,14,18205,18898
26586,1501,733,3,-4313,17226
433,13839,836,4,3146,-454
-1349,19367,844,4,-5351,684
-13360,9949,704,13,4749,-15359
22267,20097,837,6,21976,19947
-3491,11123,834,8,-803,-2019
17058,21715,831,10,15083,20708
26776,8798,721,1,1366,1778
9111,-2254,735,5,1278,4115
-5141,-677,717,12,-7644,5821
-5658,13050,734,12,-5658,13050
11094,20075,728,5,12389,21746
-1090,-9681,742,11,-9391,4316
14825,23214,842,11,4864,8949
26528,-2907,715,9,8221,-13668
16756,24595,825,12,-77,17133
19710,23418,832,15,1491,13861
10472,21570,704,14,10472,21570
9791,24400,839,10,1358,19133
19613,23765,829,15,-1538,14903
28475,1873,724,4,-10900,-408
26900,10612,735,2,906,5719
28680,3905,714,4,-4577,-9259
10681,-6665,716,7,-1759,162
27834,10386,719,2,-7198,8749
16530,24255,828,14,1021,8034
235,11941,720,12,502,15072
12173,23526,711,15,9859,22081
27065,12176,711,2,1203,-2767
19879,22318,849,12,13258,20502
28315,12096,743,0,-7785,1691
15945,19609,740,5,16104,20166
21803,-708,729,3,1116,20189
18356,22341,837,7,12773,19319
5167,21443,710,13,1897,15264
28542,10419,733,2,-9109,11677
22410,16631,848,0,22143,17441
18051,23132,848,7,8777,19369
20432,23032,847,13,1587,14551
-10982,10257,719,13,6532,-13283
10523,26001,830,5,-134,-8809
7066,20778,738,7,8490,22009
12101,2185,830,2,6290,16294
16688,23070,746,13,15340,22572
26560,1747,742,3,-4794,13046
26122,1279,727,8,-6485,9147
-12737,10834,709,13,4483,-14930
28530,4288,710,4,-2796,-10001
10711,5406,722,4,6349,19070
-5794,15718,727,12,-3541,19636
9953,21107,704,12,10418,21664
15213,25413,845,11,-6833,9496
281,18825,842,4,-3196,2897
-7301,-1209,731,7,-7193,15904
19830,23818,838,15,-6955,3650
-1701,24682,727,15,-12185,1366
17698,-12389,733,11,-6384,-7470
6120,23720,731,13,236,18039
19253,23506,832,15,2559,5406
-8934,17544,719,13,-4393,-10103
11179,20210,739,4,14399,22813
26869,14796,703,0,17377,-11761
10504,23748,848,4,4364,20617
13320,20578,827,4,11378,18356
20687,-6610,714,6,-7595,13064
15180,22425,733,12,15450,22589
22130,-9649,736,9,-20,-12403
27625,-1333,725,6,-11234,503
-6594,12049,724,12,-5084,16879
10835,-11898,709,11,-7670,-1729
4017,-13817,720,12,-4983,-9813
26041,-451,723,10,-7199,3054
-6476,11026,847,3,-6476,11026
17008,15461,732,0,15634,20317
28403,-236,828,2,3487,-10109
21081,21261,839,11,19072,20732
26312,13865,703,0,8534,-3894
17442,3290,721,9,8346,5100
20854,20134,841,1,21023,20232
28273,10233,736,2,-6888,6175
14678,24739,831,11,-1310,12209
14515,25802,845,7,-7975,-1116
18859,22383,835,12,12499,19129
28709,2720,730,6,-3676,-9362
13430,22137,731,12,13823,22408
4070,21665,832,8,-799,16335
28164,8168,729,2,-3570,18863
6521,17866,832,8,4693,13001
29065,8157,721,3,-5325,-9098
8205,-11062,727,11,-8126,2953
24792,6148,704,1,-590,8736
-1919,-6086,836,3,-1919,-6086
21741,-9804,717,5,-2539,-11689
18254,20775,829,3,18254,20775
4748,21431,832,4,-1171,12738
15933,24279,834,14,3726,-1275
-5606,10715,825,8,-2647,-3793
28655,4384,725,8,-8206,-3081
-9001,-2331,737,12,-9001,-2331
28882,3975,713,10,883,-13113
11368,23186,847,1,13081,23704
26397,2743,729,3,-4335,13970
14871,21067,716,13,14430,20104
20189,20857,826,6,19518,20503
28653,9976,738,2,-9062,8563
17181,24329,837,7,4565,20984
-1039,9334,735,11,-98,15877
5205,20321,843,4,476,11022
-1797,3432,709,12,-3435,8030
20035,617,710,4,-635,11523
19386,22072,833,11,15335,20775
2661,15366,845,3,2661,15366
-1756,7473,733,12,-2203,12076
11572,20376,829,11,13850,4257
-3036,9256,705,13,7584,-3563
28634,8052,707,4,14584,-12966
14363,-6246,745,10,-2094,17276
13537,8069,835,0,12517,18887
9115,-10235,703,5,-7871,2564
6776,25046,735,15,-3464,14868
19499,-6548,829,2,-3891,11899
4983,24111,844,6,-6397,6475
1994,-5810,732,5,-5794,12407
19664,22862,842,15,7487,6923
7907,-6984,735,5,-2721,1710
27864,2363,732,8,-9185,6222
14953,22564,728,14,14953,22564
13276,22699,840,11,7952,4569
6747,21386,834,10,1152,10824
24511,-5645,737,6,-9995,5481
11704,-4790,824,2,798,17130
27338,11506,710,0,-6412,7735
11451,26546,824,12,14022,-14411
4789,18169,727,14,4789,18169
11860,20099,720,10,14107,22500
2731,23589,836,6,-6614,1894
25407,2993,707,3,-4751,11574
6301,-2780,706,11,-2092,6559
6269,-7618,713,5,-6221,7080
23102,20432,845,15,21301,20107
27159,9942,720,0,-2128,16098
14719,25513,825,14,4192,-9734
28441,11777,731,2,-11504,1329
-3600,6629,847,3,-3600,6629
3253,18618,743,13,4913,3714
19260,-3413,843,0,2614,18529
9678,20498,707,7,10845,21816
27647,4982,736,1,-5696,9283
7182,-1400,738,10,2134,20049
11170,688,735,8,4140,19622
22518,20567,837,14,21477,20198
-7779,19068,722,13,-6575,-8074
4674,-13599,733,7,-11031,3211
-4921,19368,712,15,-3130,-5135
16997,24432,846,5,3708,21110
17443,22846,837,14,7934,10747
23549,486,835,0,1792,10045
26361,6377,705,3,-1560,1978
11358,25859,834,9,-6117,199
28595,10615,740,2,-8929,4208
27181,6185,723,3,-3529,4274
17086,18937,715,14,17086,18937
25146,7573,717,8,7898,1145
11415,26366,848,9,-6292,-5888
-9579,9513,737,14,-8508,1527
13250,21665,737,5,14107,22273
21080,-1917,713,4,-3492,13006
10420,17250,730,6,12721,21753
7529,-12695,722,7,-9013,-10
28711,1531,718,10,-8071,-7508
13579,25938,839,7,-4814,-5520
8533,-10541,835,1,-1388,-5888
19372,24107,835,15,-2336,-8441
2073,14544,728,13,6045,3501
24910,7937,709,4,11177,383
18691,17849,741,4,18103,18887
20689,22305,842,13,10225,18148
15765,-9761,745,10,-4616,18588
12618,244,724,6,2184,16733
29195,7871,733,1,-11343,3108
17558,22050,836,9,12645,18981
18480,-2404,719,4,-1088,16259
24380,-6425,745,10,-10079,10504
21223,-7951,710,5,423,-10312
28799,5326,712,4,785,-12848
5960,7241,828,8,10149,1809
6462,13294,844,8,7320,7464
4704,15654,740,11,6008,18876
23524,2989,825,2,9862,2811
14738,19152,723,9,14998,20241
28390,12495,737,2,-842,-11913
11472,-8381,705,12,5311,-7854
17828,22739,845,11,10352,18826
20088,22954,841,15,4199,11327
8474,17339,708,10,11241,22199
11531,19555,734,10,13835,22224
23073,-7797,719,11,4649,-13071
10681,25755,825,7,4792,-9180
5460,13921,846,10,10028,2049
-3816,-2861,719,11,-6561,13980
-3209,3535,741,6,4096,23752
2758,24364,738,13,-6896,7702
27661,-2460,748,4,-11951,7624
11907,19934,728,8,14711,22729
20026,23641,844,15,-4176,2991
26915,-2574,839,2,-3467,-3188
10551,18243,839,1,11732,19778
3419,20585,846,4,-2071,8807
11341,22042,828,5,9306,3459
-7792,16966,715,13,-3392,-7593
22219,20643,833,12,21221,20273
15191,23388,842,9,4830,15047
28860,8234,718,3,-4021,-9535
12877,25579,838,11,-2617,-2524
17906,24059,845,11,7014,22363
21614,-3907,747,4,-4308,14220
18963,22362,837,12,11924,18977
-2586,-10697,738,11,-10978,4356
23006,-247,704,4,-4272,8258
-6162,-3483,745,7,-8836,8436
4062,8359,825,8,7834,1781
17783,24545,845,14,-5336,6523
8455,12742,703,12,7963,14007
26368,3287,703,8,-4597,836
27610,11381,706,2,-6001,-47
-1498,-11106,743,11,-10542,3887
-11301,14934,710,15,5265,-14769
-1566,7383,734,14,605,2799
-3690,13011,710,13,3312,-2870
24280,2036,709,4,-2406,4147
13903,22792,728,13,12389,21746
25862,-645,742,1,-1657,20924
27057,8728,714,1,157,-113
11526,25607,831,11,697,-5557
14019,-4796,842,0,5308,21511
-2193,-4457,716,11,-7090,12231
27774,-2182,747,4,-12062,6685
-419,9856,735,14,906,5719
7986,24780,848,6,-4467,13610
-5098,-2611,839,3,-5098,-2611
-8850,3896,724,12,-9157,11096
23767,1244,708,10,-1497,2481
24937,582,747,1,-108,19355
15005,25806,831,14,5586,-14050
17240,22853,828,7,10111,18564
26363,1695,718,4,-5934,2616
5889,23726,738,13,-1483,13725
1593,23583,726,15,-6547,8464
20398,123,715,8,-661,14744
28141,9924,729,0,-3845,19373
20297,23540,847,13,-6476,11026
291,9550,840,3,291,9550
19897,23534,834,15,339,15134
10428,24725,745,13,4070,21296
16003,-5380,837,0,3498,20963
18143,20106,828,10,17211,19107
25638,8292,726,0,3426,19532
18044,24432,825,13,2133,-4913
11068,23600,744,13,6594,20058
-4850,1532,704,14,-4850,1532
6342,431,832,1,2559,5406
-4869,13514,841,8,-4325,-1702
13885,4416,844,0,10195,18711
-3760,414,720,7,-5311,13958
12755,1651,829,1,9138,3685
18527,-3589,708,5,4237,-3563
4935,-13896,736,11,-8766,-2880
13887,21709,832,10,10683,19051
5150,24982,726,15,-3822,16986
27609,10344,737,2,-2693,6528
24074,1802,713,4,-2477,5217
21264,19670,843,2,21831,20027
6347,22917,826,10,-1627,12661
21447,18965,826,14,21377,17551
7262,3341,842,2,7631,20063
-2053,14051,715,13,3293,-728
24626,2914,840,0,5494,6410
25099,7573,704,10,12828,-737
19922,-5885,732,10,-4616,16730
13323,24564,832,11,536,5432
21181,-4298,745,4,-4124,14675
12454,22265,740,11,13323,22775
5686,13170,845,1,6472,16628
5683,25851,747,15,-7797,10903
17828,17898,716,10,17123,18937
11747,14187,729,0,14808,22725
1122,20203,730,13,-1983,7015
4573,11618,710,11,4687,16972
-9598,7117,830,4,6521,-14248
10763,-1646,728,6,1976,18968
4844,5452,743,10,5905,21030
13079,-3301,725,5,483,3624
-6477,3003,722,12,-7502,9474
9609,17977,708,8,12424,22483
13857,23334,715,15,12163,22394
23626,4505,706,1,-70,13657
28850,6708,732,1,-9897,8778
18382,24522,826,13,-2414,-5986
861,10002,719,11,2010,17806
9067,21460,742,7,10248,22344
14869,24766,828,11,-1243,13679
8987,-3805,733,9,-2407,10238
8588,22259,841,4,3220,17249
25738,1809,706,8,-6178,5003
16892,24136,837,7,4472,19222
19420,23328,827,13,4950,16030
12695,-11984,827,1,2013,-10313
26589,12164,732,0,1679,7931
6296,24023,733,13,79,18495
11097,23970,843,4,5616,21695
3681,19213,742,12,3681,19213
28684,2273,731,4,-10727,-126
12161,22565,842,9,6673,4922
25627,4125,710,6,5162,-3591
28562,4298,718,4,-3892,-8644
20297,21488,829,5,18254,20775
-649,23403,733,13,-9219,7068
-4750,20149,703,15,-5546,-3151
24682,2335,734,3,-1933,11841
17737,24792,848,14,-8783,1870
27998,12769,729,0,-9738,691
17770,22581,843,11,10375,18293
1483,22240,838,10,-5626,1611
1262,-7794,846,1,-6161,1581
2415,25705,741,15,-10134,1500
-3502,22704,739,13,-4068,-8988
16529,17188,747,1,16488,20147
23499,-6065,706,5,5354,-12342
26276,5656,710,8,1712,-1987
-10024,7132,730,14,-10024,7132
26148,8432,744,1,4708,4388
23820,-8663,715,5,807,-14543
-4816,-5191,745,5,-8551,11813
21156,21310,838,12,18703,20543
-1113,23340,727,15,-8620,1845
4162,88,833,1,438,5947
26340,6631,742,2,1519,18751
12770,21818,715,7,13546,22444
5221,18144,847,8,2580,11820
21768,20783,842,7,20350,20345
-4417,-4389,745,11,-8137,9419
3029,-13464,721,12,-5843,-8893
3061,4983,708,14,3061,4983
5535,-1891,739,11,-236,5255
13976,-11701,720,11,-6423,-4014
28890,6526,738,1,-8691,2440
22879,-6612,711,9,-1198,-9702
19448,23972,835,15,-4773,-736
23986,-788,716,4,-5595,9603
27919,3668,746,1,-5775,14488
26113,5420,841,0,10776,2316
28578,10709,746,0,-7388,14423
5666,18115,748,11,7392,20602
6683,171,824,0,7742,22435
13802,19822,827,1,14604,20561
16963,-7904,726,6,-4560,17585
15390,25039,842,11,-3975,12240
-541,18891,722,13,-1870,4160
27993,2964,729,8,-8999,3637
7785,19052,826,8,5709,15339
9075,20401,832,9,12883,1039
19058,20131,841,10,18131,19314
16104,25471,830,14,-5976,-4316
9294,-5104,704,7,-1292,1432
-3643,19963,705,15,-4670,-1489
17401,23543,830,13,14249,143
27205,9353,746,0,140,16966
19637,23410,835,14,10485,23359
5823,-4663,730,11,-3592,7753
20588,23235,849,13,-2118,16185
28337,1560,738,8,-9392,368
16772,24515,826,14,-898,11333
7140,25553,720,15,-538,21301
26547,6590,828,0,14323,1133
18152,24624,824,13,-1140,-7236
2840,22411,841,6,-3515,793
23605,3035,723,1,880,17516
24874,2556,721,3,-2410,14006
11838,16275,833,1,12321,17767
12970,7165,721,2,11346,22536
415,13057,718,15,8567,158
17601,23406,841,12,4695,14726
-8251,17979,719,13,-4796,-8790
16908,22967,740,13,15825,22542
4019,10993,726,5,4627,17970
6110,-13364,745,9,-10629,5833
15561,19644,735,11,15708,20092
2053,16649,844,4,1286,3073
-1155,-8370,747,11,-8572,5139
-7084,-6565,732,12,-11671,2322
16996,24126,832,14,1045,9906
10255,23679,733,15,5991,20399
18357,24430,826,13,-1706,-3729
5064,-8864,720,5,-7650,8048
26293,-154,735,8,-7465,6974
4068,10071,723,5,4164,17319
21390,20591,832,6,20916,20422
10073,10386,704,5,7996,14147
28610,10497,710,1,5265,-14769
14825,-7717,721,5,-2782,-555
18844,8587,712,1,8346,15328
-325,19742,713,13,-2919,6388
1789,17532,840,3,1789,17532
17741,23440,846,5,8555,20677
-4884,10707,740,7,-2160,17051
27413,709,719,6,-6315,-4147
27812,-859,842,0,-7111,7082
23340,8466,716,0,5487,18082
-2606,22091,722,15,-6744,-1133
122,-12112,747,5,-11153,5522
2774,25609,747,13,-10454,7154
7857,25092,826,9,4132,-8541
19235,24242,840,13,-2391,-9901
26642,4125,704,8,-2939,-1358
4223,8254,746,5,3529,14565
28847,7478,731,1,-9789,4304
13705,20497,839,8,12226,19145
11110,-4168,747,6,-135,17670
-1744,24103,735,13,-8875,-3863
79,5298,827,1,-795,11835
-3550,-3384,727,9,-4584,18530
-771,22679,844,6,-4052,-7462
-2682,-2137,833,3,-2682,-2137
18872,24189,835,13,-1218,-4466
17248,22675,835,7,9790,17539
26736,13443,704,0,3704,-5392
25103,-3722,740,10,-8783,5291
22019,-7134,713,9,-2376,-8228
28149,1148,722,6,-6851,-6368
21544,-9222,719,7,4000,-13023
9206,20384,747,12,9206,20384
-6175,11904,744,12,-6175,11904
21842,20380,840,10,21456,20248
10080,363,741,9,2619,7747
-2619,9186,712,12,-2656,13311
-2546,4707,710,14,-2546,4707
17306,23605,832,14,3830,11814
25420,-1188,714,10,-7372,3519
26610,-4164,744,10,-11410,4613
28453,5202,733,3,-8471,7970
25713,4136,711,3,-3428,9097
28582,9602,716,1,-2338,-9945
-5944,-7856,739,7,-11021,5231
23121,20045,843,14,22336,19755
17981,24516,849,14,-6662,4176
10251,16624,712,1,13129,22475
15015,25724,841,7,-8803,5774
17446,23592,831,12,5577,17155
-1106,3015,842,1,-2427,11033
16949,-695,715,10,-138,13284
4669,23418,847,6,-4969,4387
11224,25695,826,5,-3116,-3086
24883,2632,733,1,79,18495
-3104,17757,745,14,-4803,13128
29171,5324,743,1,-10418,8759
24477,-2910,704,10,-8765,5742
16193,23295,835,5,7085,17373
26470,11820,734,2,6575,2836
11785,-2594,738,10,462,16978
22716,20119,839,5,22094,19876
-6491,17116,747,14,-8474,10982
12121,-10283,717,11,-5549,-1598
13332,20413,827,3,13332,20413
5069,6984,747,9,3627,14820
28316,11190,715,1,9962,-13522
12145,24650,846,6,3708,21110
12343,4963,728,8,6972,19421
16617,-933,719,9,3418,2955
-9098,18072,714,13,-5681,-9524
4506,24346,738,13,-4699,11729
-1273,15337,733,12,79,18495
2556,23306,708,15,-4581,12132
18728,23174,837,15,11685,1674
26142,10299,704,1,8103,-1288
12947,-7902,743,6,-3238,17724
-3013,-5102,739,7,-7618,5596
16294,-6546,730,10,-2584,18672
1433,19789,724,15,125,4779
20686,21912,848,12,16029,21138
3130,3654,828,3,3130,3654
26257,-3834,737,10,-10447,3256
6144,-12983,745,9,-10259,5758
19469,2924,704,1,3215,18138
-4195,14242,833,4,-153,-5646
4723,18592,847,1,7104,21224
9665,18978,727,4,13422,22855
16654,24900,838,14,-3143,-2516
29066,8472,728,1,-10099,-1964
7787,19763,710,5,9710,22029
16387,-976,748,3,5054,20699
15655,25529,834,12,-7821,-370
18332,23993,843,7,7048,23057
27836,8829,741,0,-1254,19487
19755,22960,844,15,6422,5522
19554,1629,732,3,3582,18719
28606,2456,829,0,-784,-4629
23049,-5167,834,2,-4804,6653
27178,14383,711,0,11302,-13711
15279,22674,732,14,15279,22674
17075,19146,824,0,19144,20764
26025,-1953,729,6,-9001,4623
10294,24262,835,4,4495,21837
14447,25755,832,12,-151,-10248
26265,1133,716,10,-4588,-900
12810,17827,733,2,16034,22570
15040,25163,833,11,-3089,14331
10054,21729,746,14,9288,20948
16495,24228,839,7,2513,17307
29562,2350,835,0,-2336,-8441
15823,25481,846,7,-8098,10432
21622,18502,833,5,21617,17516
29023,8857,727,1,-9103,-4178
-9343,12015,707,13,2662,-10361
25621,-3943,740,6,-9162,2527
27631,-1111,743,4,-10542,3887
28854,3211,725,4,-8497,-5482
22844,-2677,728,10,-5548,10928
21186,20519,841,6,20617,20264
22780,1238,714,8,-2278,10580
15700,23866,844,7,2345,10620
24033,1493,710,8,-3449,8577
26296,733,834,0,-980,4878
19684,-5715,746,8,-1956,19309
7656,22714,832,10,1014,14614
17423,22457,831,11,11047,18319
22993,-5760,843,2,-5474,8661
20453,-10578,727,11,-2061,-10964
2964,21317,739,13,-236,5255
-4595,8976,742,7,-2892,15972
18700,-2333,736,4,-1546,13909
14510,21493,746,6,16201,22602
6933,5972,826,4,14375,531
13829,9785,719,0,12434,22164
17388,19399,846,6,16194,17399
12334,22584,845,10,7093,18648
27262,906,737,8,-8025,3749
17576,21929,833,11,12321,17767
4868,13652,718,11,5787,18430
17429,24693,840,14,-5538,6386
3486,15345,706,7,4984,19410
11639,1701,746,8,5298,19712
18002,-3873,710,6,-4186,13206
-5348,16258,828,4,-3955,-5676
23746,5346,722,6,7528,2169
12402,-11616,705,12,4904,-11815
28122,12804,729,2,-3082,-9977
-62,25356,744,15,-7321,-7202
-4021,16480,838,4,-3047,-4736
10055,26555,837,5,2514,-13214
-1299,5493,735,11,-1718,13436
17306,22562,841,5,10088,18012
4100,-10208,729,7,-8440,4701
10965,20564,736,7,11686,21340
27352,3765,733,1,-4313,17226
8602,-3262,713,12,4066,-1444
15846,23556,836,5,5411,16420
22120,20452,849,9,21132,20098
28561,7754,717,3,-4287,-6199
-4880,16303,730,14,-4880,16303
7394,16811,718,6,10906,22424
27739,-1271,728,10,-11964,3562
2562,18493,730,13,1808,7179
12479,-75,713,12,9070,518
2234,21466,711,15,-1901,9404
4073,25768,742,15,-8977,6898
11184,22466,705,13,9432,20653
28194,88,746,8,-11114,6754
-478,16958,720,13,840,2854
27928,13233,723,0,-6708,-7763
23074,-5896,748,4,-6750,15592
20927,22545,846,15,8396,19056
1995,-5715,716,11,-6135,9082
17961,124,722,5,7320,881
28729,6303,720,4,4230,-12639
28241,4063,715,8,-7127,-3613
14323,23486,830,5,4554,12365
9957,1245,725,12,6758,2803
9946,23891,739,15,3902,18335
28357,7507,704,8,7069,-12629
16430,24143,843,5,3567,18565
12228,24917,834,9,-2537,6102
-179,22307,846,10,-5705,-3569
12202,-9961,704,9,-8044,3359
26286,-2910,740,10,-9162,2527
26509,8525,719,1,1061,2388
1390,-12729,723,12,-6986,-7430
11007,23169,849,6,3493,16706
11909,14072,724,0,14478,22637
-5044,13440,831,4,274,-6983
28261,-113,742,10,-6945,-5799
29209,7186,738,1,-9357,-1367
26852,145,725,10,-7690,1300
9790,948,833,2,5689,18144
19029,22923,848,12,9429,19597
-2522,-10021,737,12,-2522,-10021
22130,18404,845,11,22049,17443
10381,13659,732,9,10035,17805
18926,23693,844,12,5924,21869
27819,11038,713,2,-7215,2747
24649,2693,715,8,-2694,6318
15931,23338,833,5,6764,16971
14886,22654,728,14,14886,22654
-289,18055,837,4,-2506,1952
20578,21943,830,15,13885,18518
-9083,4517,730,14,-9083,4517
19499,22348,845,12,11982,19631
12152,3401,716,3,6670,20849
13108,25727,825,12,5693,-11007
-3756,7144,848,3,-3756,7144
17381,24139,846,11,3755,20159
7954,22288,725,13,4474,17773
28718,6787,736,1,-7862,1942
19887,-9394,709,11,431,-10699
-4200,-575,730,9,-3039,19511
1955,24418,720,13,-6795,14876
8407,-3754,735,6,54,18358
21034,20559,843,4,20537,20425
20820,22315,841,15,10088,18012
21913,20259,843,4,21636,20167
20021,23504,846,13,-3689,5723
17361,-2536,847,0,4712,18986
12941,21384,748,6,15312,22849
19644,20951,829,7,17270,19127
21532,17943,832,10,21603,17523
-3447,21572,726,15,-6136,-3364
4297,-13438,731,11,-11234,6168
15354,25367,843,7,-7049,7903
9224,-13190,740,9,-9813,2259
-3346,-6671,727,12,-8567,443
-132,20770,838,10,-3143,-2516
21818,-918,836,2,2744,6320
16250,25212,843,12,-6657,-2163
12784,23277,825,9,4261,10688
11111,21263,717,5,12422,22444
9768,17005,838,1,10823,18917
8455,22500,832,4,3290,17865
6278,2819,733,6,4920,20861
8654,2782,703,6,3040,17929
2059,18590,736,12,2059,18590
17129,23992,841,12,730,11885
16567,166,837,1,12414,786
14908,22318,735,7,15316,22522
11181,-4799,722,11,-893,2678
27768,5960,718,3,-5934,2616
-2628,-9608,828,3,-2628,-9608
19153,22819,833,13,7969,9789
13727,22409,730,14,13727,22409
22379,20617,845,14,20885,20173
10907,-14212,713,12,1833,-13716
24915,-6626,708,5,5487,-15089
9724,20508,833,4,6500,15981
16351,23947,848,9,4959,19243
25,14216,717,14,25,14216
9235,5257,849,1,7084,8818
24747,-5924,707,9,1642,-13043
10066,17143,848,1,11124,18970
16874,-4445,709,11,3766,-3231
21061,531,712,8,-1104,13533
26251,4563,731,1,-2562,14751
12665,22525,710,14,12665,22525
14271,25424,839,7,-4572,2090
3769,2435,703,5,-367,12497
11057,25530,832,9,-4119,301
28398,248,739,8,-11878,4349
18368,22292,840,11,12372,19244
4374,11513,832,4,8429,2169
6139,6859,705,9,3629,15130
-5144,3352,712,12,-6395,9054
27375,1816,710,4,-8059,-892
12992,21802,712,5,13903,22530
13060,2605,733,1,8504,22334
27873,10902,718,0,-7307,13660
28879,7971,719,8,7528,-14186
27206,12601,705,0,-4670,-1489
29305,5925,747,1,-10454,7154
18107,21666,841,10,16289,20979
28320,7295,703,8,6261,-12240
-6565,11070,738,11,-2925,18978
6198,20622,833,10,1746,9145
16329,21724,836,4,14519,20838
14677,22168,732,7,15335,22574
11190,17481,743,4,13592,21695
22254,-10097,704,7,4749,-15359
3406,6626,848,1,2678,12213
-4503,18305,715,13,-4203,-1596
17996,-5468,826,2,-1627,12661
4985,9900,833,10,13451,373
-3369,21796,726,13,-8828,1375
9687,7056,737,8,7881,19950
17673,21672,827,5,13588,18331
3093,21824,740,14,1323,19850
27224,183,732,10,-8047,1171
-6501,10993,737,11,-2979,18904
10684,21984,828,5,10149,1809
5700,-11505,728,7,-8837,2739
28529,9140,712,1,-3940,-8107
27025,-702,738,4,-8691,2440
-5411,10062,734,7,-3355,16732
25817,4679,829,2,14512,73
18062,-2730,836,2,1291,11710
24642,2591,835,0,5100,6507
26477,3036,705,8,-5230,1546
24769,1571,737,3,-2408,13479
5643,22232,830,4,-793,14635
28279,11618,741,0,-8147,7095
28314,10875,705,1,8873,-14792
15992,23260,839,11,5793,14530
21629,20861,827,11,20572,20518
18263,24271,824,13,-498,132
4216,13035,733,5,5767,19260
23250,-8225,719,9,-4393,-10103
5855,-4724,716,11,-3713,6566
6991,-391,738,6,2578,19055
-7278,18796,730,13,-4668,-8499
11109,16582,740,8,13348,21559
27382,1819,833,0,-605,845
25949,2219,707,4,-3940,487
17049,23191,842,5,8311,18706
26458,1899,709,10,-2620,-3614
24992,-4424,746,6,-8545,4290
3108,-8249,705,7,-7425,4346
14032,23292,834,7,5190,6158
28734,-567,835,2,840,-11059
19100,23272,834,15,6163,4460
23826,-7412,744,6,-10857,9790
27015,-446,744,8,-8988,8582
-2727,-344,726,11,-4443,14871
25634,1199,832,0,536,5432
13292,22990,714,13,11812,22018
26720,8072,746,0,2513,19768
8300,295,747,4,4822,20581
18381,24677,828,15,8325,-14534
13972,19655,711,12,14058,19979
28667,4865,705,6,8137,-14039
4386,19478,745,13,4261,5818
11073,24303,843,4,5452,22202
21804,-1381,710,4,-3887,11512
15920,21322,840,6,13195,19331
15161,-13844,729,9,-12553,3569
3215,18138,704,14,3215,18138
9865,19214,707,6,12302,22461
-3439,18464,708,13,-4223,1114
4888,9394,710,5,4223,16325
27852,3087,737,3,-7418,8482
28984,4974,708,10,5487,-15089
817,3455,726,5,-756,15754
18180,-10893,707,7,-25,-10977
25542,-3204,738,10,-8734,3516
24393,7506,734,0,5149,19052
3852,22936,723,13,-2073,14847
29018,4003,740,8,-5373,-7402
17919,24062,843,7,6404,22086
11738,25596,832,11,160,-5025
14866,23649,830,7,3742,11111
-7877,663,830,8,5218,-12939
25309,10476,704,0,1195,11829
-4340,1344,838,3,-4340,1344
11359,21677,825,7,12257,2693
19501,-3094,705,5,5760,-4435
8784,19106,708,7,9850,20885
17764,22761,744,15,16777,22407
26277,-2091,746,8,-8291,12539
8817,-14142,737,5,-8753,-3266
4206,-2143,729,11,-2549,9973
4393,-9179,714,7,-7372,3519
4763,-14329,709,14,4763,-14329
10048,-13226,739,9,-9619,1314
-646,24000,731,13,-10523,8142
15805,25638,830,14,-4191,-8093
-9667,10456,734,14,-9097,2545
28500,-415,743,6,-6482,-8195
12243,21790,704,7,13001,22437
16483,20701,849,1,17219,21081
16195,24488,837,11,1034,17488
12658,25626,828,7,-2627,-2462
633,19434,832,10,-671,-476
16656,-5533,730,6,-2682,16812
13148,21553,830,6,9497,17877
23217,20384,845,15,21895,20074
939,23948,717,13,-7540,13002
9035,6625,847,3,9035,6625
28291,751,727,10,-9463,-2707
13569,22834,833,12,12646,1145
19785,19559,848,2,20741,20252
4246,11339,711,7,4354,16540
1022,13255,724,13,6638,1685
25098,4473,831,2,13635,1364
-1131,17740,848,8,-4568,5941
28166,2663,726,8,-9888,3536
5019,19360,731,14,5019,19360
19791,21875,843,14,13524,18648
19938,23479,838,13,1256,16784
21147,21139,847,13,16280,17457
27589,13775,723,0,447,-11693
4729,23388,824,6,-4436,8538
8599,19637,829,9,14096,1199
27935,2942,709,6,770,-10314
10613,26408,833,11,2557,-11957
12211,-11852,726,9,-9809,5956
-5840,14835,834,8,-6736,-828
16136,25448,839,14,-2364,-8677
14259,17510,714,10,14292,20052
-9705,7064,733,14,-9705,7064
-7233,-838,824,8,6361,-13180
26902,10402,738,2,658,7080
10931,18303,719,3,13914,22566
3645,3770,708,7,434,11384
24050,2334,722,6,1114,2227
891,18316,839,8,-2649,9199
8000,26560,830,5,9007,-14759
-4376,-1253,845,3,-4376,-1253
27072,5130,720,1,-5048,12003
27924,9772,704,1,2252,-9134
19253,-5774,741,4,-3864,16814
6127,21344,836,10,385,9484
18780,21591,838,11,14717,18945
-4063,6545,743,7,-3296,14034
19738,23071,833,13,6106,16378
15417,22844,742,15,13463,21621
-2144,11282,748,11,118,17989
11927,-2646,829,2,2642,16962
17194,22392,843,9,10943,18534
21990,19925,849,1,22121,19992
28316,12105,726,2,-9101,-3877
15910,2778,740,3,6008,18876
25175,-7367,708,11,8404,-16027
11485,21623,725,9,13194,22832
5775,23453,837,4,-1969,16473
5785,-8335,719,7,-6135,3356
15488,22124,742,5,16012,22438
23487,552,736,1,302,18662
11875,-9479,734,10,-3501,19039
7433,25566,745,13,-2607,18535
4738,11534,834,6,13085,231
13007,24793,831,11,-528,3096
1989,22973,721,13,-4857,12570
28317,10511,707,1,5672,-13371
27289,-2705,740,10,-10485,194
17846,21924,843,6,15433,21046
17529,15820,746,0,16433,20138
19269,-2775,716,4,-2735,16037
26398,7806,742,0,3620,19829
25070,6218,708,4,6622,-452
-4201,15421,707,15,3141,-4363
17593,24706,846,14,-6596,1067
7408,22144,838,6,481,10456
18973,22743,833,14,10827,19161
8565,25376,825,9,1471,-6688
27286,13697,709,0,1578,-10610
26224,-3809,740,6,-9717,1075
19270,-11714,719,11,-3751,-10554
12360,21529,728,11,13481,22414
5886,10663,733,4,9605,22421
3189,-7507,712,12,-2831,-3565
16624,-4516,710,5,1712,-1987
7925,1642,719,11,1973,8997
7349,-899,706,14,7349,-899
10213,26070,834,5,2842,-11414
17334,22678,837,7,9567,17408
15044,24420,826,12,1034,4410
2351,6754,719,11,1401,15242
26297,-4207,709,7,16031,-13035
26428,11771,704,0,-1591,5935
7150,21006,839,6,2181,8511
4851,15767,836,8,4044,9516
18254,22305,848,9,12476,19888
28565,1546,740,8,-10527,1013
14860,23923,841,11,2212,9372
25572,3974,718,4,187,640
29179,6045,744,1,-10085,5959
14016,21066,704,15,13543,19782
-5211,11422,719,14,-5211,11422
5249,17910,743,11,6962,20492
10027,18455,712,8,12900,22561
2679,4968,831,3,2679,4968
25816,4186,743,3,-1147,8978
-590,2379,716,12,-2762,6867
25941,11319,705,1,12496,-715
11739,3964,704,6,3994,15700
27949,6153,709,3,-6199,-319
15904,24228,828,12,1004,9974
19974,-6743,739,4,-5098,16947
-4252,11126,747,5,-108,19355
5368,-2367,705,7,-1991,6052
4403,23749,717,15,-2776,14856
-2011,17593,839,8,-5493,5622
7406,16891,703,6,10315,22142
20339,23254,843,13,2614,18529
26532,11434,744,2,5335,5140
12327,22236,841,11,10776,2316
13551,-1729,741,4,1719,18058
7936,17476,714,5,9189,20389
3946,17487,727,12,4845,19348
8841,23741,840,8,4477,21645
16360,24796,835,14,-1167,-1722
21831,-1234,706,9,7151,-4559
8775,548,729,12,5333,2527
15435,23780,846,11,2626,10556
17329,24508,843,12,-3758,12844
18477,23102,842,12,8311,18706
3773,22226,845,10,-3621,5022
24133,-6574,742,6,-10491,7869
2203,4631,720,5,429,15274
21216,-10922,706,7,2600,-14822
29035,7489,722,3,-7291,-6175
20210,4343,748,10,6612,8772
19996,23057,845,13,2565,10145
20268,23526,849,13,-7084,5694
-7415,2845,747,9,-3842,19432
29204,8427,719,3,-3207,-12331
5631,20120,840,8,2091,15006
1826,24319,717,13,-6807,14899
29253,4057,746,3,-10572,6777
6417,6642,710,6,5634,20014
11171,6748,841,2,10088,18012
-3235,-3101,838,3,-3235,-3101
21983,-5223,748,3,501,22525
26669,8245,715,3,3293,-728
-7002,8332,739,9,-1685,20815
16795,22570,835,9,10326,18562
-2448,-3096,743,5,-6345,11253
21409,-860,739,4,-1733,10484
21943,20076,846,3,21943,20076
901,-2217,843,1,-3388,6063
25705,-907,743,1,-1283,21242
3245,8361,719,5,2811,16627
28742,9527,708,3,6207,-14911
27841,-578,742,8,-11046,7909
12234,22518,840,7,11520,990
16348,24717,830,14,-1989,3629
-4333,19470,718,13,-5911,-835
26703,10305,723,0,-823,14730
24909,8540,711,2,1693,14228
18528,24233,830,13,-174,-2345
28179,1939,743,3,-8226,12381
17905,-1006,704,11,8103,-1288
11730,-3974,706,12,7125,-3363
9670,17423,848,8,8257,13273
13131,-162,747,9,4105,5304
13831,22034,727,5,14785,22648
3779,16757,835,4,2820,5885
19776,-744,746,6,338,8985
24969,7333,703,6,13131,-755
15493,21204,825,8,14358,20482
12616,21891,846,5,10330,3567
253,1349,739,9,-2046,14456
12909,8286,722,0,12811,22755
11869,21597,709,11,12771,22429
28226,-310,722,6,-10390,-3808
17519,22209,836,9,12644,19229
9607,20299,708,9,11241,22199
2547,-1583,715,12,-1211,2278
2134,20049,738,12,2134,20049
24813,3292,716,3,-2491,12002
27085,-2674,733,10,-11755,8305
23998,-3750,845,2,-3511,5257
7209,3994,747,10,5499,19880
-2221,1874,708,14,-2221,1874
15300,25281,829,14,1829,-6541
19544,-6992,740,4,-4774,17459
6076,389,824,1,2272,5050
-1215,20572,838,10,-3047,-4736
13948,25404,840,7,-3219,64
-692,4946,737,5,-1375,14369
15656,23484,844,11,4404,12367
11091,-5998,746,10,-398,19082
-1892,-8819,718,14,-1892,-8819
28840,7223,716,3,-7045,-5528
27624,12334,731,0,-4359,5467
23955,-3101,709,10,-8062,7281
27177,8943,731,0,624,19743
26228,5889,837,0,12249,2067
18940,22994,842,14,7846,17882
16851,24282,839,5,4385,20912
25804,-307,713,8,-8227,10234
5607,918,714,9,-234,12906
12305,21695,726,5,13523,22628
25050,9861,724,1,7824,5657
27301,12825,711,0,-3596,-2378
28062,-651,729,6,-11093,-748
26875,-733,745,8,-8834,9516
23652,19888,849,15,22648,19609
8800,19566,703,5,10276,21606
1881,-6747,714,12,-3775,-2269
1830,-11135,732,11,-9897,8778
4732,19285,748,11,6962,21674
27379,13381,706,0,-1149,-9928
27985,2691,741,1,-6132,16583
-10386,14980,720,15,6635,-14131
27895,8444,714,1,-3775,-2269
28744,9382,709,3,4763,-14329
15985,20262,837,4,14607,18904
340,96,837,1,-2658,7955
27378,14087,718,0,5859,-13071
22704,20287,847,5,21881,20083
25373,-4768,721,9,2903,-12586
25360,-4973,704,5,9018,-14292
25857,-4429,845,2,-6768,2364
23986,-7793,711,5,2417,-14428
18772,248,824,0,4541,15151
14458,1910,842,0,8311,18706
13674,23637,843,9,2510,9301
15728,22553,832,9,8897,16570
13771,21183,841,8,12030,19962
28699,11849,747,2,-9030,-4226
23928,5113,746,8,4960,5704
12998,20988,839,11,12456,5472
20267,20596,844,9,18336,19340
6743,-13679,738,9,-10978,4356
-32,5842,828,1,-670,12343
17074,24668,841,14,-2936,2472
9349,-6709,704,12,3704,-5392
4093,946,741,7,557,6775
20180,23443,839,13,1358,19133
-6597,13079,845,8,-5186,-4417
26594,7538,734,1,1451,3664
25149,3206,714,4,-934,1760
-3509,19901,848,4,-7588,-3199
28989,3712,825,0,4240,-8205
5191,-8384,709,12,-1212,-5331
17482,3151,744,1,6632,19517
15486,18298,734,6,15679,20082
27988,11409,747,0,-4096,8600
884,14494,832,8,536,5432
27571,12322,709,2,-1246,-6920
13100,20506,846,8,11359,18861
-9523,1774,724,14,-9523,1774
29401,5971,748,1,-11084,6419
5150,-5111,726,7,-3947,6139
9187,21442,826,6,4261,13493
17562,22498,830,7,10897,18206
15494,24342,829,12,646,5918
17186,19446,836,2,18825,20755
5461,10068,825,1,5510,13995
20297,23481,847,15,-5016,245
19540,20734,833,9,17555,19195
29602,5659,738,3,-10213,-3170
27578,7755,714,1,-4621,1454
27773,13378,721,2,5737,-14045
20691,20207,827,12,19449,18646
16108,20643,846,1,16869,21051
12158,21548,849,9,9753,4185
11505,21660,843,6,6335,15550
20622,23492,849,15,-9093,10545
22875,-4285,723,6,-7399,10163
-3507,22173,729,13,-9738,691
8338,1598,719,14,8338,1598
9692,18444,826,8,8270,15417
28346,784,746,4,-9094,-1232
11714,14526,846,0,15801,21112
18013,23768,849,11,7610,21509
-1176,14809,738,12,-1176,14809
28121,12791,717,2,-1242,-13541
28521,10179,712,3,10411,-13786
8204,7792,730,10,7564,20177
26232,10749,737,0,2886,11976
10827,19161,833,3,10827,19161
17402,22263,829,11,11709,18263
19307,24051,831,15,-5003,722
28008,12275,731,0,-9030,6351
9688,14703,737,8,11848,21415
-671,-476,832,3,-671,-476
19630,-11327,727,9,-10257,-2850
27568,-2728,828,2,-4876,-5939
27999,-114,747,8,-10454,7154
14662,8611,718,4,8741,16186
17533,24126,832,14,1014,14614
28195,449,847,0,-5749,3896
14406,23246,843,11,5276,7410
26873,9775,729,0,-186,16833
12451,23722,835,9,2306,6747
9828,18582,827,8,8367,15613
12300,21885,715,11,13259,22613
11675,20664,730,7,12721,21753
5329,24055,740,15,-3251,9051
-2446,12659,727,14,-2446,12659
11727,20354,827,8,9962,18457
21759,4845,715,1,3122,15356
27896,6207,717,1,-7376,8279
10843,21146,715,5,12163,22394
28422,6714,718,1,-9655,6149
26943,7898,725,1,-1511,4290
13692,22980,732,15,11677,21602
27463,11443,713,2,-4334,785
18219,-1728,717,6,-1594,12202
27702,13060,711,2,2307,-13274
20299,23337,839,15,1517,17166
9548,-1252,748,8,4823,21659
21871,-3326,722,4,-4861,15037
18242,17831,726,4,17521,18969
2934,14828,713,14,2934,14828
10848,20946,717,9,12422,22444
11060,6551,746,3,9288,20948
8121,9737,709,3,9556,21964
21177,-1360,837,2,2221,7622
21958,20387,840,6,21606,20228
-1025,8831,734,11,-262,15499
17138,7449,716,2,9456,20570
21140,2088,711,9,10628,-348
25952,9388,710,2,-551,11287
15004,23337,832,11,5063,12495
11541,25510,837,9,-4067,625
1399,21902,710,13,-3887,11512
435,24887,741,13,-10264,1095
-4747,21882,728,13,-10099,-1964
28720,10754,744,2,-9905,5144
12258,21177,826,10,8884,17243
27266,-102,831,0,-4583,4395
11966,13695,739,2,14379,22295
27608,4515,706,3,-7989,4985
17972,19629,740,13,18085,18867
12862,-8195,744,4,-847,21013
9918,-9872,713,5,-7215,2747
19095,23791,833,13,-868,4287
26759,3833,733,2,3625,23872
7560,20937,845,4,2879,14144
11698,-12950,836,1,6,-10530
-6383,-5225,748,5,-9276,12814
26111,382,723,8,-7399,10163
21233,21985,843,15,13638,19734
9768,21326,838,4,5724,16956
27096,1877,731,1,-3113,20134
472,17827,845,8,-2801,7818
19070,23680,828,15,1902,6876
9076,22463,843,4,3699,17867
28530,11069,741,2,-7120,333
19459,-1125,715,10,-1765,11279
9389,23935,834,6,211,16361
1674,-2788,739,4,3522,23491
-6874,18938,748,14,-9732,12956
15820,23763,831,5,5311,17634
26316,-4267,712,11,13616,-13786
13033,21994,718,7,13811,22566
13770,25446,838,5,-5976,6411
10809,25735,825,11,1471,-6688
4649,12550,740,10,8874,22213
1984,6200,729,9,2020,18035
13518,25959,827,12,3880,-12421
11040,22087,830,5,9721,2217
-267,23544,733,13,-8981,7987
22304,20675,833,14,21221,20273
3265,23847,721,15,-4857,12570
27501,13705,710,2,12674,-13454
19599,23627,830,15,-1437,11684
20211,-923,743,3,1782,19024
3970,-6944,708,11,-6364,6376
21900,20230,840,4,21661,20132
18466,16,835,0,5264,16142
23488,3769,729,4,1875,6788
21649,19922,844,12,20476,18683
12417,1464,720,10,2970,16897
29182,2665,836,0,-7,-7102
28756,3489,725,6,-28,-11643
7952,26362,827,5,9228,-14608
21161,20446,838,4,20809,20284
20536,4825,711,1,4354,16540
14931,25064,824,14,2793,-3873
11899,20861,744,11,12737,21653
24456,-1899,729,8,-5170,15812
12704,22251,721,14,12704,22251
-2255,10767,747,11,-135,17670
28302,9025,716,1,-3839,-5676
20789,19917,833,11,19806,18686
18196,17734,721,8,17346,18941
5715,8764,833,8,9101,2862
21379,1480,703,4,-822,8506
21782,5133,745,4,6934,8087
26596,-1453,724,10,-9673,4237
1150,-6237,743,9,-6345,11253
3422,6438,737,14,5874,3554
28749,11647,745,2,-8936,-3749
16520,-12976,705,12,8933,-15135
2434,20617,728,15,-300,6641
-8400,10987,747,12,-8400,10987
14232,-7832,704,7,164,-4468
17413,24120,846,12,-862,11685
5858,24536,743,13,-3296,14034
7567,21052,844,10,2345,10620
-980,4878,834,3,-980,4878
28303,7634,745,2,-2284,18969
12856,-3672,838,2,2269,16942
-4412,2072,714,12,-6222,7750
3766,25464,741,13,-8635,10907
28814,6639,706,4,7662,-14644
-9212,10627,824,10,10385,-13722
26820,7442,722,3,381,1228
15371,-2597,840,0,5253,19937
17846,24243,846,14,-2071,8807
28120,-1049,728,10,-12523,2281
12961,21969,710,7,13681,22526
20896,-3918,732,6,-4534,12873
25763,8869,720,0,2196,18085
25782,-47,705,4,-7899,4186
-1728,12125,743,9,2206,20597
-4878,18820,836,10,6,-10530
28198,10689,728,2,-8079,8531
10361,18080,839,3,10361,18080
-135,8885,734,9,1542,18094
4794,2961,711,5,554,12481
14035,25002,845,5,-3621,5022
29352,5846,748,1,-10606,7716
-3908,14876,745,11,10,20730
5343,19958,835,4,1213,11269
27874,8867,747,0,-108,19355
-2374,11178,727,7,508,19704
23566,-3807,735,8,-6319,14742
-8338,4547,830,8,1428,-11253
19998,23368,843,13,-1153,10058
-7059,4511,839,3,-7059,4511
28229,8336,706,1,-6240,-4091
-6736,19894,726,15,-1783,-10864
12161,26094,848,9,-7449,-1078
17338,22259,831,5,11972,18491
12394,20346,844,8,10521,18449
17041,24717,841,14,-3664,-187
13456,25654,843,5,-6376,673
-5221,14944,826,10,4620,-10102
28837,3087,733,8,-11343,3108
-2013,-5034,849,1,-7084,5694
27900,3713,724,8,-7402,499
25490,2986,741,1,-1631,15348
11911,21958,727,5,13422,22855
848,7743,710,13,11146,-730
13716,-12479,714,7,-5298,-6691
23971,1692,721,8,-2911,9568
523,-12949,737,7,-9715,-1858
14879,-2770,727,6,-569,16110
-4180,2457,724,12,-5837,8363
20826,20632,849,11,18653,19412
6038,-2832,733,11,-2096,8634
5954,25490,729,15,-3570,18863
12649,24692,832,5,-714,3686
12548,21166,744,13,10892,17859
8536,25127,742,15,-1063,17786
4237,14614,832,8,4120,8027
28152,10393,737,0,-5950,13501
28928,4315,731,4,-6000,-7274
815,16796,737,12,815,16796
15729,-11913,719,11,-5685,-6259
12889,23406,829,5,4317,6901
14049,22087,726,7,14745,22559
-3549,-9649,728,12,-10099,-1964
9831,5038,727,3,8605,21956
4115,4990,846,1,2626,10556
27122,-2590,729,6,-11924,4718
19388,-6780,747,8,-2208,20329
26985,1234,743,1,-3690,18837
29379,5839,748,1,-10897,8529
17494,23318,842,14,4864,8949
-4435,12400,829,4,1829,-6541
21345,2810,733,1,3769,18946
4991,1034,745,10,4070,21296
22080,21121,832,13,19636,20522
14478,-4070,729,9,-1115,4803
-10946,15345,710,15,4236,-14601
27979,10890,728,0,-5487,15324
-1303,16569,713,15,2851,-188
15057,23623,830,7,4554,12365
24592,-3140,727,6,-8118,7759
26441,1671,729,8,-6637,8565
25034,-523,837,2,2874,-37
11629,-8241,711,11,-3650,-542
2505,-6871,727,7,-6626,7089
14529,-14370,720,11,-9317,-5710
-8701,-2448,748,11,-9276,12814
21214,20606,842,6,20469,20445
26300,1255,712,6,-2831,-3565
10606,25875,836,9,-3738,-4900
20178,22079,846,14,14070,19914
24037,-920,748,3,-1229,18393
18504,24623,827,13,-4281,-6701
23638,-5726,743,6,-9030,7771
28679,3514,723,6,447,-11693
-4341,-2926,745,11,-7290,10198
17690,23925,838,14,1511,12587
686,3546,720,7,-1263,13505
11502,24250,846,8,7947,23358
15049,24812,831,9,1658,19270
17230,18473,844,0,19205,20490
7989,-8419,741,6,-1889,20060
21576,21175,842,12,19331,20702
28923,3229,743,8,-7634,-4301
17964,24207,847,14,-2013,9404
13580,23097,837,5,4983,7203
26915,-2272,740,4,-10588,6073
28452,923,746,4,-9160,-1767
19477,22688,847,13,9035,6625
1727,21106,836,4,-4777,8112
25777,13998,708,0,11453,303
12901,22840,838,9,4937,7557
-3267,4767,725,14,-3267,4767
17217,24131,827,5,8512,22766
8833,-3255,709,12,4338,-1627
20963,-5565,728,10,-5487,15324
12427,-10077,828,1,2852,-8061
27802,-86,745,8,-10048,6875
-5984,-8195,721,14,-5984,-8195
9280,-4358,726,11,-1656,4825
3306,-10226,738,5,-8194,3676
11084,18636,844,3,11084,18636
28228,10489,733,2,-7284,10582
27300,13675,705,0,1688,-11790
20014,22124,844,14,12939,19541
27354,-620,732,4,-10433,8984
19834,20242,833,1,20045,20402
16251,23671,829,12,4485,12033
11891,-11792,727,5,-9084,1760
-1374,21835,836,6,-2985,-7768
6270,13244,849,8,6966,6999
27644,75,729,4,-10707,6413
9891,24880,738,15,2134,20049
14024,23104,827,12,9485,3236
1839,-8232,713,5,-8227,10234
27102,12708,703,0,-2573,-1963
-6764,16420,844,4,-3541,-9196
14719,25675,845,7,-7314,-403
19758,23270,838,15,2202,8074
25311,959,721,4,-5187,6025
11477,9612,825,2,11086,18134
27709,13295,717,2,5850,-13463
-4006,18122,737,14,-5950,13501
25595,-1686,725,10,-8138,6239
17971,-5465,739,4,-2433,16646
12390,21923,722,12,12801,22264
1250,18642,839,4,-1811,4496
16161,21489,848,10,13504,19815
6846,18198,737,7,7881,19950
18842,-7069,725,10,-4884,17135
28408,9888,703,3,9236,-13625
24441,-6827,705,11,8503,-14525
24308,3334,724,4,125,4779
23221,-6377,713,9,-622,-9927
20122,-4366,731,10,-3910,14950
-897,-9126,848,1,-8783,1870
9846,25871,828,9,-3548,-4586
27738,12867,721,0,-7034,-2266
-4857,12570,721,14,-4857,12570
25086,6194,716,8,4143,1915
20306,23311,834,15,3661,20269
23585,-776,742,3,-1063,17786
12437,19166,725,1,15277,22593
26219,8686,715,2,-661,14744
11571,21262,707,5,12612,22312
28255,5186,710,4,770,-10208
-2229,5640,726,5,-714,18269
1077,-9599,709,14,1077,-9599
10282,-2814,844,2,3837,18843
27701,13292,710,2,4839,-14480
-1649,19900,843,4,-6376,673
-8481,13561,830,10,7786,-13881
24022,7285,729,2,5112,18534
4857,14213,721,7,5938,18579
10621,23735,847,8,6831,22313
28919,4798,709,10,5045,-14582
13949,-13868,726,11,-9070,-4198
24658,5513,741,8,5394,3517
13268,25425,843,5,-4322,1087
28786,2776,717,6,-1979,-11819
28257,9378,704,3,5758,-12010
5717,-10192,734,5,-6939,1395
5353,3777,747,11,2454,9832
14387,9725,736,8,10177,17138
19250,23875,849,14,2294,21012
18648,19193,832,0,19968,20421
-1839,18375,844,8,-6397,6475
-10591,-898,706,13,15846,-12256
11887,21514,834,5,10682,4071
-632,16520,736,12,-632,16520
3911,-649,745,6,2775,20993
18303,24497,825,15,4240,-8205
4767,21384,708,15,1401,13208
-3666,6326,833,1,-3089,14331
7476,26237,833,9,5105,-13300
26410,-3748,842,2,-6112,-170
27085,-2596,828,2,-3548,-4586
24944,9030,737,1,7972,6386
9655,14414,726,7,9493,17215
6049,22476,824,6,-1052,10269
19526,17457,833,2,19806,18686
18503,22762,834,14,9151,16926
4667,16262,720,9,7402,21316
-5594,9835,826,4,4131,-8829
7147,6635,718,4,7051,21094
29293,-161,834,2,2798,-13104
27288,7452,713,3,-675,-1439
3210,22884,710,15,-3001,12343
2800,7570,710,11,1897,15264
15263,-6254,740,6,-3373,15030
29242,6275,744,1,-10240,4830
18349,380,711,7,10628,-348
25428,13735,710,0,10468,3431
10990,16500,735,1,13930,22241
12679,17218,841,1,13275,18491
15762,23417,735,15,13929,22741
16273,23790,832,11,5488,17901
15335,24233,834,11,1814,14679
7688,-3162,736,9,-1469,7162
2092,-10150,743,11,-7785,1691
28795,7029,704,4,9986,-14872
21048,21059,824,5,19761,20588
26071,6700,704,4,8058,-3735
8129,7178,737,3,9411,22032
19004,24430,837,15,1543,-11868
29459,4532,737,3,-11800,2166
28953,8393,728,1,-9602,-1232
18676,23761,846,12,3755,20159
-8571,-3273,736,12,-8571,-3273
28308,1608,725,4,-10506,320
-1242,17023,837,4,-1863,-174
27720,10034,728,0,-3224,17868
23087,1599,839,2,7104,4034
20426,22878,839,15,5891,17231
3096,-7129,723,7,-6550,6317
-4440,15947,738,12,-4440,15947
11022,23438,829,9,3682,3350
18606,19779,835,2,19977,20576
17803,17762,710,8,16886,18940
28267,9474,745,0,-2284,18969
15270,22544,745,14,14924,22345
28926,9529,747,2,-8389,13604
23555,-7484,748,10,-9732,12956
6010,23017,838,6,-2678,8575
28690,10378,743,2,-9030,7771
2817,-1743,718,12,-1030,1985
1543,15563,720,14,1543,15563
25667,9449,718,3,8617,1451
9436,24695,743,15,1635,18608
12937,9674,724,6,9290,17009
26511,8603,726,2,-318,15878
5929,17275,842,8,4250,11682
28095,6722,713,1,-8532,4747
13811,25845,843,11,-6657,-2163
14976,2570,719,7,8710,4749
14418,-9916,709,9,-7774,1466
28429,6457,708,8,1273,-11123
2240,2948,847,2,7566,22607
22282,18369,849,11,22165,17415
16112,-11450,719,7,-2575,-8202
25777,-4612,703,5,10285,-14436
28889,9391,731,1,-6257,-6697
-6661,7808,728,14,-6661,7808
18807,20672,843,11,15950,17236
28886,4379,712,4,-3993,-11041
27943,1676,728,4,-9421,1526
4054,23239,713,15,-2462,13779
8248,993,714,7,2287,7166
6707,25612,738,15,-4706,15303
11813,558,730,10,3213,18256
14846,22264,747,11,15418,22556
5850,23404,743,13,-1292,12359
23171,519,735,4,-1411,6649
13064,20481,732,4,15335,22574
-5974,19294,719,13,-6315,-4147
20301,23377,837,13,3498,20963
12402,20682,725,6,14571,22648
21140,-10672,708,11,-224,-13390
-12318,12268,706,15,8136,-14958
19566,346,744,1,4527,20573
26128,-4351,847,2,-6810,1947
27471,7079,746,2,73,19057
16959,-5978,718,8,-1180,20733
19432,21874,832,14,14093,18642
21805,-5208,730,10,-6046,14572
11736,329,716,9,2123,7895
-277,18727,842,3,-277,18727
27382,13899,710,0,3470,-13343
24722,1286,838,0,2202,8074
28089,12354,732,0,-9554,6482
28367,683,726,6,-8555,-5018
25325,325,703,10,-4693,185
23552,-3243,719,10,-7216,9675
16740,23965,834,14,2384,6300
25621,9811,704,2,360,9922
18904,24107,830,15,-174,-2345
16519,2617,711,7,10255,3553
28138,3178,708,6,1273,-11123
25473,-5677,713,9,2086,-13927
27927,12905,715,2,-693,-12972
21952,20773,834,12,20528,20372
874,19382,736,14,-632,16520
0,14462,748,5,3013,20210
12078,22918,833,11,8216,2411
27274,8424,705,3,3132,-5023
-460,-2809,746,9,-4569,13697
5593,23205,847,6,-3744,6440
-10286,10653,740,14,-9813,2259
24310,-5055,733,6,-9109,11677
26419,-3858,707,9,6991,-14803
-5698,5813,731,12,-5977,11801
22430,-5249,709,6,-8522,9636
19158,23010,840,13,7670,6388
16274,21531,839,8,14916,20940
12334,24326,841,10,5795,21763
27820,10519,721,0,-5949,15270
3897,7197,736,7,2857,11665
5057,-11587,716,12,-2913,-8190
17593,20477,826,1,17994,20778
1829,18736,848,8,-1931,9977
18172,23090,841,12,7958,17397
15892,23536,835,14,7819,2935
28723,2288,721,10,-5708,-9037
19934,22942,835,15,5341,13390
17296,24209,846,7,3492,19397
20147,-10411,731,5,-5391,-8036
5690,25203,848,10,-7618,11998
18099,22579,840,11,11157,19147
16121,18395,745,10,16379,20141
-9543,3354,723,14,-9543,3354
26160,-3769,707,7,16437,-12166
13730,-807,710,6,453,15087
18146,23227,835,13,12157,1395
26138,12612,721,2,7796,1964
1914,-5819,735,5,-5893,6543
11520,5201,725,4,6644,19039
18738,4668,712,1,4942,17364
5251,11228,830,6,13391,861
14565,23419,725,13,13194,22832
13186,25589,836,7,-2311,-3879
10760,15678,744,5,10892,17859
8844,24420,744,13,1880,18874
6210,24447,721,15,-1294,17950
28673,9613,707,3,6991,-14803
3330,-12487,720,12,-5117,-8078
11075,-13669,711,12,2307,-13274
10763,22378,717,14,10763,22378
15520,23557,837,11,4255,13469
25206,-4389,745,4,-8991,12174
16146,25027,836,12,-5899,4799
25340,7052,726,8,6157,1759
5976,10298,832,10,13394,1462
15835,2129,722,1,6474,21162
19521,23193,826,15,5709,15339
9715,20314,721,12,10186,20998
-10384,16110,711,15,3065,-14155
28040,11021,726,0,-7135,14468
24032,-1094,709,10,-5643,4988
3238,15515,843,2,12279,23650
9088,13029,709,3,11105,21894
2513,19768,746,12,2513,19768
15882,23490,828,7,6005,15829
28284,1533,704,9,19426,-11176
27588,3348,718,8,-7119,719
11738,22314,717,12,12181,22644
-3311,-682,735,7,-5755,8594
17113,22845,737,13,16151,22462
922,7624,724,11,1103,16606
13757,19005,709,11,13909,19930
7194,16974,743,5,8608,19950
19249,22865,840,15,9843,5178
20919,19586,831,0,21612,20099
13401,23222,713,13,11917,22352
1669,20228,824,6,-498,132
16598,24471,828,12,-1243,13679
19871,23006,838,13,4345,13801
21175,21026,829,7,19745,20468
11374,-15147,714,12,1875,-14967
2600,13998,734,14,2791,11031
18070,1138,726,9,6510,3021
12947,-4822,709,9,-2406,4147
26855,11124,709,2,-1730,3018
6467,-2636,733,7,-1514,6858
26628,1990,712,10,-2831,-3565
-7240,8550,832,8,-1449,-7637
8528,20043,848,4,4824,13680
9229,16117,716,8,12053,22134
11888,-9537,731,6,-2055,21011
24097,-1553,708,6,-5821,3617
12915,26176,838,5,-8691,-589
19628,19359,824,6,19255,18617
-9913,3608,735,12,-9913,3608
11831,-10031,829,1,2241,-7624
28568,5459,743,1,-7992,8669
25056,5397,707,1,-1595,11316
28242,12808,742,0,-6942,-5201
14970,-3553,709,7,4338,-1627
10008,-13391,722,11,-9676,-171
4302,-3212,709,11,-3435,8030
27312,13781,708,0,3053,-12445
5328,14456,842,4,6673,4922
15229,-13063,744,9,-8299,-3836
17083,21979,836,6,14519,20838
24077,3550,708,3,-1529,11773
18412,283,720,5,7941,502
6330,13911,706,10,9092,21764
-8891,16238,716,13,-2338,-9945
2707,20476,740,12,2707,20476
6785,6373,711,10,5811,20157
20568,4012,725,1,4474,17773
14925,24483,831,11,850,14185
-12651,10231,710,13,5265,-14769
-4530,19086,829,6,2232,-11680
10277,-5222,705,11,-1560,1978
-11442,14927,710,13,-1358,-13275
-5199,-3382,844,1,-8593,8474
-8193,4160,705,14,-8193,4160
2503,22414,845,10,-4742,2612
-10448,13028,720,13,3096,-12736
164,-4468,704,14,164,-4468
28025,10860,743,0,-5182,11934
8239,22601,723,15,4164,17319
28886,3309,713,6,375,-13677
2449,-8849,728,11,-8079,8531
12994,25699,832,7,-3553,-2956
18873,22073,847,5,13372,19751
18469,-2326,748,6,-917,11221
28586,2100,718,6,-3712,-10266
16135,23266,845,14,10423,2014
18536,-6994,731,6,-4593,16775
19593,23353,836,15,2265,7194
19673,23171,832,15,3830,11814
28727,5275,737,1,-9159,7737
27183,13937,706,0,5354,-12342
9425,17142,846,8,8155,12843
6252,23100,849,10,-2565,10389
27699,13070,719,0,-6315,-4147
21680,20724,828,9,20905,20394
11226,15684,836,2,14519,20838
27015,-602,728,10,-9498,3145
15274,16974,725,3,15165,20259
5456,9307,709,9,4555,16769
-5463,18892,833,6,3734,-13478
25490,-3743,737,6,-8508,1527
-3814,-8064,746,11,-9857,7167
28790,3859,721,4,-6041,-8026
3299,18599,827,8,313,12404
15734,25511,832,14,-151,-10248
26081,10625,715,1,9359,76
3996,4694,735,14,6950,2048
9449,23029,730,15,5275,18720
14667,1939,713,10,2934,14828
7277,-11402,723,9,-9304,10301
8285,24836,849,6,-4198,14234
18884,23304,834,15,7998,2660
20187,23369,841,13,2053,17878
27477,9571,745,2,-1205,11632
19025,23341,840,14,7153,19710
23253,-8593,713,5,375,-13677
-773,3969,730,12,-2468,8601
-4188,15361,727,14,-4188,15361
10149,2564,709,4,4104,19126
-10803,10226,741,14,-10134,1500
1041,22463,718,13,-5356,10843
19901,-2091,734,6,-1739,7968
26012,7494,726,2,1523,18403
6130,7140,712,6,5974,20311
23606,-2829,733,10,-6217,11288
8752,354,717,14,8752,354
18456,23784,849,14,1285,13719
16880,2660,709,7,10670,3309
22639,20276,847,9,21998,20042
19913,20942,826,10,19163,20596
11766,24305,832,9,536,5432
-5383,13468,709,12,-3987,17419
22010,-8421,712,9,-4370,-8676
12399,-8610,725,9,-6546,5664
17629,24461,849,7,2294,21012
15380,619,738,9,6616,3601
26783,11532,721,2,625,3330
20377,-6361,729,4,-3845,19373
4986,12814,838,6,12043,710
27730,5917,720,1,-7130,9460
24115,-1873,825,0,-1796,12127
-2572,20792,714,15,-4829,-304
28965,8863,714,3,1083,-13499
1424,21163,709,15,-2304,8067
-4800,20599,718,13,-8354,-1050
16568,18930,703,14,16568,18930
12679,21739,717,5,13697,22550
12865,21206,834,6,9151,16926
6872,17729,740,5,8341,20363
2886,11976,737,12,2886,11976
12313,-8624,747,6,-3021,18494
14712,21623,843,4,12345,20105
5096,21164,738,15,2861,6675
24077,2816,741,8,557,6775
22187,16796,843,2,21978,17454
21879,21339,834,13,18663,20748
27133,10373,732,0,-1335,15877
-12047,10372,708,13,4609,-14070
6650,-10858,826,3,6650,-10858
27486,6968,710,3,-2630,-1185
5405,20879,849,1,8137,22821
27797,13354,715,0,-5917,-9873
13258,20502,849,3,13258,20502
2986,15549,831,4,3335,4177
-4610,17346,830,4,-5025,-4155
25043,-1259,717,8,-7031,12786
22303,-6843,706,5,3275,-11361
-4144,17512,827,6,4212,-10445
28494,6430,725,3,-7690,1300
24911,7194,708,3,3061,4983
9878,19020,704,6,12170,22311
7882,20417,831,10,3786,11466
2744,17968,728,12,3838,19932
4022,22378,838,8,-1651,16977
15958,24553,836,7,761,15999
19948,-8431,708,11,1854,-10019
27616,11163,710,2,-6338,2021
12067,23854,747,15,7195,20481
17360,24013,835,14,1213,11269
26872,9286,726,0,756,18506
10876,-13985,736,7,-2318,-9918
3618,13001,827,8,4486,6154
8778,-13066,827,3,8778,-13066
27978,12986,725,2,-28,-11643
6647,11941,847,4,10130,3777
21959,6015,723,0,7924,21593
11277,24865,746,15,4325,21423
-5240,-8983,720,14,-5240,-8983
6703,22814,722,15,1849,16152
16004,3073,710,1,5634,20014
22776,4184,717,8,2067,8270
10617,-11792,833,1,-76,-8555
-9145,2166,727,14,-9145,2166
8369,-4377,724,11,-2167,5275
18496,22160,842,5,13494,19668
25905,12576,706,0,3435,4309
287,21906,720,13,-5484,8886
-8613,-4977,726,14,-8613,-4977
12390,12086,748,6,11144,18185
26194,12956,716,2,9051,221
5541,-2903,730,11,-2468,8601
18746,23807,825,14,7999,22554
21859,20669,837,5,20737,20340
8170,22362,834,6,1310,12559
18399,22201,841,5,13361,19619
29206,7774,734,1,-8328,-4826
11218,20065,742,9,12486,21566
580,-747,724,7,-3639,11211
27162,9057,730,0,381,19460
-1639,10100,743,7,-521,15866
20490,20700,828,4,20086,20507
27380,12689,716,0,-4588,-900
22429,19139,843,15,21978,17454
11321,19361,720,8,14030,22592
-334,25410,735,15,-8817,-6256
6437,737,720,12,3197,3325
22861,-3334,730,4,-5192,15714
18249,17584,717,3,17174,18935
16448,23940,844,6,12470,23664
18146,-2959,713,10,-2462,13779
-164,20617,704,15,-3159,5296
28948,5221,716,4,-1061,-12373
11964,26032,830,7,-134,-8809
-1861,6899,731,11,-369,17830
17168,24973,842,14,-6273,-3028
-4763,-8357,741,12,-4763,-8357
-1718,4515,718,12,-3081,9160
14918,22419,724,12,15179,22576
26490,8423,728,2,53,16571
428,7706,704,15,13067,-976
26758,-656,747,8,-8187,9806
26360,9485,721,0,451,16887
18534,753,705,10,364,10294
26685,8649,725,2,-937,15387
1097,18556,847,8,-2735,9111
2745,11374,848,3,2745,11374
19949,23875,839,15,-8698,4297
-3584,14530,739,12,-3584,14530
9424,2810,728,6,4386,18759
12779,22632,837,11,8403,3813
13389,23119,824,14,14887,427
15415,1032,740,6,3063,12899
-1796,12127,825,3,-1796,12127
29320,5806,736,3,-8591,-3711
11649,9526,724,1,10635,21197
29112,2835,745,3,-10634,10683
29036,7814,721,3,-6041,-8026
5789,21012,824,6,1019,8220
21601,-8182,708,11,3600,-11907
27638,3132,704,4,-5117,-5566
18756,21220,826,6,17661,20569
14490,19049,720,9,14737,20189
27245,184,725,10,-8573,519
20048,23506,840,15,-2611,9818
6307,16694,735,5,7602,19661
20350,19974,827,5,19449,18646
23318,-2638,832,2,-714,3686
28412,9949,703,8,19998,-10758
27528,1088,722,4,-9399,2470
19756,23284,845,13,1102,3525
4345,21800,842,10,-2088,6353
27768,7361,710,1,-6338,2021
-3040,19704,710,15,-3274,-1182
7276,20923,739,7,8691,22115
8592,23279,848,6,-549,12732
12009,25577,843,9,-5041,-126
18736,-7209,735,6,-6347,12253
21533,20340,848,10,21073,20118
28395,5663,706,4,3030,-11815
-3057,9678,719,14,-3057,9678
14239,22989,830,14,13874,1288
4177,25040,741,13,-6925,11350
11998,20404,836,4,9425,17252
27142,10232,725,0,-1702,15673
20288,22850,836,15,7234,17581
5358,6956,720,6,6114,20881
13160,20896,747,5,14017,21743
3797,23462,716,13,-2735,16037
17494,23034,846,11,8795,18288
3986,-2491,714,5,-3297,10663
29021,4406,712,10,3140,-14278
10224,14662,735,5,10110,17014
9623,24739,843,10,91,19110
3528,13242,734,9,5149,19052
10984,6170,736,8,7525,19274
26392,13235,727,0,5816,2399
23279,7251,709,10,10670,3309
28849,9360,720,1,-5240,-8983
-1141,-9363,745,9,-8991,12174
22237,16794,845,2,22049,17443
18468,24182,826,13,-1094,1254
4090,-6598,720,7,-5696,5607
14423,19758,840,8,13157,18413
26705,2200,711,10,-2314,-4173
27478,13843,712,0,2246,-14063
12605,-5321,712,7,909,-1084
11744,25381,841,9,-3664,-187
19806,23490,833,13,-61,15956
26148,10203,705,1,7728,-1106
28569,11388,735,2,-8019,-3662
5545,-6405,719,5,-5510,8250
934,22854,722,15,-5821,6997
10079,-267,733,6,2855,19099
14518,22799,842,7,7487,6923
4181,13014,830,4,6824,3229
28771,6592,706,4,7590,-14520
9374,25455,828,9,-254,-5189
7428,18491,849,1,9250,20575
11796,18332,727,1,14852,22549
20485,18963,841,8,20293,18695
-3195,-6501,746,5,-8635,10288
10548,15559,731,1,13823,22408
15310,25607,831,14,1239,-11446
11985,19499,742,4,14595,22328
13548,25408,842,9,-5721,9500
7412,-2187,746,9,-699,8624
25888,-4884,745,6,-10829,4269
-1933,17920,707,13,-2030,3060
15717,23403,833,5,6106,16378
24876,2542,710,10,335,-214
20301,20029,825,11,19331,18619
4215,14204,827,6,9584,1021
29035,8213,719,3,-5202,-9992
20686,22672,845,15,5242,15927
18485,22490,831,12,11948,18789
25185,-2806,733,6,-8471,7970
16228,659,727,5,6271,3257
21984,20596,839,5,20889,20273
11149,20931,720,5,12566,22241
27326,9677,726,2,-3423,12292
16360,24757,843,12,-3288,3865
27765,10302,727,2,-5644,10306
3826,58,725,12,483,3624
19259,23975,838,13,-3143,-2516
2349,20766,848,4,-3607,7313
14954,21230,716,15,14430,20104
-3817,15816,730,5,2726,23405
17423,-12344,716,7,-2844,-10742
18841,22072,842,7,13477,19475
3631,25231,745,13,-8137,9419
-124,16429,748,7,2389,20139
8555,-10255,719,7,-6248,-75
10015,25559,825,11,4780,-8872
-7084,5694,849,3,-7084,5694
28759,4178,727,8,-9152,-2203
27769,13126,711,2,2417,-14428
4598,-7041,737,9,-5893,7997
185,14266,745,9,4070,21296
3157,1007,711,5,-1247,13105
-1071,19244,708,15,-1497,2481
6873,22536,718,15,2658,16348
5986,24142,724,13,-375,18916
27156,4490,704,4,213,-6226
-6094,215,746,7,-7112,10922
6081,2380,739,7,2782,7032
9045,20412,839,4,5523,15099
25395,-4982,724,9,2121,-12516
28443,5463,717,8,-3612,-7523
-839,15370,827,1,1851,19868
28683,9491,720,3,4230,-12639
19069,23664,844,14,3141,19672
8540,5020,831,8,13635,1364
13812,-11272,737,9,-5997,-2479
8817,21089,827,10,4351,13782
10262,25804,827,11,3927,-9781
19951,-1755,832,2,1742,8690
18690,22181,827,5,14604,20561
28007,4627,743,1,-6345,11253
11085,22393,714,13,9189,20389
3161,19221,846,8,-862,11685
915,20748,707,15,-2180,7049
5670,24203,722,15,-1680,16855
28840,4790,722,8,-7291,-6175
13473,-6163,724,9,-3707,4899
28741,9498,719,3,4649,-13071
-858,14220,824,4,1423,-690
7280,18652,836,8,5133,14239
18208,22471,827,5,13332,20413
28673,-1547,844,2,-3541,-9196
19302,24046,838,13,-4664,-3389
6944,19822,746,12,6944,19822
9581,5583,842,3,9581,5583
5701,21335,728,15,2126,12134
12066,19892,717,8,14441,22562
17414,24170,847,7,3797,19659
-9747,-821,739,12,-9747,-821
15296,22437,728,12,15560,22570
7023,-14234,729,12,-2704,-11394
28673,3681,723,8,-9816,-1576
5116,-11791,745,9,-9454,7005
28313,9702,710,1,-38,-9868
29116,8512,739,1,-4773,-7493
10509,21724,838,6,5395,14825
24095,-7466,710,9,-2163,-12346
-6753,18322,706,13,-6240,-4091
3547,18874,828,8,431,12853
28005,10424,743,2,-3747,6102
8259,-11163,738,9,-8194,3676
21113,22089,836,13,14519,20838
28835,9875,727,1,-2825,-10387
-596,21407,713,13,-5771,7670
-6386,2978,735,7,-6347,12253
27083,-2020,734,6,-7381,-4004
11541,19570,735,10,13881,22254
16301,25279,839,14,-1202,-8878
8491,-4178,834,2,2845,19677
29537,2993,824,0,-66,-9886
24684,6616,731,8,5395,4282
10053,-12088,736,5,-5613,-3320
26385,13918,703,0,8703,-5048
3587,26369,744,15,-11410,4613
22820,20594,837,13,21477,20198
28441,9069,748,0,-1851,20645
23037,20494,849,13,20937,20316
28740,9908,726,1,-2228,-10324
15916,20820,842,6,13407,18564
7311,1496,741,6,3434,19001
17069,22821,840,5,9548,18147
9394,24497,742,15,1981,18321
-768,3589,743,9,-1152,16203
27595,3893,710,3,-8436,8005
7162,10212,738,6,8032,20069
23732,3966,746,4,4233,4612
24576,-6243,725,9,-856,-11385
22971,289,710,6,-1951,3548
8690,25802,825,5,5940,-11614
28582,10334,705,1,3717,-15160
10035,17805,732,14,10035,17805
19093,-10091,712,5,-3940,-8107
27380,13666,711,0,1045,-10849
18238,18443,739,9,18053,18855
15427,24593,834,5,211,16361
11978,20773,746,5,12990,21754
3301,5594,837,0,10922,23465
28679,7464,731,1,-9154,5377
10760,16092,732,1,13968,22443
14230,-3384,722,5,1114,2227
-2289,22596,723,15,-7764,-571
23216,-5216,736,4,-7644,13527
10051,24781,824,9,-498,132
16743,-5416,846,0,3708,21110
5036,25146,843,6,-8703,7587
11122,-13267,840,1,-1011,-10260
18066,867,739,1,5027,20426
27491,11996,714,0,-7076,5032
15103,24981,833,12,-1326,-577
27234,5502,712,3,-5051,3698
13514,22859,721,15,11696,21510
6715,23144,828,8,2179,20157
12083,-12911,709,12,3851,-12971
10199,21356,712,11,11530,22507
29347,5621,739,3,-9453,-1394
21324,20017,838,12,20098,18692
6952,-7619,707,5,-6281,5697
-814,21386,831,10,-5000,-2303
19533,23815,836,13,-4777,8112
25282,7320,736,0,4363,19827
-13649,9518,710,13,6284,-15925
2080,94,838,1,-1266,7199
508,19704,727,14,508,19704
28462,3552,706,10,700,-12068
27053,2714,712,8,-7011,1960
20401,22798,845,15,4496,12705
20980,-588,740,3,1000,18210
24737,6389,745,0,6324,21316
17663,1114,730,6,2274,12776
1980,18177,825,10,1747,1875
24725,6154,730,2,4281,20311
15100,24350,834,5,1393,15442
19869,22930,835,13,7034,16144
1271,22940,743,14,-1184,20713
5924,21869,844,3,5924,21869
12849,20569,847,8,10966,18844
12010,22703,726,14,12010,22703
14095,-13442,737,9,-8753,-3266
27692,13282,722,0,-4370,-6155
29008,6016,717,8,-2539,-11689
3629,15130,705,14,3629,15130
12614,25481,839,9,-5493,5622
21758,-9288,703,7,5438,-14007
25117,-4357,734,6,-9097,2545
-3510,-843,733,5,-4313,17226
26085,-4726,838,2,-7942,1746
-4591,10747,703,13,5097,-4528
1019,8220,824,3,1019,8220
-5414,22266,729,13,-11122,-3277
2096,22655,845,4,-6833,9496
-3292,6231,738,5,-2152,16300
19010,793,724,3,3008,19082
18962,20567,827,1,19383,20720
-7685,-4855,743,12,-7685,-4855
16865,23706,826,12,4805,15758
14735,23284,716,15,13375,22619
14168,23255,829,5,4869,11545
18196,22535,841,11,11317,19247
-4627,7671,740,7,-3373,15030
20992,-10359,711,7,2742,-13757
12565,21983,849,6,7268,16948
19428,24135,844,13,-5649,-4761
17393,23051,845,11,8629,18120
-1749,-9762,748,9,-9276,12814
21140,4320,729,2,7761,21937
15915,22738,740,14,15639,22625
8178,-13405,721,7,-9351,-1089
14322,25744,846,7,-5705,-3569
4831,-12985,728,11,-10750,5426
18492,-2886,747,8,-135,17670
13842,23132,708,13,12657,22405
19385,23542,832,14,9750,23174
12460,21184,744,6,14949,22844
20741,23189,848,13,1919,20724
495,3591,731,9,236,18039
-118,20400,834,6,-674,-4792
14015,863,827,2,5284,14700
16860,18521,704,11,16616,18927
18169,24346,826,13,1890,-2943
28577,5627,730,3,-9038,5500
26449,5952,735,3,390,3304
28655,8075,710,3,-2455,-9390
20394,19645,844,2,21227,20132
5051,3241,747,10,5271,21029
7826,21796,842,4,2437,15769
-45,-1139,707,11,-4751,11574
9189,22669,841,6,1928,13849
23272,1432,729,3,-186,16833
8857,5166,745,8,7342,20772
13108,26062,835,11,-7056,-1176
-3473,-5329,739,7,-8166,5469
20453,19346,849,0,21547,20008
18546,24237,826,15,1890,-2943
13409,19667,828,4,11781,17253
12676,23905,831,5,2679,4968
27012,6811,827,0,15028,-19
8754,1039,716,11,2123,7895
9078,16134,833,1,9984,18297
18403,17492,717,1,17174,18935
22403,19645,846,1,22479,19697
22647,-4597,725,8,-4247,18850
10436,4456,748,8,7230,20097
4627,23173,733,13,-1471,15355
28333,12651,744,0,-8244,-3306
21193,4767,736,6,8139,6192
7882,-13925,737,5,-9001,-2331
10072,18858,826,8,8602,16126
21120,21118,828,11,19463,20695
-3223,3031,739,5,-3584,14530
14914,17959,824,4,14474,15908
10898,21251,705,5,12053,22406
6816,-6043,730,4,2726,23405
19236,16843,826,0,19386,18627
18080,24689,828,13,3765,-12518
24210,5610,719,10,7329,1526
-2745,1516,840,3,-2745,1516
9739,-1490,740,6,1491,17768
14645,21174,712,15,14131,20008
8541,17117,847,6,9035,6625
4316,11037,826,3,4316,11037
15574,25329,828,14,-1492,-5607
-4328,14747,843,8,-5041,-126
12517,21051,841,4,9703,18289
15264,-13562,721,7,-5956,-8581
22046,-228,744,8,-1186,12772
27344,13918,706,2,15848,-12512
27618,11300,731,0,-4686,12323
16987,24672,848,12,-5337,4896
28742,9884,709,1,-463,-13681
24303,2281,744,1,173,17109
16946,23689,835,7,6084,18627
4171,16511,843,8,2510,9301
7835,6281,836,8,12466,1916
11548,24555,832,9,-714,3686
9352,22807,842,10,2437,15769
2861,10191,706,12,2338,12791
6842,23402,725,15,1267,16913
-7610,16704,715,13,-2989,-7531
5940,-11614,825,3,5940,-11614
22357,-4911,719,4,-6209,15987
15319,6860,704,0,10450,22170
23798,-960,825,0,-997,10804
-6714,10969,735,7,-3891,17714
5630,25595,732,13,-2745,20500
20902,23001,842,15,6107,21931
10499,25600,824,7,5457,-9161
10874,-7444,716,9,-5472,6313
25871,1000,721,6,-2782,-555
28358,3059,825,0,2133,-4913
644,-11841,722,12,-7291,-6175
13775,9848,732,4,10035,17805
19557,-11037,713,7,378,-12490
11391,-2348,732,9,-423,8514
12622,22052,843,11,10920,2990
-4470,10259,744,7,-2366,16874
28444,5623,703,4,3432,-12450
-8316,16788,709,15,1228,-10718
25289,1563,742,1,-1063,17786
16537,24461,834,11,3661,20269
24451,8040,737,3,7972,6386
12263,19372,744,8,14890,22340
16997,24413,846,12,-2071,8807
16526,25251,840,12,-8743,5217
20725,20639,835,10,20201,20359
-3361,18105,746,12,-3361,18105
21434,661,834,0,3975,12505
15771,23503,842,7,4250,11682
4051,25850,744,15,-9495,6118
2886,-8867,725,9,-7430,13836
16600,24717,846,5,1184,20129
6227,24728,732,15,-2121,17571
26889,11746,735,0,906,5719
23153,-383,827,2,3296,3222
19795,23180,842,13,2244,9790
16423,25361,841,14,-3787,-7225
16850,24518,837,11,3498,20963
22049,17851,846,10,22085,17451
28486,10485,709,1,5045,-14582
-187,-11911,725,12,-8085,-5837
6217,25232,730,15,-2584,18672
3921,18457,744,11,6119,21170
-7297,15998,708,13,-2612,-6467
-6346,20893,720,15,-5179,-9368
25292,4621,709,3,-2304,8067
28812,8479,709,3,-237,-12257
13410,24815,845,9,-2113,8195
24490,-2771,729,6,-7643,7669
8770,20430,704,5,10450,22170
-868,21852,832,10,-5975,-2549
24680,5276,743,8,4913,3714
-6176,-4528,746,5,-8700,12916
20902,206,740,3,1491,17768
17738,22697,835,11,11129,19376
27555,13608,715,0,-1123,-11304
13991,-12617,717,12,5850,-13463
14843,24721,831,11,-223,13779
26673,-3573,739,6,-10288,74
24193,7037,727,2,4227,18521
24261,-1053,717,4,-6047,9736
15735,4519,731,1,7723,20307
27806,-1169,731,6,-11504,1329
28946,1755,828,0,-3548,-4586
26392,459,735,8,-6826,5397
27538,6709,722,1,-5821,6997
18378,20499,835,1,18751,20740
22574,3580,713,3,701,13209
17165,-11414,715,12,9962,-13522
22577,19001,848,13,22143,17441
4985,4843,733,14,4985,4843
21023,20232,841,3,21023,20232
16655,19652,709,15,16842,18930
23242,276,837,0,1911,10924
6186,25717,734,13,-4523,17816
28938,4674,719,4,-3751,-10554
26157,8622,742,1,5160,3798
9577,17603,720,8,12799,22515
-1483,13725,738,12,-1483,13725
28408,1558,732,4,-10877,2249
15052,21461,740,6,16434,22432
6151,4089,740,12,6151,4089
7353,24427,738,15,-1176,14809
17569,-10861,708,11,-2733,-8795
10140,11811,719,9,8809,16317
9648,-1164,743,10,2211,18597
15420,23787,828,5,4814,16832
19794,23782,839,15,-4572,2090
26884,4474,745,0,5270,24226
20172,1356,743,1,3822,19228
20875,21136,825,11,19441,20522
-6677,11773,724,12,-5170,16668
1968,-226,731,7,-2461,11039
25711,8662,722,0,2589,18586
25648,759,733,3,-2522,17959
3049,12957,715,12,3122,15356
27072,9564,725,2,-2543,12759
-4738,17950,712,13,-4041,-1697
20153,22805,841,13,6054,15061
187,640,718,14,187,640
15534,25538,847,11,-8049,10995
12907,22844,842,9,5328,7080
25708,-2899,739,10,-8337,3202
26296,13442,722,0,7320,881
11379,26447,842,5,-1944,-10608
865,1536,729,9,-819,17167
26893,-671,725,6,-8573,519
11856,16401,732,2,15279,22674
19642,24030,839,13,-8698,4297
13459,24872,824,11,-1835,8293
21171,22390,849,15,9613,19720
10730,-4748,848,0,6989,22910
18508,22803,841,12,9703,18289
-2917,-1343,734,7,-5795,7897
21325,2059,711,9,10814,-663
5136,5417,745,12,5136,5417
16490,24400,839,11,1625,18195
11169,-339,733,10,2875,18882
25754,11937,732,2,6710,7395
3972,14609,738,9,5997,19830
27663,-1414,733,6,-11151,1345
-4139,15863,830,4,-2576,-4329
28547,1928,722,10,-6729,-7211
11108,-4015,726,6,210,19455
4184,-13015,834,3,4184,-13015
-3208,-11595,739,11,-11878,4349
14667,23295,845,9,4496,12705
23411,3785,748,4,3915,5616
16930,2483,738,1,5997,19830
7661,-7207,830,1,-174,-2345
12380,18794,834,3,12380,18794
28657,10074,724,1,-426,-11284
17243,12174,847,0,16280,17457
8634,-12853,824,1,-2708,-8550
-7394,-226,836,3,-7394,-226
15165,20568,844,8,13753,19616
19074,23958,847,14,1557,20454
4824,18626,732,12,5825,20225
-1370,12202,735,5,1293,19362
13254,25569,837,7,-2162,-3207
-5659,13217,736,14,-5901,7288
5507,5923,839,1,4100,10618
8065,1029,739,6,2944,18281
18031,24421,837,14,-1969,16473
28372,11746,730,2,-10149,798
8183,25959,742,13,-1657,20924
5567,10061,843,4,10904,1654
18605,24448,833,13,-423,-10487
21318,-5581,733,8,-2387,20866
6697,-2323,715,9,-2226,11054
10690,6885,739,8,8120,19607
9749,-8286,708,12,3507,-7017
726,18657,733,14,726,18657
16212,23828,828,14,4388,6531
25461,3289,711,8,-2971,3561
6473,21901,740,14,5238,20605
16637,21016,844,3,16637,21016
17537,24644,841,14,-5548,7160
1523,22975,833,6,-5806,-661
6251,1,706,5,-639,9588
-1012,1424,715,11,-3172,13941
13281,-13125,724,5,-10163,-624
20212,20903,845,6,19266,20481
-1020,-12202,715,14,-1020,-12202
-1530,14278,738,14,-1781,9957
10145,21012,710,14,10145,21012
1945,21256,728,13,-2569,9515
17111,24224,841,5,4998,21323
28052,8439,705,3,1510,-8748
24483,-530,709,6,-4460,1757
28135,10741,730,2,-7580,8434
19339,23743,832,15,-714,3686
10024,23686,846,4,3755,20159
16449,22977,828,14,8173,8572
11199,11749,721,1,11696,21510
15251,-13002,734,9,-7767,-4826
26178,11199,729,0,2203,12457
4564,753,736,7,809,6185
24755,-911,737,8,-5629,9948
19462,-8253,705,5,-640,-8135
18046,21381,848,8,17090,21058
3136,667,706,11,-1628,10864
19247,23822,824,13,798,17130
16107,22071,743,9,16681,22405
29103,7995,721,3,-5193,-9255
-2459,13528,827,4,1358,-3244
22488,1583,743,1,2211,18597
13642,19884,849,3,13642,19884
25106,-6982,717,9,-1242,-13541
17714,24618,844,14,-6397,6475
24806,-1942,833,2,-605,845
19835,-9953,718,5,-3892,-8644
1458,20899,708,15,-1875,7929
29000,10522,746,2,-11248,6720
19074,21010,838,12,15546,16952
10668,17409,848,1,11635,19054
24781,6787,725,1,1985,11136
10193,-5869,708,11,-2221,1874
2302,16519,744,7,4119,19635
8440,14051,704,8,10418,21664
26242,8329,745,1,4458,4302
19448,22515,839,14,10997,19042
26099,3911,715,4,-470,-894
2440,22527,837,6,-4067,625
26879,13110,711,0,1203,-2767
-11248,6720,746,12,-11248,6720
15226,23130,714,15,14129,22548
27946,13478,734,0,1327,-12363
28633,11794,741,0,-12081,6116
14538,22175,745,5,15244,22574
19766,23927,848,13,-7449,-1078
29272,4591,743,3,-10442,3421
20351,-9871,723,7,1834,-11988
357,18217,846,8,-3415,8087
15081,-13877,723,5,-10850,-2824
5336,18100,745,7,6801,20225
26681,-981,727,6,-8620,1845
15068,19996,725,12,15165,20259
17136,24096,844,12,584,11492
15758,23496,827,7,5850,15591
-116,17041,843,8,-2753,6522
10392,26297,841,9,-3177,-9204
9136,23891,833,6,-61,15956
12768,23625,838,9,2603,7174
8939,21174,826,11,15236,-313
2380,-11420,748,9,-9645,9422
7500,24218,737,13,262,17190
5864,-4173,831,2,3159,20958
5243,23335,739,15,-1553,8694
8586,11169,722,1,11483,22572
15498,23074,848,12,9570,2466
-92,20909,732,13,-4319,5974
27909,8930,742,2,-3911,14010
28922,5565,705,10,8482,-15231
1218,19234,735,14,-147,16459
25929,13696,715,0,9466,1008
18275,24648,827,15,8778,-13066
9749,15312,722,3,12801,22264
21021,20995,833,9,19696,20493
18243,1893,748,8,3703,15070
9984,18297,833,3,9984,18297
13780,23248,839,11,5578,6092
18982,-3890,748,10,-2480,13184
27249,6969,717,3,-2089,725
15310,-4916,744,4,-497,18454
20491,-3988,723,10,-4446,13621
16324,23367,741,15,14599,22822
12336,137,705,14,12336,137
12524,26217,841,11,-3787,-7225
11154,-7634,716,5,-4481,2660
9940,23192,733,15,5767,19260
14062,23444,836,5,4044,9516
20992,22035,841,13,12504,19312
2625,24672,840,6,-9243,1477
10727,19721,827,8,9034,17403
28627,6518,736,1,-7881,2897
29316,5574,737,3,-9001,-2331
13958,22633,849,6,8963,19509
7846,25638,723,15,453,22052
17555,21726,834,6,15456,20797
7113,-14323,734,11,-7543,-5156
28231,12590,734,0,-7767,-4826
26354,12279,713,2,5003,928
13267,23075,835,5,5100,6507
28438,9684,740,2,-7093,10673
21683,3371,703,9,12917,66
4832,-4253,835,1,-1118,2024
8913,21326,709,12,9556,21964
19595,-10752,725,7,-28,-11643
16674,24937,839,14,-3027,-1840
26298,6007,716,8,2467,-1495
4101,-7316,707,14,4101,-7316
14291,-3633,740,6,-1139,14650
23143,20408,842,15,21574,20187
25440,-4789,849,2,-6662,4176
28109,12179,730,0,-10024,7132
26200,13014,715,2,9534,-246
12628,22702,716,13,10993,21328
17935,24260,840,12,1673,19467
26743,12478,744,0,4708,4388
26825,5982,835,0,12817,334
26281,3904,705,10,3132,-5023
10308,18596,740,3,14499,22816
-601,13762,743,11,1782,19024
28036,-230,740,4,-10044,145
6444,26120,830,9,7786,-13881
14823,25494,846,7,-6596,1067
13762,25862,841,5,-8373,4692
496,20087,832,6,38,-3170
24826,-1133,710,4,-7699,8057
9621,-5340,704,12,4575,-4232
28907,6968,735,1,-7971,-287
23949,-2488,715,6,-7173,5787
10606,23383,827,9,4081,2544
845,-13336,714,14,845,-13336
8109,19046,824,4,5768,13382
12137,20041,738,6,14272,22273
29173,6498,741,1,-9927,3193
27338,210,741,4,-7120,333
-1785,9460,826,3,-1785,9460
19493,22174,843,12,12794,19469
17106,19535,719,13,17245,18939
28632,8571,717,1,-7019,-4321
16386,25287,838,14,-4220,-7287
10584,23210,741,13,6164,19035
-5144,18120,824,10,-66,-9886
18142,23286,846,12,5407,16208
16880,-12417,704,12,9522,-14635
13033,20439,735,8,15316,22522
28519,3901,709,6,3851,-12971
-2457,17212,834,4,-3072,-1465
19284,-5427,705,9,-361,-3972
15114,16334,720,1,14737,20189
8271,16593,831,3,8271,16593
1116,20189,729,14,1116,20189
21011,21246,840,7,18887,20542
17891,23123,845,7,8864,19162
9830,18371,705,4,12297,22332
-7160,-4795,723,14,-7160,-4795
11012,-13567,727,5,-10984,2233
9800,-1325,710,12,5962,62
4518,12140,834,4,7998,2660
-7337,9154,704,13,5937,-8099
1876,25074,735,15,-8220,1250
-11681,15367,705,15,3717,-15160
3074,21811,843,10,-3377,3607
13400,21744,839,6,9406,17988
22147,17728,849,4,22165,17415
22375,20360,841,9,21725,20097
17610,18798,727,12,17548,18962
9694,-277,730,11,1808,7179
17564,19570,840,2,19175,20747
27892,8326,715,1,-4203,-1596
-2607,23664,729,15,-10211,-2149
14884,23081,844,12,10650,1835
19598,-5385,747,8,-1926,19293
28035,12400,731,0,-9455,5719
26921,7670,744,2,173,17109
2735,17569,847,4,808,4487
17911,24373,842,12,-277,18727
11799,22514,840,9,6961,4327
8839,23621,733,15,3769,18946
13234,23194,704,13,11930,22367
8187,18639,830,8,6403,14953
13029,5592,830,0,10390,18818
10808,21282,842,10,6198,15301
20800,9768,729,2,9690,17466
5279,-13644,718,12,-3712,-10266
15794,-12813,738,5,-3247,-9500
16688,23210,842,7,6198,15301
7301,16324,707,5,8242,19655
18136,24092,824,15,7537,-4674
2208,25772,741,13,-11074,7004
28176,10263,705,1,4593,-11885
5856,-11223,741,9,-9005,6034
26245,-3193,742,10,-9670,3369
2333,24068,727,13,-6008,14035
7746,7683,829,8,11531,3244
26695,1806,731,1,-2698,19876
19935,3980,747,6,6717,8541
11822,26089,837,5,-3623,-7056
20752,-5989,717,6,-7031,12786
27595,-637,729,6,-10083,30
24524,-2359,721,8,-6514,15450
2528,25264,726,15,-8747,12611
24448,-1888,729,10,-6637,8565
-1798,22615,729,13,-9001,4623
20969,-8119,716,9,-4713,-6428
22951,-6516,849,2,-5993,10314
15939,23075,738,15,14217,22257
11537,6228,838,2,9705,17559
-4446,13621,723,14,-4446,13621
6981,24958,745,14,5270,24226
5725,24630,739,13,-3584,14530
25957,6500,739,1,601,7517
6611,26159,746,15,-7388,14423
4097,19640,704,13,2251,12161
20782,111,839,2,4903,7921
11868,13642,721,0,14158,22594
27178,-467,737,4,-8508,1527
13046,25059,830,11,-1989,3629
27697,13193,709,2,5045,-14582
26787,3070,714,10,160,-4626
28146,597,736,4,-8479,-2712
10913,26483,833,7,5105,-13300
26761,6374,706,8,3654,-4698
-4223,3265,849,1,-4562,12815
16688,22878,732,13,15919,22563
-5407,16810,836,8,-8318,1490
14798,18416,845,1,15413,19236
21527,20123,841,1,21650,20185
27216,9536,744,0,-285,16247
12182,19774,726,8,14745,22559
28959,4508,712,10,2827,-14037
-5730,19177,720,13,-6026,-3986
28941,3097,708,6,636,-14211
5747,21560,848,4,-549,12732
-1712,12785,736,12,-1712,12785
27866,12817,726,0,-8249,-410
12309,21414,832,6,8403,16777
14742,-4607,718,11,1702,-644
28149,-342,728,6,-10728,-1862
15216,-12799,720,7,-5117,-8078
29049,8000,731,1,-10699,1286
21466,-4723,741,8,-3582,17348
14358,20482,825,3,14358,20482
584,11492,844,3,584,11492
15514,23557,740,15,13323,22775
15134,23202,729,13,13885,22659
8997,24718,745,13,1584,19448
7183,15721,845,4,7271,7733
12876,12722,745,0,14924,22345
7430,4281,824,4,15806,-93
27040,11938,723,0,-2582,6698
19258,23581,848,12,7853,22725
20780,-2152,733,4,-2158,15652
10256,19472,735,9,11548,21263
3031,-12949,738,11,-9188,-808
1790,-14376,744,5,-12261,3441
24114,2127,831,0,4170,7645
26763,10931,714,0,-2670,11027
27442,13879,711,0,3065,-14155
28656,11351,737,2,-9715,-1858
25810,14207,705,0,12496,-715
15788,20338,735,14,15708,20092
647,338,717,9,-2456,16463
-2285,20061,712,15,-3368,41
16977,19182,843,10,15950,17236
-803,19572,744,9,4990,24116
16732,23736,842,12,2511,8882
6045,20545,843,3,6045,20545
2606,22700,748,11,6064,24444
4172,22075,713,15,-403,12708
413,2585,740,11,-1666,10987
8358,12542,714,1,11803,22563
8368,-12178,712,12,201,-10420
7603,22725,843,8,2832,19392
21344,-2372,741,10,-2891,8821
27645,11245,732,0,-4534,12873
28602,1755,739,8,-10288,74
28699,3880,721,6,2202,-12416
16375,-11335,710,11,-4169,-7485
6627,22501,832,8,2229,19082
28545,5310,732,3,-9019,7164
20317,23522,848,15,-5837,4706
17886,20614,834,5,15231,16681
29516,1632,840,0,-5517,-5711
22057,19951,847,3,22057,19951
14011,25998,847,7,-5886,-4952
20996,-1841,739,8,-2046,14456
2855,19028,714,15,2287,7166
-8963,713,720,14,-8963,713
6483,-10004,703,11,-7592,2604
20321,23108,842,15,828,12344
27466,2046,725,4,-7690,1300
2817,26442,743,15,-12118,2242
28364,7563,712,1,-8741,830
21777,21240,825,13,19441,20522
9954,-9838,832,1,414,-6197
-5517,17290,731,14,-5517,17290
27826,9025,728,2,-3929,15835
1493,16585,710,13,2751,5709
1147,6601,707,13,12095,-903
17408,-5439,742,1,4399,23865
26900,10743,733,2,-442,8942
11173,21462,703,7,12034,22287
-5833,-3734,715,12,-9416,3482
19955,2027,708,5,11453,303
11528,18650,723,3,14443,22522
15529,1812,826,1,12069,2811
24380,-4956,736,10,-9193,6891
28558,7847,708,3,-2733,-8795
21644,-7934,703,5,1385,-11288
121,-3466,716,7,-5595,9603
28351,12361,732,0,-12536,6554
24819,8595,743,1,7159,7657
13825,26154,847,7,-5674,-6768
16735,22215,748,11,17086,22400
-5311,13958,720,14,-5311,13958
7362,24777,741,13,-1339,17434
-638,15356,839,8,-1811,4496
11570,22039,704,12,11930,22367
-3119,16337,748,11,974,21490
-8867,11359,703,13,2980,-9472
-4574,18421,724,14,-4574,18421
28374,8686,735,2,-6319,14742
28919,2457,833,0,-854,-5807
20302,22391,832,13,12079,18876
15403,24917,830,7,-1297,15390
18495,23462,830,15,8883,1693
-4205,-4163,837,3,-4205,-4163
21652,20337,849,6,21132,20098
10165,1106,833,1,6311,4147
27124,-2209,841,2,-2714,-4064
23494,50,710,6,-2747,2982
14335,21383,742,6,15998,22525
21006,22867,835,15,10485,23359
1360,22840,719,15,-5510,8250
5428,13639,735,6,9064,21847
7053,12227,746,6,9288,20948
15201,24397,827,12,890,4910
13653,26047,843,7,-4654,-7683
28492,11851,739,0,-11021,5231
19591,20495,827,3,19591,20495
-7165,13779,706,13,629,-6827
18738,17756,739,8,18053,18855
25880,9571,729,1,5811,3753
9181,-1454,738,9,658,7080
28964,6661,713,8,1244,-13710
16535,-6899,706,5,-865,-3453
20126,2440,737,8,2886,11976
16353,20887,846,6,13880,18871
5115,16728,735,13,8281,6017
22266,20037,847,4,22057,19951
17955,22379,845,9,11982,19631
10111,18564,828,3,10111,18564
-6958,952,849,1,-7527,12563
19611,23961,843,13,-7171,-3035
7115,-3140,733,9,-2203,12076
13140,24329,845,10,7014,22363
3104,20345,845,4,-2113,8195
11911,19983,838,8,10226,17944
4419,2927,708,11,434,11384
18028,19295,835,0,19977,20576
26653,7934,730,1,-237,6016
13492,13818,839,2,14831,18993
10748,21410,839,6,5793,14530
26186,13381,709,0,6283,-192
10541,21457,843,9,10904,1654
13023,21710,719,5,13997,22486
16298,23123,844,5,6485,15793
26637,558,724,4,-8077,5482
28023,2426,721,10,-3821,-6845
28783,2410,736,8,-9337,-2853
28039,12774,730,0,-10149,798
4849,-5095,748,9,-4000,9162
-6650,3574,747,11,-5468,15029
17972,1738,832,0,6644,15443
12098,20891,829,6,8569,15988
-650,8765,737,5,256,16620
28649,-411,733,10,-12629,965
18144,24355,838,14,-1651,16977
23317,7762,715,2,4914,17420
3729,20356,835,8,-592,14262
-3178,-3997,734,9,-6611,14135
15660,24371,833,7,1199,15028
11862,-7783,711,11,-3009,-584
6707,22228,844,3,6707,22228
28451,4342,715,4,-2928,-9148
-4514,12300,730,12,-3374,16723
9148,16692,844,1,10195,18711
24044,-3427,741,3,-2031,20598
534,15427,738,7,2578,19055
-692,2088,746,11,-2554,11436
-3998,14635,725,14,-3998,14635
-3131,17263,825,10,1471,-6688
577,20753,826,10,-3537,708
26545,-447,743,8,-7992,8669
27762,12963,721,0,-7155,-2576
3405,24619,740,13,-6772,9180
25064,3828,724,1,-1291,15544
-4360,11845,705,13,4062,-3910
24754,7698,703,10,12917,66
27703,13484,719,2,7528,-14186
2720,20422,736,13,1115,4580
1413,5664,706,7,-70,13657
-11647,11965,716,15,10172,-14208
-10985,576,709,13,14967,-12740
3910,4934,704,7,1195,11829
28415,4868,735,3,-7193,2263
28546,11404,733,2,-10963,4308
6399,23914,740,13,-1139,14650
28847,4186,731,4,-6257,-6697
11559,21821,835,6,6765,16426
28415,10494,709,3,13010,-13412
10588,26445,830,7,5218,-12939
11907,20258,736,10,14285,22510
11177,383,709,14,11177,383
25898,10564,712,1,9365,382
17223,-13315,716,11,-6672,-9081
27567,11385,738,0,-3213,7900
27791,-1306,736,10,-8256,-4655
22063,20081,835,4,21862,19973
25686,2829,713,10,325,-1867
29221,4565,736,3,-10875,2518
26327,2792,711,4,-3650,-542
-9484,16041,710,15,2929,-12690
16610,-5552,717,9,-2089,725
26188,11093,731,0,2359,13102
-9418,10138,731,14,-9418,10138
21328,22693,840,15,11617,23585
-1524,8597,743,11,-521,15866
20850,23011,840,15,4684,21130
19589,-7518,713,9,-3695,-4474
23064,19908,846,5,22479,19697
-12165,12384,706,15,7935,-14820
25053,7455,718,1,2018,8634
11836,-5334,703,12,6812,-4907
10176,5885,725,4,6798,19558
27043,4007,709,10,2939,-6696
21282,22804,848,15,6989,22910
16265,23443,831,7,6451,16521
-9722,14217,723,13,1834,-11988
18524,17592,725,3,17483,18971
21464,2325,723,1,2788,18835
18684,24130,843,14,91,19110
28046,9249,719,2,-6561,13980
759,19850,709,13,-1885,8437
15327,17649,730,8,15485,20312
15425,-5036,709,11,2157,-2407
15857,24898,845,11,-3265,14037
9092,21764,706,14,9092,21764
459,6925,831,3,459,6925
10136,20128,841,8,7958,17397
11270,18056,742,10,13463,21621
27812,10439,707,2,-8048,5759
2856,13815,725,7,4485,19000
2475,25857,748,15,-9790,72
21986,17912,844,6,22025,17457
24999,-1478,746,1,-167,21559
23811,-8478,703,11,5677,-15456
20101,3134,728,1,4386,18759
19918,20255,839,1,20140,20405
22940,20513,839,13,21388,20264
24614,5455,733,4,4360,3687
6401,22030,719,13,2811,16627
26470,13109,730,0,5086,2814
199,24494,739,13,-9139,753
26180,9842,726,1,6084,2155
8215,3947,733,6,5374,19719
17676,-705,830,2,3742,11111
26433,12771,703,2,6951,-3272
-4511,-5057,743,7,-8580,6580
2304,16620,834,8,347,8482
27930,2489,742,1,-5765,17127
26671,-2571,736,6,-8305,-1980
-3746,18374,712,13,-4018,109
3726,25578,748,13,-9071,9475
-1991,14136,736,7,302,18662
28892,8209,718,3,-3617,-9488
493,16447,747,7,2783,19994
-1244,17984,849,8,-5104,5949
19388,1620,707,11,11750,243
19986,23285,838,15,481,10456
10457,2187,724,6,3703,17898
25216,7707,703,10,13377,-1007
21388,19445,838,0,22032,19916
13327,2498,732,1,8317,22240
14348,25263,845,11,-4680,2829
8810,-13855,738,7,-4049,-8155
22684,3711,712,3,614,12840
9843,21351,829,9,9930,2012
2902,8352,726,12,2023,11474
13976,21198,730,6,15743,22561
-1781,9957,738,12,-1781,9957
7239,24327,737,13,-434,16884
25050,3303,835,0,6017,4777
14785,-2315,730,10,464,17264
12286,21756,716,5,13375,22619
21333,20524,845,10,20660,20388
28618,-1246,833,2,-423,-10487
15232,24577,837,5,-142,15180
23843,-6498,714,9,-677,-11047
27938,4293,745,1,-5981,12536
27388,13925,710,0,3747,-14018
28879,10823,737,2,-11697,2345
-8327,3798,728,14,-8327,3798
-7215,13328,703,13,824,-6686
13154,-8765,733,6,-2230,20320
5393,14822,831,6,9511,2417
12015,19866,726,8,14678,22653
8699,-10245,708,7,-5858,-1074
13029,24902,838,9,-2678,8575
25261,4227,713,10,4066,-1444
9555,10832,716,8,9456,20570
2745,23950,849,6,-6992,-833
28088,5734,748,2,511,22029
28855,3957,728,8,-9894,-1748
19570,23618,827,13,820,17371
4330,19928,725,13,1985,11136
27936,12668,715,2,-1983,-11336
5110,-7919,723,11,-6550,6317
14396,-13499,735,11,-1542,-10663
20441,23211,840,15,610,16440
15228,-4441,835,0,3953,20524
24798,-6881,705,11,8933,-15135
7293,6386,717,4,6863,20985
1427,8756,735,9,2179,17369
14860,24029,840,5,2178,12191
28967,5498,713,4,1230,-13857
28197,12138,724,2,-7644,-4843
-442,24772,742,15,-5637,-7598
8000,10199,711,3,9859,22081
26501,2139,705,6,-379,-5762
9275,11727,706,8,9573,20736
13200,23932,835,9,1792,10045
7533,-3658,836,2,3457,20203
14268,22855,748,12,14268,22855
29388,6310,738,1,-11800,3363
21463,18543,829,5,21480,17543
24699,1719,717,3,-2776,14856
-1951,20670,838,4,-7942,1746
4152,19755,724,13,1968,10793
15752,24283,847,11,980,12860
22044,19205,835,13,21699,17483
-313,4141,738,5,-1483,13725
21714,-4173,741,8,-3864,16814
12399,24133,824,9,838,10258
22403,703,830,2,5644,4762
19945,22768,825,15,9680,18180
16471,24610,834,11,2568,20181
12021,3602,709,6,4084,16102
21588,-1203,835,2,2306,6747
26684,11835,738,2,6178,2370
15134,1303,841,1,11343,2646
16887,24572,838,14,-1665,3865
21890,-2810,739,4,-4044,11914
20879,22225,841,13,11317,19247
432,24744,729,15,-10707,6413
27465,13789,712,0,1763,-13425
13645,21120,727,6,15457,22578
28856,6003,713,10,10028,-13723
28671,2291,740,4,-5530,-6784
11162,21434,844,10,6485,15793
28870,2454,714,10,-5031,-10737
27632,11065,711,2,-6566,2776
-2388,16672,824,4,-2869,-696
20742,21139,824,5,19351,20545
12501,-7477,713,9,-5200,4360
14221,6308,713,2,10173,22194
28335,8034,742,0,-612,21667
3624,24822,725,13,-4785,17374
-3766,14140,832,4,160,-5025
8607,25644,740,15,-1565,19158
11669,21959,836,10,7234,17581
23364,2289,709,8,-1885,8437
13007,22953,832,12,13708,280
28570,11261,735,2,-8394,-2513
591,21558,849,8,-6040,12489
10446,26300,843,9,-3338,-8222
7487,6923,842,3,7487,6923
20467,23422,846,15,-5117,10821
10290,-14070,746,5,-8327,-3751
268,4289,723,14,268,4289
14052,24223,831,5,1104,11270
-6633,13499,738,7,-3107,19515
13445,22733,847,7,9806,2258
5365,-8366,722,9,-6822,11689
17366,24077,832,12,3290,17865
8867,-14220,737,5,-8710,-3693
6255,-3457,705,11,-2645,6276
23372,2750,725,1,1286,18127
-5102,-2709,712,12,-8402,3923
15437,22052,736,9,16068,22439
14886,23034,743,15,12617,21621
28799,4642,708,10,4609,-14070
16220,23436,843,9,6658,18202
28006,1214,732,8,-10433,8984
418,-5149,847,1,-5270,4153
25182,274,711,4,-6146,5699
11840,19881,737,6,14107,22273
26419,13147,729,0,5325,2931
19510,-801,748,1,4823,21659
17532,-10349,720,5,-5516,-5346
22067,2255,747,6,4043,4931
16682,22967,847,12,7172,8276
11367,20983,730,15,9793,17606
19992,22824,846,13,4949,10278
24810,5621,721,8,2992,3703
-1772,17586,826,4,-3537,708
15575,23558,834,5,5119,15864
28706,8119,713,8,9507,-13826
25737,-2336,744,4,-8240,8641
12694,25830,838,11,-3256,-5412
26677,11911,737,2,6452,2120
13366,21057,845,5,11690,6374
10219,19761,741,10,13424,22762
10511,21949,708,12,10992,22372
27639,12932,720,0,-5931,-2723
14440,24605,837,9,-142,15180
28674,2369,728,6,-4211,-9150
18687,22113,844,5,13787,19802
18783,24460,831,13,-5105,-4834
9719,20817,707,14,9719,20817
-7897,-2641,836,3,-7897,-2641
27139,6334,736,1,-2574,5974
20233,22632,829,15,10248,18693
11442,25699,841,9,-4502,-2527
-1545,18916,829,6,1829,-6541
21549,-5454,743,10,-6345,11253
-7706,18205,730,13,-3676,-9362
12223,26176,837,11,-3507,-8022
11546,25301,830,11,1120,-4556
25394,-4218,741,6,-9290,3418
17086,22400,748,12,17086,22400
9943,15482,724,4,12067,21529
12334,23198,742,15,8472,19818
9941,21442,834,5,13085,231
26231,-4516,747,10,-11153,5522
2670,14327,711,11,4468,19482
-8355,266,745,7,-8551,11813
27049,-2360,838,2,-2984,-3906
7969,17277,704,9,9293,20565
28329,1043,829,0,-4350,-840
1070,23689,848,6,-6415,-4048
26648,-3751,745,10,-10829,4269
22300,16798,847,2,22121,17433
28778,2350,737,8,-8710,-3693
1400,19474,745,14,-78,16596
21563,686,848,0,4824,13680
14425,20914,738,8,16243,22430
-285,22929,713,13,-7737,10166
26214,2230,739,3,-4044,11914
28724,9605,717,1,-2861,-10927
25819,9663,721,0,1700,15879
28539,6017,717,8,-1175,-9398
22655,-9477,711,11,2417,-14428
26392,12611,723,2,7018,1077
12346,24239,835,11,3422,-864
15225,6664,722,0,11483,22572
24019,1501,740,1,246,17937
25889,9856,725,1,6758,2803
8464,-14282,716,12,-870,-12498
6671,19704,848,4,2745,11374
28346,-2421,844,2,-5333,-6850
11415,25514,840,9,-3399,-1134
17452,24940,849,12,-9093,10545
28851,6163,714,8,-1078,-11901
1186,-9937,719,12,-5888,-4777
14235,24717,826,9,554,16993
-5618,12280,718,7,-1180,20733
27704,5762,721,1,-7047,10167
28567,11585,733,2,-11411,2370
5918,24036,747,13,-2590,12718
14871,23576,829,5,4543,14397
27197,-2604,740,10,-10044,145
29885,4329,829,0,6088,-13190
20671,23119,839,15,5189,21405
7956,-14007,738,5,-9119,-2313
27238,-2648,837,2,-4205,-4163
26945,4121,724,8,-3415,1334
16689,25210,840,14,-5517,-5711
9823,2641,725,10,4485,19000
7797,21064,846,4,3056,14503
3885,24989,737,15,-6917,6938
22139,581,711,4,-2344,9082
24672,4721,844,0,9344,5986
26104,-3180,741,10,-9290,3418
20469,21972,835,14,15577,20814
9360,4186,732,6,5601,19084
8519,16483,708,10,10974,21867
28610,10185,723,1,447,-11693
14903,20719,746,3,16928,22390
-2714,-3382,725,11,-6275,13581
14004,22249,736,12,14004,22249
9317,14670,718,4,11268,21420
28332,10076,707,1,2149,-11498
27196,14427,710,0,12674,-13454
745,-95,731,5,-2562,14751
14742,25517,844,7,-6612,1513
4311,-3068,729,9,-2959,13806
24619,-2106,746,8,-5737,13158
18573,17930,739,10,18053,18855
-8697,11604,835,4,1884,-12699
27499,7408,725,0,1080,22523
9180,21391,744,11,10585,22451
17821,19614,736,13,17935,18862
28936,4519,731,4,-5391,-8036
14640,25580,845,5,-7920,8797
1006,11679,717,13,7898,1145
14068,23085,833,9,5140,12807
6755,20174,739,14,5860,18697
-4442,4532,737,5,-2984,15786
13248,-3289,730,6,2,17694
-921,-6237,719,9,-6209,15987
24356,6089,711,6,9666,256
16204,19610,745,5,16379,20141
17828,19889,827,4,17138,19098
-1860,21380,716,15,-5458,1146
26407,11873,736,2,7096,3145
26333,7498,717,3,1592,1490
25963,3018,710,10,609,-2933
24557,-5158,843,2,-6367,5661
14207,11000,832,0,14093,18642
13475,20473,828,3,13475,20473
10649,20068,736,5,11686,21340
-4313,17736,844,4,-4626,-5256
27771,13131,705,2,3717,-15160
2717,19877,839,1,5793,22524
17666,23114,849,5,8963,19509
18631,-12949,722,11,-5897,-10219
3117,20596,705,15,364,10294
197,14738,830,1,2467,19164
540,22024,747,12,540,22024
27049,10033,716,0,-2735,16037
-2982,18522,828,6,2583,-8863
15639,23710,827,14,6090,3726
18896,-4686,711,9,161,-2452
21843,-3269,729,8,-2915,18273
15979,25194,834,14,-697,-7282
17603,24911,825,13,10400,-13171
6095,23401,747,13,-990,12497
27544,12586,727,0,-3809,2943
85,13032,834,4,3726,-1275
-3473,23388,726,15,-9795,-3810
26659,-2591,703,9,9894,-14018
16948,24433,828,14,-1649,10600
13403,21519,739,9,14379,22295
29021,2192,720,6,-4141,-11668
26458,3168,709,4,-2868,-1809
29848,2349,842,0,-3927,-8466
27361,13840,709,2,13570,-13048
18080,17602,712,3,16975,18932
12623,26014,826,12,9602,-13147
1922,18517,840,3,1922,18517
18613,-608,826,2,3662,9692
14438,25296,843,5,-5474,8661
27878,11403,721,0,-8222,11063
-379,-5762,705,14,-379,-5762
19265,22971,848,13,9570,2466
29422,7096,742,3,-5637,-7598
-1197,22802,717,13,-8646,8000
28677,11611,744,2,-8244,-3306
10187,19144,707,10,12544,22397
13927,18769,712,9,14131,20008
18060,-559,739,3,3302,19546
-2168,14237,837,8,-2506,1952
24218,-910,718,6,-4861,4011
4163,-13037,748,9,-10606,7716
20658,22216,836,13,11783,18865
24165,4836,703,3,-560,8314
14433,22726,839,12,11787,2338
26712,12571,742,0,5159,3415
1127,19017,840,4,-2477,4560
706,6629,737,12,706,6629
15884,23177,847,7,4986,10606
18455,23951,827,15,6280,-3805
26991,14649,707,0,15109,-12571
14669,22382,728,12,14953,22564
6280,3118,748,5,2444,10153
16302,23643,833,11,5936,17671
23976,4332,743,4,4913,3714
27570,4133,708,3,-8066,6519
17170,22474,844,9,10521,18449
6899,13879,835,10,10528,4245
1956,-3406,738,9,-4204,11335
15507,21132,838,10,12916,19159
2199,17479,745,7,4351,20312
7430,3619,748,8,6962,21674
28273,3157,721,4,-6821,-4628
9983,21491,846,6,4594,13036
-3738,-4900,836,3,-3738,-4900
18546,23124,839,13,11224,1994
14969,22398,731,12,15248,22562
28905,4779,709,10,4763,-14329
5012,20897,746,12,5012,20897
15193,23570,838,7,4059,10249
727,20724,845,8,-5195,11653
8439,18059,728,10,12259,22762
8703,25928,742,13,-612,21667
10911,16520,829,1,11709,18263
19149,24387,839,15,669,-12315
3502,23357,715,13,-3013,15611
26886,11610,707,0,-3397,6954
9939,24392,825,9,1085,-186
25404,7782,715,2,1256,16682
18093,23079,847,7,9251,19465
9590,21193,836,10,5133,14239
14861,23055,712,13,13903,22530
9673,18526,727,8,13422,22855
13541,8934,711,0,11643,22285
19210,23188,830,13,4936,11861
15079,-1998,735,8,1804,18348
9164,-13951,730,11,-10587,1422
27508,-1482,745,8,-10634,10683
21454,-7661,745,10,-7695,13780
-6533,-5107,739,7,-9933,7268
27442,13978,712,0,2827,-14037
25717,3705,717,1,-2776,14856
9931,21233,710,11,11258,22439
9611,21501,743,14,8855,20645
10682,26474,835,11,3299,-12679
2838,23970,841,10,-8055,5324
-940,6296,724,5,225,17936
9485,24702,827,9,1478,-2433
17150,-10512,712,7,-799,-9251
15444,23388,845,5,4496,12705
24642,8733,712,2,2814,14540
-7333,2377,731,7,-5517,17290
-3924,18457,728,14,-3924,18457
-7868,18351,714,15,-677,-11047
18273,24726,827,15,9228,-14608
11763,22608,842,4,7631,20063
25830,8599,742,1,5740,4597
4103,4602,703,7,1154,11489
13891,25923,848,9,-9293,9606
2742,-8958,744,9,-7882,9429
13703,-12107,714,11,-6617,-4432
11464,-8053,705,11,-3317,-752
28971,3972,713,10,375,-13677
21632,2431,722,1,2589,18586
14499,21905,747,5,15157,22365
22335,-2793,723,10,-5257,10685
18670,23667,840,5,11617,23585
4268,25985,740,15,-9853,8133
3270,-2598,744,9,-2949,11284
5156,17869,744,7,6594,20058
-11135,10156,704,15,9471,-12783
28583,11512,734,2,-7505,-5588
10316,-9391,737,6,-3478,19122
12922,-8134,708,9,-5821,3617
29294,6054,734,3,-7543,-5156
15079,23084,845,12,10253,1850
23631,4046,736,8,3068,5960
-819,-3702,839,1,-5493,5622
27331,14045,708,0,6007,-14725
8410,-11899,731,9,-9418,10138
27719,12595,711,2,-844,-9359
26534,7469,705,8,7678,-4735
26099,8783,721,1,2992,3703
14797,-4872,714,11,1592,-1241
20133,23565,845,15,-4376,-1253
15305,23374,826,7,5970,13926
2389,16943,736,13,6680,2261
24639,931,720,6,-2126,1786
28765,4462,718,6,4916,-13278
-2897,-7271,726,11,-8747,12611
8716,16791,710,10,11244,21944
7271,-8756,715,5,-7173,5787
3224,-6105,736,9,-5696,9283
17391,1223,829,0,6153,16072
17242,-5180,834,0,2568,20181
22457,-7971,712,5,1108,-11976
14401,22946,825,14,12257,2693
28726,217,836,0,-8318,1490
12992,-20,742,8,3610,19001
27450,12462,714,2,160,-4626
11282,24990,835,9,-1545,1390
28816,6837,708,10,14310,-13077
-4246,-9161,747,11,-10707,6837
28359,999,726,10,-9003,-3642
26602,826,717,8,-8646,8000
11998,16750,723,2,15065,22560
20393,-4178,709,8,-3987,17419
3526,17946,720,14,3526,17946
21106,21211,841,5,19252,20733
-1285,7774,839,3,-1285,7774
7833,25969,734,15,-3501,19039
-1408,-9645,725,12,-8206,-3081
25600,4921,824,2,14887,427
22694,20744,841,13,20409,20483
395,396,732,5,-2361,15191
25902,1339,723,10,-3246,708
23218,-6291,710,9,-398,-10219
-76,10932,741,5,1719,18058
-3380,-3110,737,7,-6917,6938
24519,952,740,8,-2891,8257
27049,10038,722,2,-2891,10091
10221,-7528,730,5,-4411,4874
28960,4843,709,10,5216,-14770
9651,18636,718,10,12556,22461
21981,-4310,837,2,-2658,7955
21670,20992,849,11,19886,20621
-4873,18694,833,10,-423,-10487
9241,16952,831,3,9241,16952
8343,24597,742,13,750,18587
8078,23366,729,15,3026,18003
17877,24762,824,13,4301,-11490
24668,2631,826,0,4596,5794
28259,-787,843,0,-8390,6631
15353,-3614,735,6,-1718,13436
-9950,7564,833,4,6236,-14387
10919,696,744,5,4444,5523
-7703,19599,717,13,-7786,-6946
8982,3944,736,4,5558,19471
18303,23285,838,13,12043,710
6486,25063,747,13,-3556,15662
1756,-10748,729,11,-9708,8566
20856,-281,709,10,-1885,8437
-6038,13443,833,4,-76,-8555
20236,23249,844,15,584,11492
9257,24304,837,10,699,18423
4009,22598,718,15,-1493,12643
-1277,17190,826,10,1826,-3735
17649,24028,848,12,-549,12732
9440,-1179,711,12,5625,339
17832,-3861,710,5,3312,-2870
3675,-11941,711,14,3675,-11941
16372,13165,844,2,16043,17291
28184,12545,734,0,-7381,-4004
13697,22450,739,11,14399,22813
-9500,11440,741,14,-9290,3418
28123,11876,718,2,-8110,-3815
8107,23023,724,15,3703,17898
25753,13427,705,2,12336,137
28886,9630,729,1,-4717,-8596
-3977,15161,832,8,-5280,1528
18845,24082,833,13,-1326,-577
-2758,-3814,837,3,-2758,-3814
16498,-13332,722,11,-7474,-7513
-1657,20924,742,12,-1657,20924
2979,4228,724,9,1135,16401
6830,-6603,723,10,453,22052
17782,22316,836,5,11783,18865
27084,9772,725,2,-2688,11680
19436,22819,826,13,8270,15417
-6279,17509,711,13,-4320,-4545
6968,6928,730,14,6968,6928
8437,-9922,705,7,-5649,-804
12056,21990,728,5,13537,22865
18100,-3602,842,2,828,12344
-10871,8859,747,14,-9381,-250
16715,24621,844,12,-3426,6740
27823,10107,733,0,-2522,17959
18350,24028,835,12,4495,21837
27362,14059,708,0,5732,-14500
29332,4976,725,8,-8459,-7784
10169,20566,724,12,10635,21197
17005,-12071,731,9,-10699,1286
22139,2267,728,6,1947,6397
-1290,-4038,830,3,-1290,-4038
4296,24863,709,15,-3987,17419
19400,-3419,748,10,-2386,12403
13903,25399,848,9,-6127,9583
10571,8778,703,8,7747,19194
12295,21586,727,7,13348,22386
4618,25772,746,13,-8291,12539
20171,23287,837,15,2041,16581
-2080,20827,722,13,-6188,3475
12847,26307,832,7,-5651,-6425
12508,22694,715,13,10850,21290
-13175,8978,707,13,6514,-15187
6076,17670,833,10,5275,5798
-11498,6803,738,14,-9119,-2313
-4133,15295,731,12,-2280,19037
15556,24860,847,7,-3357,8746
15146,23570,833,11,4800,13305
15646,23555,828,7,5404,14989
15193,233,738,3,4800,20234
18422,17577,722,3,17371,18940
18753,22171,844,11,12939,19541
16333,2255,713,4,2934,14828
19726,-5825,848,0,1919,20724
26375,7720,715,3,2174,637
28620,6364,725,3,-8352,1142
4695,24545,727,15,-4188,15361
28632,6062,707,8,-223,-11637
14647,24599,837,9,1006,16392
22399,5594,748,8,6612,8772
21760,20739,828,5,20905,20394
28421,11768,730,2,-10681,-225
22356,-9122,733,9,-7299,-6675
7906,21670,849,8,3986,18083
26943,14716,704,0,17263,-11845
20688,21345,840,13,15710,17074
27731,11065,710,2,-6973,3028
6754,16732,848,8,5032,10938
13683,-7604,748,8,862,22246
25735,14046,707,0,11750,243
-886,-4983,740,5,-6772,9180
23971,4587,741,4,5394,3517
28719,-1039,832,2,386,-11003
3765,17775,848,3,3765,17775
28905,5215,721,8,-6041,-8026
29047,4582,719,8,-8715,-6633
366,-5837,834,1,-5674,3172
18277,22141,840,5,13195,19331
28878,4059,706,10,1833,-14175
10958,26263,845,9,-4703,-6667
-2107,11711,736,14,-1469,7162
24337,5106,712,1,-429,12110
17078,25095,846,12,-9589,7670
22223,6197,703,2,4472,18936
25027,7736,719,8,8338,1598
10170,16845,844,1,11084,18636
6779,3042,728,5,2126,12134
28109,6433,715,1,-8664,6394
7747,19794,736,12,7747,19794
26574,4315,738,3,-2787,7094
-8521,19627,712,15,-3273,-12114
-10515,13503,705,15,5744,-13086
14727,22514,739,14,14379,22295
-3244,15050,748,7,166,19617
14004,23962,834,7,2928,5451
10619,19089,712,4,13129,22475
4344,2952,831,1,1759,8237
21834,18498,838,11,21796,17495
14207,25940,848,7,-6415,-4048
12741,20417,745,4,15244,22574
20568,22483,842,13,9864,18432
-697,-7282,834,3,-697,-7282
1305,-12727,746,7,-9160,-1767
17578,17912,709,10,16842,18930
9744,20283,707,11,10887,21747
25256,420,718,8,-5939,10372
17475,24579,846,12,-4978,12320
583,-5250,731,9,-4898,16229
27359,-2216,740,10,-9747,-475
6348,6500,848,1,5032,10938
15896,-12185,718,7,-3892,-8644
-6910,10391,747,5,-2208,20329
7684,-10091,705,5,-8193,4160
28744,9048,710,3,2703,-13555
19769,-6282,703,7,6553,-8326
27107,4218,727,3,-5644,10306
16775,-3754,723,9,122,1731
20593,3191,849,0,8310,13489
20760,21174,827,5,19241,20581
28061,4620,719,8,-5469,-3486
21052,-10791,713,5,-4163,-11453
9875,11164,705,1,10552,21699
17759,23080,845,7,8349,18437
25660,3791,708,8,-2221,1874
19964,17568,841,2,20293,18695
14412,24183,833,10,9987,23236
14404,-13249,745,9,-8799,-2781
8772,-6597,705,12,3132,-5023
29019,2053,745,4,-7993,-6168
22368,-8486,721,11,2903,-12586
18467,21955,825,12,13399,18201
29434,8094,748,1,-9527,-3337
19269,-10498,709,12,13010,-13412
15569,24585,830,5,1664,18434
19244,23579,831,13,1104,11270
29025,7574,703,4,13352,-15275
13014,22446,842,7,10543,2488
28420,11926,731,2,-10727,-126
17096,23899,837,14,2221,7622
28631,-992,831,2,631,-10774
6059,12476,846,8,7236,6173
14593,25685,828,12,-3955,-5676
27234,10304,719,2,-3853,8348
19664,22113,845,12,13088,19622
14119,22713,837,12,12249,2067
-2059,22206,706,13,-8775,7333
25580,3834,722,8,-1870,4160
22377,-2563,744,8,-3448,15011
6469,3078,825,3,6469,3078
14490,16192,710,3,13980,19961
233,5891,718,11,-134,15861
22349,2641,748,10,3915,5616
6717,-12680,744,9,-9920,5342
19757,1701,731,3,3395,18483
11096,25171,831,5,599,-4056
25428,-5662,747,6,-11153,5522
3199,8901,746,14,4960,5704
12179,21475,712,5,13209,22397
19772,23950,842,15,-3927,-8466
27712,13555,720,0,-4565,-9845
17436,24217,838,12,1256,16784
2196,18085,720,14,2196,18085
28241,11069,740,0,-7093,10673
28468,531,722,10,-10402,-3653
-3224,15223,834,4,-855,-3876
4465,22610,847,10,-3744,6440
19493,24010,838,13,-7738,2665
16819,23717,834,7,5888,18384
1882,-12588,744,5,-10723,3998
18506,24680,825,15,-14,-11446
27257,6078,709,1,-6402,7045
13258,-13598,733,7,-7727,-5112
10033,-8125,713,9,-6221,7080
25229,-629,717,6,-5718,1884
12094,8092,728,2,12259,22762
29283,3116,734,8,-8109,-7389
21799,-5928,724,6,-7638,13169
28708,5636,704,10,9032,-14046
17713,22674,837,5,11425,19582
18688,24342,833,13,-617,-6357
9311,16915,717,4,12174,22161
10724,23525,742,13,6204,19734
-1917,21176,703,15,-5725,2941
21822,-7616,717,9,-3612,-7523
17786,23170,848,11,8777,19369
28160,10674,703,1,7479,-13322
8407,-9300,736,6,-2753,19792
22708,2968,745,10,4497,4676
-8814,15198,712,13,-1178,-9351
28256,12016,737,0,-8440,2990
29173,5607,735,3,-8394,-2513
-3853,18969,827,6,2013,-10313
27836,-1723,727,6,-12238,1183
28159,-232,731,10,-11504,1329
23187,19804,849,5,22648,19609
9618,-15386,744,11,-7321,-7202
19118,2683,834,2,7951,10019
20366,22836,838,15,6941,17529
12740,20633,839,8,10997,19042
19589,-3620,740,8,-1629,17084
15290,-10718,712,9,-8741,830
21521,20958,834,7,19908,20594
16862,-7322,717,5,-1291,-3025
24617,6378,721,4,6773,1943
-8788,17973,713,15,-159,-12399
23085,6543,727,4,7364,6290
14030,22596,741,7,14599,22822
912,-4542,722,5,-5314,12751
17699,24219,834,14,339,15134
4179,23061,836,10,-4777,8112
25718,-4240,745,10,-9917,6261
19657,23224,841,13,2516,8469
3723,5289,723,9,2008,16446
5206,22396,742,15,480,7222
-5031,2175,703,7,-5506,14567
21226,21108,829,7,19541,20682
21790,20670,841,5,20617,20264
28032,11851,721,2,-7034,-2266
-7720,13982,849,8,-6864,-4979
15387,25283,825,14,-1217,-4334
27312,6313,712,1,-5783,6999
26236,2756,712,4,-3368,41
-313,6405,726,7,-318,15878
11363,20424,741,5,12387,21527
28501,10408,710,3,12674,-13454
7561,17500,709,7,8500,19877
26572,5672,740,1,-1564,9209
15222,-13377,707,12,7186,-14958
10280,17973,837,1,11425,19582
28136,4066,708,10,2385,-10989
602,19103,735,14,-851,16147
2469,15952,703,12,3040,17929
18388,22435,829,5,13598,20515
20114,23612,847,13,-6999,4050
28317,11057,725,2,-9779,5087
8127,20062,836,8,5411,16420
9075,17123,712,10,11549,21938
20296,20176,844,1,20477,20308
1612,25625,741,15,-10000,-187
19213,23619,830,15,1805,7785
6741,-2624,709,5,-2304,8067
18788,765,747,6,2454,9832
5548,21198,838,10,228,8529
16130,25143,848,7,-6275,11772
9985,26015,839,9,-1202,-8878
26380,12838,719,0,3418,2955
22204,20688,846,12,20640,20284
23753,8408,707,2,3843,15625
22544,995,744,1,1880,18874
19011,-5061,713,8,-2801,19048
28710,1243,735,8,-11410,72
14221,10063,730,2,12721,21753
6802,7773,748,6,7230,20097
23254,-7590,847,2,-7883,11230
17816,22642,838,5,11567,19680
28300,11828,742,0,-8550,5732
27413,-1307,735,10,-7884,-3066
11025,19865,728,6,13767,22640
18157,24674,830,13,6262,-12609
25715,995,726,3,-3822,16986
8453,20080,830,10,4936,11861
25077,1806,824,0,2272,5050
28404,11955,744,0,-9905,5144
8163,14472,730,3,12546,22822
361,4487,825,8,7113,-4412
19805,-933,745,3,2141,19144
22075,-2783,703,8,-5506,14567
8816,-11755,726,11,-8554,2007
-4169,-7485,710,14,-4169,-7485
9656,16251,703,3,12114,22211
13652,25511,839,7,-3027,-1840
26379,-1077,747,8,-7797,10903
16683,23422,842,7,5981,15900
13642,25532,829,12,4579,-10064
7100,-3439,724,9,-2770,11151
9165,23972,740,13,3219,18759
21068,20669,825,10,20704,20458
20434,20003,827,11,19449,18646
16582,8698,718,0,11268,21420
1247,22157,829,6,-4350,-840
26944,10708,714,2,-2591,5767
17458,103,826,2,4316,11037
4689,15843,826,8,3662,9692
28062,9900,741,0,-3864,16814
7832,17215,707,10,10857,22329
18065,19083,831,0,19539,20529
-3532,22665,725,15,-8198,-3998
26384,754,703,6,-3575,-4597
10390,19216,733,8,14100,22938
15681,-326,714,4,1093,16386
12749,25387,840,5,-3303,-901
23718,6386,729,2,5191,19769
14603,21357,830,6,11799,18688
9501,-10537,826,1,-313,-6762
27772,5454,725,3,-6546,5664
13454,3156,730,11,6968,6928
25671,1588,707,8,-6281,5697
6284,14378,706,6,9092,21764
-3286,10763,717,12,-2776,14856
22957,-1427,733,10,-3920,10405
10614,559,711,14,10614,559
26124,4626,830,0,8883,1693
16774,23558,828,12,5404,14989
26091,-1005,738,4,-7574,4800
13062,-8908,706,5,-5055,-808
19696,2986,730,1,4807,19186
20024,-11379,717,11,-2539,-11689
22423,20934,838,15,20056,20425
28555,2899,726,4,-8679,-3094
18428,20429,843,9,15950,17236
18486,17729,731,8,17706,18980
21201,19793,841,5,20293,18695
20829,19176,844,10,20476,18683
12829,-133,748,9,3915,5616
14820,-13359,736,9,-8256,-4655
3902,22385,842,6,-3196,2897
11921,25663,843,9,-5307,-937
28969,7447,724,3,-7952,-4619
-5777,13630,742,11,-1531,20383
17105,23247,849,12,5105,9373
10173,-157,733,5,1611,8333
24947,8622,721,0,3717,18195
15730,23831,828,11,4814,16832
12200,-484,735,7,7009,1681
26958,-1326,743,4,-9465,5215
17313,18564,716,7,17123,18937
4390,-17,747,5,-688,9086
28750,5058,737,3,-8011,1451
-5961,10823,743,7,-3238,17724
23883,4641,727,6,5816,2399
-4200,-3117,730,5,-5860,16769
21700,19570,840,2,22165,19865
28614,3456,712,6,1344,-12914
10821,21877,825,5,9862,2811
24323,-239,837,0,426,9973
24677,-128,708,4,-6364,6376
11796,20909,742,7,12486,21566
27895,5350,714,3,-7372,3519
1536,10254,715,13,9466,1008
4916,14671,745,9,6787,19676
28713,1870,837,0,-2741,-3201
28161,11441,720,2,-8963,713
11258,26435,825,11,-3385,-7847
25335,-3710,732,10,-9270,10893
28863,3459,731,8,-10908,768
5457,-11688,733,11,-9487,5844
14668,25205,824,14,4481,-7098
10770,26365,826,5,-4016,-7132
-3159,15469,703,13,19,62
2775,20987,831,10,-2167,4231
23386,7013,721,4,8346,5100
26560,12378,744,0,5335,5140
-3780,19598,844,8,-9698,5651
2937,21533,711,13,-1247,13105
14150,10387,743,8,10841,17778
14123,-14274,727,11,-9659,-4214
13778,20855,744,8,16032,22602
-3917,2485,737,7,-4857,11104
15298,22356,841,5,7992,11696
28652,11798,748,0,-11084,6419
15932,22261,738,7,16243,22430
11775,15604,747,2,15418,22556
21501,-9478,709,7,4412,-13588
12238,15926,741,0,15724,22616
29226,3129,727,4,-9991,-5811
1116,-7826,714,5,-8097,10948
20835,22312,837,15,10646,18805
14692,20707,841,8,13361,19619
15973,24161,839,9,4997,19707
18784,23362,825,13,4732,10244
-5506,1352,728,5,-3924,18457
297,2054,717,7,-2381,12479
-8332,9499,712,14,-8332,9499
12170,11478,706,0,12417,22356
16367,-12041,725,5,-8454,-3756
13890,19075,711,11,14058,19979
17330,20627,828,5,14774,16230
13790,24563,824,11,38,10990
-1052,14845,743,14,-1395,10736
-6056,-3341,747,11,-8474,10982
24380,764,741,8,-2891,8821
5096,-6781,721,9,-5490,12181
-3932,7627,829,8,1634,-5059
-646,16746,722,13,1114,2227
21561,1442,827,0,4360,11367
25289,-464,714,8,-7402,10903
15578,-10148,709,11,-3202,-5848
9981,-8524,737,6,-2979,18904
25843,7019,730,2,2501,19473
16292,24170,837,5,4472,19222
23305,-489,740,4,-2891,8257
28976,4810,724,8,-7560,-6603
29445,2964,829,0,560,-9355
21730,20013,847,1,21881,20083
14229,25446,844,7,-4020,-1984
14194,-13285,716,7,-6039,-7757
28915,7851,720,8,6635,-14131
28685,8469,713,8,11691,-13435
26071,6717,737,1,706,6629
24307,-1814,827,2,459,856
24526,-5067,712,9,2840,-11641
23072,20178,849,14,22164,19876
24893,2316,712,6,909,-1084
8914,15471,712,8,11519,22008
22426,-837,707,4,-4161,9937
19436,-3713,824,0,798,17130
16180,24856,833,14,-1326,-577
14672,25375,840,11,-5912,7979
25446,-3450,735,6,-8220,1250
26894,2328,729,3,-5476,15166
-6287,-4730,732,12,-10245,3525
27629,1530,720,10,-6026,-3986
13556,25162,838,11,-2719,2624
-179,21484,837,6,-2487,-5425
1745,-13233,711,14,1745,-13233
13874,23152,827,14,14127,591
28461,10841,737,2,-8052,2787
25227,-7011,711,5,5174,-15799
-3694,-7242,739,11,-9371,7020
14786,21707,842,10,11497,19328
1919,-8425,829,3,1919,-8425
12960,7309,838,0,12067,19050
-3436,23076,731,13,-11504,1329
13166,-5246,843,2,1455,17575
-11244,11355,742,14,-11118,2314
16561,21499,831,4,15083,20708
12634,-2697,736,10,78,16264
19723,20871,825,8,19228,20738
5035,25012,844,6,-8324,7577
25904,8550,739,1,5422,4081
14245,587,735,5,7332,2931
7763,-888,746,9,338,8985
5271,21029,747,12,5271,21029
5844,-12066,721,7,-9200,1600
16782,24058,837,12,1394,12152
15120,25252,844,7,-5284,5779
27356,5959,720,1,-5484,8886
29239,7238,738,1,-10012,-885
20167,18707,839,3,20167,18707
4294,25070,723,15,-5469,16150
16474,24888,845,12,-4742,2612
28130,429,730,4,-11804,5630
8901,21135,833,6,3902,12173
-3339,19951,737,14,-5748,15882
21673,1032,743,4,514,9190
20597,23107,842,15,1163,17211
11726,24065,844,4,6707,22228
14972,25270,835,12,-1218,-4466
9020,11497,840,4,12317,5623
12052,26113,829,11,-4505,-4933
24714,5631,740,8,5627,3250
25949,3659,725,3,-3550,11763
16107,17948,831,0,18108,20564
28107,12413,720,2,-5310,-8823
-1055,20446,833,6,-617,-6357
3778,16159,733,7,5991,20399
28421,-1397,833,2,-897,-9671
26417,12538,724,2,6718,1307
8166,15239,825,3,8166,15239
11620,26277,840,5,-2391,-9901
20880,-10698,739,9,-2613,-10983
13797,11133,743,2,13592,21695
6604,7989,842,8,10543,2488
9389,1728,738,10,3703,18098
10879,-7108,736,9,-3043,2408
14303,-13377,729,5,-10446,-879
26997,1053,710,6,-3769,-5209
18357,22436,847,9,12962,20396
2201,7523,715,14,2201,7523
28420,8227,739,2,-5098,16947
-2340,1768,741,10,4096,23752
-8522,-4572,725,14,-8522,-4572
4393,7223,711,11,2733,14262
-12871,9804,703,15,10641,-14657
21662,2846,708,6,3061,4983
27397,-2004,748,10,-9646,679
1449,17381,731,12,2735,19692
28359,5430,715,3,-9416,3482
17967,24736,827,13,4598,-12787
10158,21395,827,9,9485,3236
-852,23858,728,15,-9368,2678
11308,25748,830,5,-2576,-4329
28859,8538,714,3,-1078,-11901
4601,15728,737,7,5548,18332
27828,8348,741,2,-3143,15491
21297,2202,724,1,3008,19082
21842,20626,847,9,20698,20266
26472,8320,721,1,625,3330
8907,26422,832,5,6000,-13555
13210,26041,837,5,-8482,2424
16838,-3074,715,5,3293,-728
-376,-13523,736,11,-11627,1142
9117,17354,703,8,11799,22361
11662,-4513,725,11,-369,2717
26421,672,725,3,-4884,17135
27506,11533,709,0,-7699,7328
7280,-12901,838,1,-4220,-7287
24744,4781,843,0,9452,5777
27184,14168,705,0,8137,-14039
27245,9147,711,1,1203,-2767
-497,20392,829,6,-784,-4629
21709,5710,709,2,5468,19865
6051,24165,847,10,-4956,11503
11065,24074,844,10,3141,19672
1847,10896,730,11,3213,18256
28426,4853,709,10,5357,-12386
29015,9574,720,1,-4141,-11668
24319,-4638,838,2,-5385,4835
21985,21531,843,15,16512,20985
-3733,-5792,747,5,-8400,10987
11687,13746,726,0,14495,22724
18323,21618,846,9,13880,18871
7881,15471,828,4,8173,8572
17611,23325,846,14,5161,8400
12065,14259,743,2,14796,22335
15924,23668,832,14,6474,3826
7423,15204,824,3,7423,15204
28020,9442,707,1,110,-7907
16209,22969,844,14,10721,3173
23241,-8888,708,5,636,-14211
-11342,12906,706,15,7215,-14001
29414,5720,748,1,-10967,8499
16031,24209,849,11,1285,13719
23020,1758,729,3,262,16914
19701,23942,840,13,-7986,4433
20125,20574,837,3,20125,20574
4143,1915,716,14,4143,1915
4141,21397,710,15,515,12108
19719,-11203,827,1,10366,-14078
-7921,4783,711,12,-8217,11055
29450,5913,741,1,-12081,6116
27865,12292,717,2,-4287,-6199
28308,6712,706,8,3275,-11361
18978,-11370,714,7,-579,-12004
20260,23466,841,15,-4173,11583
27175,10629,725,2,-2688,7864
-4163,-11453,713,14,-4163,-11453
27426,4166,741,1,-5006,12474
25703,-1022,722,6,-7026,2264
-9089,-1666,732,12,-11232,7069
28545,7602,705,8,7488,-13572
21338,17984,827,10,21408,17543
-3172,17107,711,15,1203,-2767
28231,1493,724,10,-7952,-4619
8244,14670,731,3,12678,22822
28552,10528,741,2,-8370,6215
13808,4951,846,0,10814,18717
-1629,20352,740,14,-3880,16922
22310,1558,721,3,451,16887
28288,7013,705,3,-5697,-4846
21232,20721,849,12,18653,19412
25313,8607,706,8,11182,-245
25813,13918,710,0,10892,478
19105,791,723,9,6923,1465
17244,11718,841,0,15788,17134
8043,4175,718,4,5746,20610
12041,22377,842,11,10995,1312
21886,16721,830,0,21522,17540
3925,18959,708,14,3925,18959
13751,21667,831,10,10533,18938
28279,10166,706,1,3030,-11815
3350,-2340,705,12,-627,991
28729,11232,741,2,-10027,422
25171,6071,737,3,2952,6310
15610,25205,831,14,697,-5557
5539,21580,841,8,887,16835
27786,7873,733,2,-1651,19750
16183,-4810,837,0,3755,20439
14019,-13889,723,7,-6986,-7430
18413,21603,847,9,13999,18940
9907,18128,844,4,8067,12378
27847,13199,722,2,3952,-12855
28766,6542,725,3,-8573,519
12238,16596,734,2,15263,22418
12236,21333,738,15,10325,17393
19483,-2105,743,10,-1395,10736
17084,-11950,725,9,-10506,320
12881,20816,743,6,15039,22552
22892,871,707,4,-2791,7375
18562,23841,832,13,4389,-2072
13423,21537,741,9,14502,22301
14089,21323,743,10,15929,22602
7998,19425,705,14,7998,19425
21626,5298,734,10,8428,5836
7638,22195,837,4,2041,16581
26897,6439,704,8,3704,-5392
27399,13853,713,0,1989,-11297
13320,21598,841,10,9703,18289
24384,5829,847,0,11479,6711
15038,21244,717,15,14510,20125
27468,11019,711,2,-4878,3039
27453,270,729,4,-10102,6279
7430,989,708,9,434,11384
23675,-7532,717,9,-2861,-10927
11462,20813,723,9,12934,22267
22548,20360,844,5,21838,20096
-5208,5787,744,7,-4359,14158
18681,20574,843,5,15950,17236
-11270,1239,741,14,-5870,-7750
16187,23236,845,14,10253,1850
24582,-4522,848,2,-5054,5168
22011,20635,838,7,20809,20284
-4665,14905,825,10,4792,-9180
28315,9828,740,0,-4774,17459
20049,23769,844,15,-7604,-2092
9934,25964,748,13,1468,23006
-8202,16908,712,13,-3940,-8107
19516,-2367,723,6,-2772,11780
13715,11746,748,2,14088,21750
15739,23024,738,13,14217,22257
17504,23390,833,14,5140,12807
4827,19251,705,14,4827,19251
25068,-2001,726,6,-7550,5373
27843,8079,748,0,974,21490
19922,21530,825,9,17899,20776
-11503,-897,748,7,-10960,12558
28995,1914,827,0,-2987,-5302
6957,17950,847,10,6111,6455
16824,23175,840,11,7801,17204
27804,10160,738,0,-3786,14012
24469,7969,739,0,5860,18697
28180,11298,737,0,-7418,8482
29122,7680,723,3,-8109,-6618
16934,23233,838,7,7205,17078
23618,-3677,708,6,-8447,6475
7388,1870,743,5,2524,8463
13019,25752,836,5,-6614,1894
24635,2631,732,4,-1406,6331
13015,726,745,3,6324,21316
-9351,-1089,721,14,-9351,-1089
26492,13024,732,0,4615,3781
8566,2039,833,1,5275,5798
28247,9500,703,3,6590,-12168
-2949,11284,744,12,-2949,11284
27837,9225,737,0,-2494,18014
27632,-38,718,6,-8110,-3815
26527,-3822,707,9,7186,-14958
-2160,16865,718,14,-2160,16865
17823,24802,843,14,-8703,7587
7254,20092,825,6,3666,9329
25109,693,703,3,-5506,14567
13385,-13499,730,9,-11804,5630
23358,-978,731,10,-4002,9183
16460,24938,824,14,-4436,8538
13899,23938,839,9,2075,11781
27546,13669,714,0,-151,-12583
18168,21704,840,6,16171,20949
8948,23944,842,4,2351,20078
27300,6439,717,2,-1517,20431
27167,10320,735,0,-1826,12310
5189,21405,839,3,5189,21405
21857,2111,839,2,7766,6130
946,23240,724,15,-6586,7049
9202,26327,831,5,4325,-12668
27257,14058,706,0,6525,-14329
23168,-3530,728,4,-5487,15324
5942,4897,747,4,6760,21555
6206,15881,849,6,9340,2695
15884,-302,733,8,2875,18882
13513,21577,740,9,14493,22306
13766,19882,707,14,13766,19882
26241,8876,713,2,-968,13961
9949,21252,747,14,9206,20384
22375,-114,724,4,-2770,11151
17924,24888,824,15,11803,-14568
7155,22111,717,15,3370,15879
22165,-4515,712,6,-7613,9484
28485,3485,711,6,2014,-12359
23070,-6152,710,9,-38,-9868
25818,-529,732,4,-7393,9872
17653,23524,833,12,5936,17671
10,-317,831,3,10,-317
105,-13056,714,14,105,-13056
1032,18913,743,12,1032,18913
18860,21279,824,10,17791,20775
-846,1835,719,5,-2357,15695
28230,11207,723,2,-9543,3354
28316,6776,707,8,3223,-11312
8045,13779,727,3,12135,22718
22428,-6884,739,6,-8942,9371
-1903,377,748,7,-4000,9162
14530,24455,839,11,244,9048
22353,20407,845,11,21301,20107
9904,12732,711,1,11421,21899
28391,2633,830,0,1120,-4556
8588,20451,833,9,13356,137
23825,-3320,748,1,1468,23006
3662,25208,721,15,-6514,15450
10527,17266,706,1,13234,22459
18176,22497,844,7,11084,18636
6085,24335,735,15,-2678,12481
16270,23913,845,10,12694,23676
10610,25850,824,11,959,-7800
5869,14643,741,10,10093,22287
21074,20999,829,5,19745,20468
2798,25885,747,13,-11014,7663
7958,-1985,736,10,1578,19602
-10268,14904,703,15,3475,-13074
9204,17925,703,4,11799,22361
-1228,-3241,714,7,-6257,10353
17955,4193,706,3,4217,16137
27741,13193,721,0,-5982,-6423
-4186,13206,710,14,-4186,13206
9262,20943,718,11,10906,22424
-2995,-4058,726,9,-4943,18074
8030,20325,840,10,4139,10972
20218,22745,842,13,6198,15301
16507,15781,731,2,15573,20312
-499,21579,722,13,-5821,6997
7848,22244,832,10,1491,13861
21817,-1999,739,10,-2844,7675
25854,3268,719,4,-1830,1229
10386,18619,725,10,13130,22333
7658,19706,828,9,14770,16
8940,-4905,746,6,73,19057
11782,21801,710,7,12665,22525
27601,13815,723,0,1118,-12042
28963,9111,723,1,-6708,-7763
19115,24090,835,13,-3441,-784
8165,14590,703,4,10276,21606
19020,24143,834,13,-3072,-1465
20906,1395,712,8,-429,12110
-4693,185,703,14,-4693,185
-1292,16443,727,14,-1292,16443
3512,17850,737,12,3512,17850
22087,17887,847,6,22121,17433
18603,710,748,6,2444,10153
27624,13320,707,2,6991,-14803
21935,2174,735,1,2179,17369
23842,-3382,707,6,-8387,5713
19978,17064,747,0,18294,18900
12482,19790,746,4,15010,22335
10028,-13723,713,14,10028,-13723
16208,-533,705,10,-179,13286
898,18106,825,10,1085,-186
19955,-2370,724,8,-1204,17589
12218,20614,727,10,14602,22729
18129,23268,840,12,7289,17961
18871,23740,845,14,2036,18249
27716,5192,704,4,2252,-9134
26776,95,706,6,-6240,-4091
15639,2404,724,8,4328,17552
14811,-11493,716,5,-7573,-2767
28649,10103,713,1,1244,-13710
8417,19757,833,8,6106,16378
12808,12687,741,0,14583,22325
17427,-7726,725,6,-4884,17135
996,-510,708,12,-2215,3602
15289,25481,840,12,-1944,-8239
5675,15371,840,3,5675,15371
27271,7257,728,1,-3517,6672
15087,22117,731,5,15844,22556
13505,21850,738,9,14517,22519
18381,23951,824,13,1385,3427
-2053,18870,837,10,-599,-6538
11906,26368,825,12,12017,-14018
-374,24381,727,15,-10645,4455
12253,23413,714,13,10310,22239
11040,18622,724,3,14297,22705
20920,20620,841,10,20285,20374
-5911,5493,849,3,-5911,5493
-8601,3338,736,7,-7644,13527
21789,20418,838,10,21465,20267
16509,-8764,708,9,-5858,-1074
22061,21128,829,15,19745,20468
7642,-2082,748,10,2389,20139
6661,-12239,720,7,-8963,713
26210,1388,717,8,-7249,7292
22279,973,728,6,-300,6641
13185,25314,835,7,-1190,-1417
28510,11790,733,2,-11241,1750
21985,20815,830,12,20763,20476
28753,11077,740,2,-10044,145
10904,1654,843,3,10904,1654
26902,3430,707,8,-5420,-116
21596,21132,829,14,19541,20682
20261,-7439,744,4,-4991,18141
28453,11508,734,2,-7387,-3845
17145,22520,838,9,10823,18917
8116,-4725,705,5,-3266,5848
29024,10341,743,2,-11854,8197
16336,3662,831,0,8786,16372
13314,25849,838,5,-7738,2665
9729,14068,726,11,9493,17215
27229,2590,726,3,-6031,14149
1385,3427,824,3,1385,3427
-1486,23114,726,15,-8363,994
8883,23783,828,10,1105,17745
26168,-44,703,6,-5546,-3151
28199,5004,726,3,-8138,7003
12397,24249,847,6,4061,20393
25369,-5925,708,5,7320,-15024
28817,3862,704,6,3860,-14735
-1179,2725,744,7,-2701,10467
10389,20808,840,8,7936,18366
-5843,-8893,721,14,-5843,-8893
-402,-10093,746,5,-9902,6957
25693,6934,746,0,5012,20897
26998,11264,720,0,-3019,10229
14582,-2437,728,6,53,16571
19533,-10885,713,7,656,-12270
13326,9357,723,10,9155,16874
6645,-4358,707,14,6645,-4358
26673,6321,708,3,-2221,1874
27418,-842,708,9,13803,-13215
7902,25614,747,13,-1926,19293
9534,13934,718,8,11268,21420
3911,12906,719,13,8710,4749
12351,20883,737,11,13088,21579
18973,22310,849,11,12647,19958
2553,21409,738,14,792,19260
12582,25491,824,7,-2869,-696
-7132,6229,841,3,-7132,6229
19256,21076,833,10,18270,20550
525,-10879,704,14,525,-10879
2922,19335,746,12,2922,19335
25463,-512,716,4,-7403,7549
28676,5948,730,3,-9083,4517
16492,22930,735,13,15356,22423
11204,19453,722,8,14066,22680
28371,12325,724,2,-7588,-8640
4675,-930,720,9,-1718,13336
18081,-11172,711,12,11302,-13711
28482,5981,706,4,4849,-12904
27664,13091,715,0,-5921,-5920
12731,265,826,2,4805,15758
16145,-12648,739,5,-2960,-9577
12961,26068,836,7,-2985,-7768
11758,25506,844,9,-4020,-1984
17673,-12203,731,9,-10976,391
402,17432,745,12,402,17432
-4039,6301,745,9,-711,18763
18081,24847,827,15,7833,-13524
1617,-7428,710,11,-7699,8057
23434,-8243,706,5,1833,-14175
9417,24908,743,15,1032,18913
27772,12669,712,2,-462,-10872
12360,25942,845,9,-7314,-403
18263,21921,838,7,12913,18228
28938,4376,708,6,5487,-15089
-7538,1778,837,3,-7538,1778
10879,5746,729,8,7420,20037
404,-11293,733,11,-10339,9826
27493,661,722,6,-6594,-3770
-10559,8420,738,14,-8955,-221
15067,24606,836,5,-397,14718
10944,-5046,829,2,1378,18087
-7853,-4722,745,12,-7853,-4722
10477,26067,835,5,1985,-11011
25407,4913,826,2,14792,991
21137,6216,731,2,7723,20307
9916,16572,842,1,10800,18426
-6178,5003,706,14,-6178,5003
18173,-10202,713,11,-1939,-8802
442,3791,722,14,442,3791
-1611,-6004,734,11,-7463,6191
-8650,8877,708,14,-8650,8877
7200,17490,741,11,8364,19728
28785,7047,723,8,1834,-11988
22619,20279,844,11,21891,19999
7289,23842,827,6,-1995,13868
2123,23956,837,6,-7687,752
1451,19561,743,14,-62,16754
28047,12080,734,0,-6939,1395
17935,17890,719,10,17245,18939
17586,24148,845,9,7662,23265
-7206,13963,837,4,-793,-9958
1887,1759,708,7,-1529,11773
28493,1632,720,6,-5310,-8823
25683,-4399,710,11,12751,-13244
17277,24197,825,14,1813,15618
12190,18646,747,3,15157,22365
15562,25659,845,12,-4292,-8438
19478,-7214,724,10,-5599,17095
21931,-9247,725,11,1061,-12306
17428,-5752,744,10,-3448,15011
28650,4787,737,3,-8052,2787
-8462,5554,730,14,-8462,5554
3298,10599,726,9,4670,19194
9416,-14460,728,7,-10099,-1964
11548,7583,842,0,12181,20033
19744,22927,828,15,7902,16028
20297,23075,843,14,12279,23650
13489,25442,826,12,4132,-8541
27201,995,838,0,-2176,3284
12017,25754,833,7,1857,-8555
28214,7524,723,1,-7199,3054
11406,13010,731,1,12819,21721
14204,25516,847,5,-6999,4050
27249,12466,714,0,-3988,1321
12184,20390,722,6,14322,22522
19554,20306,834,1,19776,20465
27438,-2846,734,10,-11076,-1027
12166,19179,729,3,15046,22557
-6402,7045,709,14,-6402,7045
13838,-11735,717,7,-4699,-6240
21792,20780,830,11,20763,20476
14940,23081,844,12,10504,1665
19926,23046,832,15,5944,16119
14286,25489,849,5,-7115,3755
28946,3720,716,4,-6672,-9081
20342,-8529,724,9,-5288,-4731
16549,24286,825,12,1813,15618
2799,24589,718,15,-6804,13397
17796,25058,826,15,12429,-14662
27491,941,730,4,-9414,4996
15922,23124,727,15,14785,22648
1152,24022,727,15,-8118,7759
15398,-8122,746,8,-196,22059
27010,12188,733,0,-464,7396
2198,12505,705,11,3390,18355
19773,23529,837,15,-1214,6621
12940,23110,709,15,11158,21831
-7083,-4262,740,7,-9853,8133
25873,9151,735,1,7332,2931
15903,24751,830,11,1356,18944
27781,12877,722,0,-7365,-2412
19689,23851,842,13,-6112,-170
1397,-5371,733,5,-5618,13010
13338,19404,841,3,13338,19404
11804,22476,825,7,9862,2811
5297,21078,726,15,2023,11474
26950,12694,724,0,-123,2231
14495,-3456,740,4,246,17937
27312,5642,719,3,-5007,4684
12130,-469,739,11,5910,2621
23496,-3950,743,3,-1283,21242
11994,-12677,707,12,3965,-12699
9462,15088,735,4,11548,21263
9446,13982,723,7,9155,16874
21067,22554,848,13,9023,20936
21827,20206,843,8,21636,20167
11764,6164,832,2,9367,17108
14236,-4978,712,7,2417,-2095
28945,3351,725,4,-8299,-6131
20998,-8052,711,5,-21,-9745
569,11227,837,1,2041,16581
-6199,-319,709,14,-6199,-319
27198,-2416,707,11,17480,-12379
27179,4982,735,1,-4509,9460
3813,-11205,733,11,-9658,7316
26915,3431,709,6,2939,-6696
28684,2447,729,6,-4213,-9178
11089,-106,721,12,7519,1048
10035,18107,724,8,13311,22576
18185,-6126,745,10,-4124,14675
8924,17085,712,10,11519,22008
25793,11094,703,0,342,9548
5058,13106,839,6,11779,837
20350,-5022,745,8,-2607,18535
29210,7646,735,1,-8312,-3859
20438,19906,836,2,21183,20332
14128,24740,849,9,-1840,10549
16797,815,732,9,5192,4559
-4093,7199,744,7,-3071,14530
5785,11112,841,8,7816,4834
2421,21942,848,4,-5276,8703
1114,-11299,743,5,-10072,5050
21283,-8520,716,5,-429,-9951
18517,23296,829,15,9138,3685
25818,6561,707,1,-1837,7446
15925,24667,847,11,-1611,13812
28924,6044,724,3,-10177,1692
23191,1479,838,0,4059,10249
14995,23169,728,15,13481,22414
12656,10535,732,6,10035,17805
15209,23049,732,13,13968,22443
8853,9017,844,1,8067,12378
29454,5583,743,1,-11854,8197
7905,3716,844,1,5229,7744
16744,-3795,846,2,1413,14123
11990,18963,735,1,15126,22592
19077,22322,835,11,14390,20794
18641,23850,824,14,7742,22435
28424,1588,748,3,-8064,14247
28223,3653,709,10,431,-10699
14886,23410,840,9,4576,14420
-4929,-8406,731,12,-10669,-347
22149,20599,840,7,20972,20256
14303,-12412,706,12,6579,-13491
22093,21150,831,15,19539,20529
14647,-11350,718,11,-5587,-4701
19595,22470,846,14,10814,18717
11754,20705,827,10,8716,16291
2840,-4545,745,5,-4115,7302
3954,23093,845,6,-4680,2829
18395,22455,843,11,11659,19441
5950,13788,843,10,10334,2671
-11021,5231,739,12,-11021,5231
18342,-12470,718,5,-8071,-7508
15184,23680,827,5,4950,16030
6056,-3719,713,7,-2477,5217
4200,15700,824,3,4200,15700
15389,24952,827,14,1478,-2433
22417,346,726,3,756,18506
8077,1777,720,14,8077,1777
29209,4364,737,3,-10935,3458
1012,-2403,740,9,-3879,12474
12232,22079,740,5,13323,22775
19394,967,714,5,9679,-36
-4747,20723,717,15,-5023,-5468
-968,13961,713,14,-968,13961
23450,6935,731,8,6816,7148
12608,1075,835,1,8726,3334
26364,9777,718,0,-134,15861
8797,1250,720,5,1948,9362
12575,20284,742,6,14673,22300
18249,22571,824,7,12914,20260
-100,4397,744,7,-1305,11199
25708,6183,710,1,-1903,8910
11259,21707,722,5,12811,22755
27856,12193,710,2,-4169,-7485
24229,5888,735,1,2817,11352
25319,9970,710,0,1589,13901
9123,12537,845,4,11690,6374
23785,3445,847,0,7172,8276
15297,25526,837,12,-3623,-7056
11221,15389,826,1,11564,17046
11522,-14510,711,12,2417,-14428
6422,-13901,739,5,-9747,-821
20179,-9947,708,12,14310,-13077
-519,5848,728,11,-382,16472
3568,-1033,732,9,-1666,14941
-5777,-2484,827,8,8778,-13066
16668,21503,832,4,15201,20751
20049,23056,845,13,2409,11028
16013,24785,840,12,-2745,1516
21983,-8342,704,7,6624,-13197
-1760,-2423,841,1,-5548,7160
14905,19913,844,8,13643,18712
27803,13263,721,0,-6041,-8026
18610,-3473,706,9,1879,-1975
23580,3934,733,6,4360,3687
10385,22167,709,13,8500,19877
18952,22836,840,14,9548,18147
19991,22290,834,14,14263,20739
9200,22568,719,15,5913,18583
17307,22722,833,5,10827,19161
20712,22159,835,15,12517,18887
15207,4139,839,1,12456,5472
20556,6338,748,2,9361,20437
24785,5081,746,2,5012,20897
28035,3402,725,8,-8352,1142
19482,19756,846,2,20744,20382
1466,25273,737,15,-9125,-595
11207,-5921,706,11,-1614,823
19237,19798,830,2,20219,20483
10471,-12176,725,11,-8503,75
28693,2653,716,6,-1915,-11632
23931,5520,724,10,7002,2576
29537,7144,743,3,-6482,-8195
-3653,-2331,741,11,-6652,9879
-7238,8034,718,14,-7238,8034
7381,19175,841,8,4695,14726
8418,-5033,721,9,-3831,9521
8462,13027,705,12,8023,14299
27407,11253,708,2,-4223,1114
13615,4655,731,3,7723,20307
16398,-12601,729,7,-4717,-8596
7572,21477,733,12,8504,22334
13943,24352,825,7,994,8660
2065,-3619,726,9,-3762,15094
25621,9194,711,2,554,12481
12572,21970,841,6,7958,17397
13754,25271,845,5,-4680,2829
14573,2603,721,7,8346,5100
1025,11794,737,5,2556,17970
3209,15711,716,11,5370,20300
18291,24606,831,13,5405,-12388
15514,-230,825,2,4176,13179
15096,20914,840,4,13195,19331
14784,8839,709,0,11158,21831
27791,13630,728,0,-3385,-10309
2041,22723,836,6,-5083,28
-6096,-745,730,11,-5860,16769
-1379,5343,732,7,-1335,15877
15973,-323,721,7,7519,1048
11661,20302,733,5,12942,21838
20171,-2403,706,5,7151,-4559
11111,26157,841,9,-6111,-4847
26837,3916,722,3,-5356,10090
21825,20676,843,9,20537,20425
11651,21683,716,12,12059,22077
4984,18824,733,12,5991,20399
13455,8230,836,0,12645,18981
15636,1656,722,8,3317,17428
17079,18526,709,11,16842,18930
28988,6344,715,8,-695,-12808
15674,-13461,724,11,-7887,-6364
-2782,23801,743,13,-6482,-8195
5648,10529,745,14,6934,8087
17831,-12841,717,7,-3474,-11434
-5893,-9180,746,5,-11517,10896
2616,-8040,712,5,-7852,9456
-2581,19757,707,13,-5424,3606
18277,-2868,730,10,-1741,15044
12735,23055,832,5,5393,5448
9437,14911,734,4,11437,21196
10266,26032,840,9,-1944,-8239
12017,-6955,741,6,-1877,17415
13101,-3483,717,11,1592,1490
2543,26204,743,13,-12026,8069
10847,24494,836,10,3189,20709
21950,20583,833,9,21221,20273
5181,-4943,739,8,3522,23491
-9071,17648,724,15,2875,-13728
-6482,20842,720,15,-5076,-9660
25519,3580,705,6,4062,-3910
13787,1286,747,6,3627,14820
9656,21273,828,9,10149,1809
11803,14320,713,0,14026,22550
-11292,15378,709,15,4483,-14930
27467,11064,727,2,-3511,6019
9646,20745,842,4,5981,15900
9696,-13709,741,9,-10256,1941
-10538,9179,704,13,5758,-12010
29741,3148,837,0,367,-10036
11392,-13796,710,12,2703,-13555
13010,20638,848,8,11124,18970
-1408,21690,849,8,-9093,10545
5650,9083,834,1,5226,13096
26958,4055,729,3,-5004,11128
14497,4333,726,3,6960,19686
12183,24256,846,6,3755,20159
13734,22893,843,9,4866,9290
-6549,20115,718,15,-3617,-9488
19991,22932,832,15,6353,15754
11782,25303,831,11,599,-4056
20782,-9371,710,11,1290,-11759
28732,11613,734,2,-8109,-7389
1616,22971,724,15,-5279,8013
25492,3618,716,4,-481,916
5915,25615,848,6,-9293,9606
6775,-1556,733,7,-464,7396
28762,10521,745,2,-9454,7005
23439,-3930,712,10,-8332,9499
9966,14081,730,5,9793,17606
25381,-1133,742,8,-6503,10583
28957,4718,744,1,-9235,11398
-4538,-2537,736,7,-7455,7738
23822,876,719,3,-1874,17229
2031,-12218,737,5,-10447,3256
5185,20081,826,6,2055,5960
-254,-5189,828,3,-254,-5189
-4150,-10748,744,5,-11918,9037
20772,-9312,716,5,-2338,-9945
18187,-2853,704,7,8058,-3735
12811,26371,842,7,-1944,-10608
3629,17722,834,8,1152,10824
20012,21069,839,10,19072,20732
27082,14286,704,0,9018,-14292
3067,17573,831,3,3067,17573
13329,22854,843,5,6543,5210
3859,12641,826,10,9820,825
-3648,-1481,731,5,-4593,16775
20726,21281,837,9,18901,20762
12752,16034,846,0,16869,21051
1663,21080,727,13,-2663,9002
21097,9842,721,2,8978,16603
15337,24339,826,12,1102,7081
5142,6069,829,1,3710,10761
-1346,-13014,737,11,-11800,2166
16616,-7864,726,6,-4454,17840
117,1343,712,11,-2656,13311
1632,-13453,740,11,-10485,194
28391,2890,709,10,-1961,-10612
1328,17846,838,3,1328,17846
11460,7780,843,0,12345,20105
19630,23097,829,15,6303,14709
8915,862,745,7,4497,4676
22086,-546,718,10,-2877,7950
3943,23260,731,13,-2562,14751
-2854,-4071,722,12,-7026,2264
28243,1487,740,8,-9437,1634
18358,23829,826,13,3499,2789
8104,20379,844,3,8104,20379
16804,-2200,843,2,2556,13395
-456,-11837,748,7,-9790,72
28818,3366,727,10,-3178,-9845
2455,14564,828,4,3879,2937
20452,21754,846,11,16869,21051
16312,12837,840,2,15710,17074
10591,-14671,731,11,-11139,135
27974,2226,722,10,-4370,-6155
-9965,4573,736,12,-9965,4573
10707,2495,844,1,7436,5632
10892,21417,733,9,12926,22902
22021,20516,826,5,21302,20217
23058,3033,716,3,-93,13840
6399,23467,845,8,826,19823
4819,24446,739,13,-4537,12340
-12026,1254,743,14,-6482,-8195
-5063,15290,825,10,4192,-9734
23621,4178,735,10,6950,2048
15461,22436,736,12,15461,22436
234,20963,723,15,-2866,3527
9588,18922,717,9,11141,21382
6117,20170,838,10,2202,8074
15673,24029,833,12,2462,5858
27046,-971,843,0,-5474,8661
5156,21193,846,4,-862,11685
8927,19215,709,7,10001,20949
-818,2529,736,5,-2540,12981
4280,22472,723,13,-823,14730
-6209,3621,732,7,-4311,17268
11028,23241,705,13,8923,21692
14768,23610,733,15,12926,22902
20093,20935,828,6,19323,20571
11866,26384,844,5,-3541,-9196
4612,21334,825,8,302,16584
13616,-2484,849,2,3493,16706
14862,25610,849,7,-6992,-833
-210,-5264,835,1,-5822,3988
14916,22532,742,12,14916,22532
19935,21089,838,10,18990,20749
18700,23593,844,9,12470,23664
7515,17375,843,10,7400,7198
19242,-2508,832,2,1045,9906
28262,3531,724,4,-5288,-4731
18749,23519,825,13,4261,10688
-10414,2913,742,12,-10414,2913
13744,4927,825,0,9680,18180
14212,21365,744,10,16032,22602
11789,23808,849,10,5239,20066
8870,20822,714,7,10310,22239
7929,4062,832,8,13708,280
8626,25607,824,5,6093,-10641
11810,-6591,717,11,-2089,725
27009,1781,827,0,459,856
24537,-2018,720,8,-6315,14556
24072,7130,738,0,5997,19830
8601,24362,732,15,2395,19914
16981,8448,714,0,10716,21243
16245,20665,847,1,16976,21058
2945,19479,728,15,1947,6397
-707,12213,847,3,-707,12213
16030,22996,741,13,14583,22325
12851,-13670,737,11,-3033,-9287
20598,23207,847,15,-1611,13812
23144,-2870,827,0,-1995,13868
-5576,1397,743,7,-6345,11253
22900,-2501,742,3,-943,19814
18577,23116,836,15,12466,1916
28482,11849,729,2,-10589,-1725
4779,13054,837,4,7457,3473
19410,23679,833,15,-868,4287
27872,9845,742,0,-2892,15972
2776,21171,707,15,-798,10283
24772,2036,727,1,-450,18608
-1706,20320,845,8,-7920,8797
18013,23863,837,14,2366,15836
27924,8042,726,1,-3730,2466
-11616,15433,705,15,3629,-15090
27877,10192,721,2,-7047,10167
18999,22437,848,11,13106,20448
20196,20710,829,4,19745,20468
27826,10503,703,2,-8725,4913
11248,20391,740,5,12283,21520
29037,6267,727,8,-2825,-10387
-5877,18216,746,14,-8291,12539
-738,22945,836,10,-7897,-2641
832,12259,722,7,2589,18586
-2901,8483,719,14,-2901,8483
19425,23257,826,15,5165,14402
22893,20296,845,14,21964,19991
8143,25460,827,9,2829,-8948
12172,9210,729,0,13637,22873
26006,5268,703,6,8703,-5048
28106,11696,709,1,14967,-12740
10152,21863,829,7,14446,-163
289,17990,726,13,292,4089
22754,19810,846,6,22479,19697
27985,-1582,744,6,-8392,-4892
29164,6402,703,10,13352,-15275
15576,24973,839,5,-1316,17446
-805,15340,745,7,1584,19448
18556,21926,826,12,13496,18265
27401,11971,721,0,-5187,6025
6055,13967,732,9,7700,19888
-3874,8628,830,8,999,-4237
24990,5969,718,8,3647,2608
28062,2058,713,10,-4648,-7416
14884,21934,838,12,12575,5339
15562,24902,836,12,-2246,1310
16142,25138,829,14,-4350,-840
8254,20456,841,10,4199,11327
8961,-4366,714,5,-2591,5767
11061,26215,829,5,-3851,-6488
26774,-2027,707,5,15109,-12571
23479,1831,836,2,7626,3199
7249,18789,839,10,4903,7921
11574,-13837,838,1,-738,-11159
5166,10513,826,1,5165,14402
14141,25195,835,9,-2567,15447
28791,3238,725,4,-8085,-5837
15539,25267,831,14,1013,-6712
11739,-13004,720,12,3096,-12736
18027,23370,830,15,13391,861
29022,5525,736,3,-8219,-1139
8323,22647,742,15,3198,13467
21808,18519,837,11,21773,17510
22369,1866,844,2,7436,5632
-569,16110,727,14,-569,16110
13827,24840,826,11,-1785,9460
27760,10977,711,2,-7132,3797
14727,23167,725,15,13174,22342
10819,8247,843,2,10943,18534
12008,5843,830,2,9099,16789
11102,22545,832,9,6474,3826
18344,19763,837,8,17847,19270
15166,22719,741,14,14814,22535
2867,15872,743,9,5905,21030
-12083,6192,709,15,14967,-12740
-3479,17190,741,14,-5006,12474
15401,-12667,723,11,-7080,-5697
29322,5304,739,3,-9747,-821
3019,-11517,732,7,-9852,5186
28537,6057,710,4,4522,-12183
15626,17007,839,3,15626,17007
28341,7768,744,0,112,22193
13551,7729,734,0,12509,22630
-2176,470,838,3,-2176,470
12383,-1942,848,0,7365,21367
26493,11733,722,2,2812,4083
29290,7562,729,1,-12630,3423
8959,16724,727,3,13422,22855
16714,16864,836,2,17769,19254
6838,-4182,712,11,-2809,5824
13315,5318,828,0,10111,18564
13975,-11799,722,11,-6594,-3770
17779,23489,834,12,6128,17904
26991,1978,712,8,-8402,3923
-6190,12767,737,7,-2979,18904
6031,24451,847,6,-6244,8822
11642,20230,735,9,12788,21542
9820,825,826,3,9820,825
27098,11743,726,0,-2698,8413
28027,12713,719,2,-3751,-10554
-592,-1603,733,6,3625,23872
-3382,-1246,721,12,-6424,4846
-836,9402,705,14,-836,9402
-1243,13679,828,3,-1243,13679
18162,20460,840,9,15710,17074
8380,-14419,704,14,8380,-14419
-3843,21403,720,15,-6026,-3986
25088,-5724,746,6,-10572,6777
28279,685,736,4,-8766,-2880
14127,591,827,3,14127,591
7947,-5746,728,5,-4033,7492
28952,5236,726,4,-1783,-10864
3844,9363,718,11,3499,16133
-2783,19768,748,14,-5185,15547
12089,20175,842,8,10225,18148
-769,24301,744,13,-8244,-3306
16261,25077,833,14,-2682,-2137
4317,-14752,746,7,-8547,-5157
8682,20141,825,4,5576,15090
7627,-11827,732,9,-9270,10893
-3086,16266,832,4,-2248,-2797
9496,-12168,723,7,-7759,-1584
-4228,-11414,746,11,-12175,5695
5399,-6136,834,1,-1658,19
28947,4583,718,4,-3382,-11225
19369,-1598,713,6,-2318,10081
27874,7813,716,1,-5458,1146
5166,-8615,737,9,-6917,6938
14927,-2402,727,6,-125,16217
441,7092,738,9,1039,17148
13197,23271,836,9,4044,9516
23679,81,827,0,992,9543
7593,4178,833,8,13356,137
-11101,-1880,708,13,16761,-12739
13533,23902,834,11,2928,5451
-7893,3884,722,14,-7893,3884
16828,25153,841,14,-6111,-4847
18848,23034,839,15,11787,2338
-1733,10484,739,12,-1733,10484
914,21116,707,15,-2791,7375
11543,23134,738,13,8032,20069
28973,5122,715,4,-1607,-12677
-6873,-7077,746,7,-11114,6754
18847,22997,846,12,9056,19331
4981,14738,720,7,6057,18755
9945,23594,731,15,5648,20091
10531,-13680,740,9,-10045,997
-6232,12323,830,8,-4552,-3095
23923,666,707,6,-1923,1346
26355,3381,742,3,-3172,10190
-314,13081,714,14,-314,13081
14544,23420,833,12,8216,2411
3060,-7002,727,9,-6008,14035
17057,22277,849,14,11257,7042
11049,17957,737,6,13088,21579
1141,23912,713,15,-7519,10214
10179,18963,745,8,13929,22830
-4525,13992,830,8,-4701,-56
22059,20616,835,5,21111,20357
19822,22577,841,13,7992,11696
3802,-4508,735,4,2271,22828
1186,23391,727,15,-6626,7089
-4562,5227,738,5,-2713,16223
12697,-3352,747,10,365,17282
6572,873,739,6,3302,19546
3437,25228,726,15,-7135,14468
22757,20736,841,15,20409,20483
-4111,21991,736,13,-2619,-9492
19681,22438,847,14,10966,18844
13744,22728,843,11,7549,5365
19990,23587,847,13,-3600,6629
21635,20068,843,1,21768,20135
9170,23068,829,10,2642,16962
208,11952,826,3,208,11952
19995,-2406,713,6,-3353,10159
2283,-8015,731,11,-7500,9166
10933,17346,718,1,13892,22483
9563,18422,726,8,13305,22839
18325,24141,833,14,2264,19885
3111,6474,707,11,1507,14343
2654,25817,742,15,-10455,2075
28726,1957,736,10,-566,-11102
13017,-4519,743,6,-1152,16203
11881,26395,837,7,1543,-11868
21364,21123,835,13,17701,19206
14849,21645,844,4,12491,20185
28054,12284,733,0,-9219,7068
18675,23862,840,14,1922,18517
18890,24074,824,13,-2540,12202
-5955,18335,704,13,-5990,-2417
17436,23397,846,11,7287,18848
14639,23300,828,9,6005,15829
-8093,11705,834,4,1692,-11525
1544,20945,835,6,-1190,-1417
-1138,10390,736,9,1578,19602
15321,-4566,720,6,-2128,16098
3903,-14404,742,9,-12067,7090
23238,20216,839,15,22094,19876
2959,24193,748,14,501,22525
11331,-4612,724,9,-2647,7282
13948,20882,704,13,13543,19782
3327,23709,732,14,3327,23709
9056,19331,846,3,9056,19331
29040,8402,711,3,-2403,-12614
-2414,20521,721,13,-6007,2733
28445,2333,717,6,-2810,-10134
28702,7949,708,4,14310,-13077
10601,3972,740,7,7524,7007
11341,24246,745,13,6324,21316
11109,24941,846,6,1184,20129
-2731,21038,828,10,-4876,-5939
249,15455,835,8,-1094,5457
7619,8177,831,8,11173,3557
15989,24566,833,7,-61,15956
20940,-1073,735,8,-1718,13436
21804,18479,837,5,21773,17510
8791,-11177,723,7,-7094,-319
-1504,16249,747,14,-2469,11921
12057,21035,741,6,14599,22822
3374,24645,848,6,-8783,1870
16009,3408,708,8,3965,15861
27926,10737,738,2,-3258,3693
25346,-400,719,10,-6135,3356
26305,7523,729,1,-375,7126
814,24886,730,15,-10607,7298
17888,17537,703,1,16568,18930
13774,25478,839,7,-3512,-1806
27583,1479,717,6,-4287,-6199
25285,3391,725,3,-2543,12759
17875,22530,842,9,12181,20033
-5161,12490,724,5,781,22293
3705,14804,710,5,5634,20014
17688,17902,712,10,16975,18932
12195,21760,724,11,13311,22576
16992,24031,842,14,1669,2144
25848,-2794,733,6,-9658,7316
14544,23304,841,7,5414,6748
10731,26180,833,11,3683,-11788
25106,-4138,742,10,-8976,5929
1030,18759,727,14,1030,18759
18961,-11485,741,9,-4763,-8357
16568,24358,837,5,3755,20439
-4401,21457,727,13,-9060,-1282
-2053,18914,706,15,-1614,823
27852,2213,717,4,-7983,-1918
28779,8405,729,1,-7564,-1229
27338,13735,710,0,1901,-11250
6814,-13161,726,12,-2228,-10324
4968,22147,844,10,-2141,7589
27315,249,733,8,-9109,11677
16990,1189,703,10,1154,11489
15476,23507,836,12,5901,5098
28163,12188,729,0,-10707,6413
12015,26143,837,9,-8447,2025
21473,-10406,712,5,-3339,-12011
4128,-9597,736,5,-7350,3126
14299,15898,704,3,13543,19782
10506,18890,726,6,13245,22340
15441,23078,848,12,9733,2600
23953,5046,734,4,6575,2836
8108,16055,704,6,10418,21664
13039,22387,841,6,8107,18530
28663,4903,722,8,-6595,-5625
26270,-3641,705,9,7455,-14401
20426,23410,849,13,-4562,12815
11776,22125,734,7,12509,22630
12972,26196,830,12,7786,-13881
18423,22651,838,13,12575,5339
22794,5543,743,2,6402,19908
10952,19311,730,4,13993,22653
1854,-10019,708,14,1854,-10019
27351,13013,704,0,-5117,-5566
26685,9122,720,2,-1718,13336
17847,19270,837,3,17847,19270
19819,20715,846,8,19356,20490
15510,21943,844,10,12491,20185
16366,25335,833,14,-6184,-3053
9245,17827,838,3,9245,17827
6005,-2117,836,2,4252,20765
22288,20367,846,9,21369,20104
27671,13592,719,0,-3751,-10554
15468,-12987,740,5,-3859,-9022
23060,1589,705,4,-1991,6052
28477,5814,741,1,-7622,7162
18397,23335,840,12,7341,19216
11374,17093,833,1,12251,18687
-1736,20145,718,13,-4861,4011
16004,725,835,1,12157,1395
16720,-12264,735,5,-1811,-10235
3713,20569,735,14,2322,18550
23898,1333,740,3,-1139,14650
6349,17652,831,8,4622,12683
-140,22596,723,15,-6327,4211
-3086,8051,716,14,-3086,8051
7171,20185,731,7,9278,22254
10318,21349,827,7,14540,1049
3842,-4515,714,12,-1057,-913
-9064,17092,718,13,-3712,-10266
121,20041,846,4,-4895,3383
28033,4802,742,1,-6503,10583
28221,12598,735,0,-8875,-3863
27379,4660,713,8,-3325,-2931
12190,-2780,734,9,1451,3664
7798,12853,706,3,10727,22269
10144,17814,836,1,11274,19471
62,17189,836,8,-2648,7340
6704,24309,727,13,508,19704
-1622,7298,735,5,-851,16147
17878,24187,843,7,5452,22202
20763,22885,848,15,1781,14966
29075,9226,734,1,90,-12106
22477,20411,842,11,21574,20187
5890,-9787,740,9,-7645,6396
28337,6322,710,8,770,-10208
16666,24422,835,11,3953,20524
5438,23309,836,4,-2275,15968
10160,-8060,711,7,-3009,-584
27389,6099,716,3,-4481,2660
19495,23654,826,13,554,16993
29431,5758,742,1,-11892,7232
-3002,-8947,737,11,-9995,5481
23687,-6058,715,9,351,-10446
28409,4871,724,8,-5288,-4731
28741,3467,729,8,-10397,417
7001,23747,826,6,-2202,13337
26255,5886,711,3,-2152,4102
28704,11893,746,0,-12175,5695
28796,6185,742,1,-8550,5732
-2182,11400,831,8,10,-317
25725,-5344,711,9,3180,-14488
-2508,-625,744,5,-4996,12539
19301,-11740,716,7,-870,-12498
16826,22978,739,13,15743,22522
14023,25455,838,11,-5385,4835
27985,10412,703,1,5920,-11368
27663,12698,711,2,-21,-9745
-3969,4374,703,12,-5207,9159
27731,10290,728,2,-5102,10491
-7117,12550,836,4,1178,-10547
28961,1160,832,0,-5975,-2549
22516,2660,719,3,380,14717
11299,-4506,729,6,112,19183
25134,6990,739,0,5027,20426
19189,23743,834,13,-980,4878
14001,25324,846,9,-5117,10821
27004,9871,703,2,-5207,9159
-4701,5405,718,12,-5356,10843
19415,22407,831,12,13869,20614
16206,18455,831,0,18401,20771
13548,-7877,742,6,-3545,17268
21929,19936,848,1,22048,20009
14138,25220,847,5,-4969,4387
11053,21151,708,9,12424,22483
29448,7654,736,1,-9322,-5121
27996,12232,713,2,-5113,-7937
-2607,18535,745,12,-2607,18535
15886,24735,838,5,1028,18789
13106,7755,711,1,8760,20096
27370,13848,710,0,2929,-12690
5662,23959,746,13,-2721,12244
5530,22796,719,15,286,14923
22827,20584,837,13,21253,20321
13628,21864,727,9,14785,22648
7104,24823,748,13,-2066,16323
13971,-8258,740,6,-3880,16922
17890,18841,735,12,17890,18841
22345,-2732,728,1,2080,23095
27923,2380,829,0,474,-2195
28115,533,744,8,-10240,4830
22872,-2403,718,4,-5700,12835
-11388,-2272,730,14,-11388,-2272
14463,25346,843,11,-5216,5041
12678,23229,833,9,4077,8409
28562,11899,746,0,-11114,6754
19239,24070,835,15,-1218,-4466
12204,26094,836,7,1178,-10547
28739,8416,718,1,-8110,-3815
7558,-3420,732,9,-2361,11573
8871,8558,744,8,9000,20758
28009,3366,707,6,2429,-11055
12507,23344,707,13,10857,22329
8738,-9564,711,5,-7132,3797
14562,-5161,711,11,1310,-1543
27553,12390,708,2,-585,-7435
8471,26104,739,15,-2753,19895
-11275,3346,742,14,-6945,-5799
7369,-7854,712,12,1236,-5532
17084,22407,842,9,10800,18426
10855,18260,733,8,14029,22487
26529,12432,743,0,5533,4860
27601,2381,712,6,-1186,-8153
13001,25309,837,11,-1863,-174
-1242,-13541,717,14,-1242,-13541
13205,1159,830,2,5658,15563
8132,17612,725,10,11889,22676
6169,6171,831,4,13901,-19
-9598,5394,731,14,-9598,5394
26325,6227,706,3,-1802,2509
29008,8776,719,1,-8757,-6487
6542,17220,736,7,7525,19274
27340,3790,721,1,-5949,15270
158,1643,725,7,-2543,12759
27676,13064,719,0,-5888,-4777
7797,24312,746,13,140,16966
18919,-4823,829,2,-1544,11141
12972,9668,717,0,12422,22444
8021,17399,848,1,9429,19597
-6558,8281,834,8,-697,-7282
12249,7978,727,2,12135,22718
22321,5314,742,2,6787,20349
16961,3033,827,0,7782,15816
-6540,6202,724,12,-6624,12186
-6706,7652,744,11,-4006,17216
26370,2208,738,3,-4699,11729
11309,19591,733,4,14336,22697
17502,22957,747,15,16279,22587
22158,-902,715,8,-3172,13941
21853,21066,847,14,19410,20483
9815,16534,705,3,12375,22243
-10803,11053,720,13,5673,-13163
556,9497,705,15,11492,-307
8124,-2836,737,5,31,4279
22544,20282,843,5,21831,20027
21139,-8529,706,7,5354,-12342
6244,16240,837,6,8403,3813
28186,1286,741,8,-9615,2555
28180,10779,727,2,-8118,7759
1697,20565,706,13,-1628,10864
12634,11476,841,2,13275,18491
14045,-3012,729,9,-148,5523
15638,25214,833,14,1857,-8555
13998,23223,711,13,12778,22540
28128,7082,704,8,5111,-11162
8910,6562,724,10,6645,19406
16877,24873,848,12,-6989,2846
23933,1326,725,4,-2688,7864
26097,5051,714,8,157,-113
28259,4192,706,6,5354,-12342
-1724,14070,730,12,-585,17499
9459,23312,732,13,5825,20225
-4859,19253,715,13,-6141,-1626
21685,17967,836,6,21735,17500
5188,3954,706,5,1298,12525
4579,21759,825,10,-1830,8878
20072,1650,713,9,9070,518
-6921,8755,835,8,-1417,-7400
15034,-8588,736,4,-2753,19792
19077,-11082,717,11,-2810,-10134
-1743,21765,717,13,-7644,5821
24548,-442,706,10,-5270,2914
202,25150,737,15,-8710,-3693
14166,20832,833,4,12228,18960
15504,23738,826,14,6276,3400
1363,13937,846,8,956,4003
-1584,-3380,748,9,-5217,14288
-6412,7735,710,14,-6412,7735
28217,9555,733,0,-2387,20866
16260,23156,732,15,15108,22747
23860,5302,736,4,7096,3145
5782,-13034,832,1,-5651,-6425
-12643,6407,732,14,-12643,6407
25680,4219,734,1,-1933,11841
21913,3085,706,6,3435,4309
1546,19941,827,10,-1355,1830
15084,22735,740,13,13348,21559
2240,22721,840,10,-6033,3207
10423,17748,727,8,13409,22367
18679,18006,745,6,18232,18893
-1266,12547,745,5,1584,19448
14840,20213,721,14,14840,20213
15060,24132,837,10,10922,23465
21114,19583,845,0,21895,20074
9801,-7286,826,1,1826,-3735
18335,-12521,710,7,-2163,-12346
16527,-1248,729,8,2240,19228
17353,24288,839,5,5793,22524
22790,-2366,740,6,-3366,4721
28800,5734,718,8,-3617,-9488
21636,20167,843,3,21636,20167
-9255,18201,715,13,-5917,-9873
26844,9566,703,3,8703,-5048
12219,25807,832,7,-8,-6923
-5317,-1898,846,1,-7783,9619
-963,7911,708,12,-1529,11773
25549,3350,744,3,-1305,11199
19879,23579,825,15,1207,19239
28025,13272,734,0,-559,-11357
25785,6262,748,2,3405,19767
-2931,17740,731,11,3038,23567
-9897,8778,732,14,-9897,8778
2481,22881,846,4,-6668,10272
24263,-7179,710,5,4054,-14398
-9606,4300,838,8,1583,-12800
8436,-7880,832,1,117,-3502
19999,19970,825,2,20704,20458
24972,455,716,4,-5472,6313
19527,21798,845,12,13763,18786
-3861,16264,846,8,-6161,1581
12048,21042,739,13,10443,17502
13743,21833,720,9,14767,22572
4571,23608,843,6,-5216,5041
-6404,17755,831,6,5586,-14050
18702,24535,829,13,-5729,-4781
14112,25876,840,11,-8279,3703
20646,23442,848,15,-7800,11786
20850,3254,847,0,8211,13060
-6213,4042,731,5,-2698,19876
4195,9148,720,5,3743,16617
25629,10357,706,3,12035,179
26749,-77,726,10,-7917,2135
28420,5450,704,4,2554,-12140
2178,12191,840,3,2178,12191
18800,23352,833,15,8216,2411
4953,15342,843,3,4953,15342
16885,-6682,704,9,-2939,-1358
18520,22210,825,5,14358,20482
18765,22411,834,12,12373,19054
-6776,4503,724,12,-7266,10848
28357,11830,723,2,-10570,-1345
17814,22642,825,12,10198,17533
7942,19592,826,9,14375,531
12341,25732,828,11,-3989,-1616
18390,22313,838,7,12067,19050
-1065,11320,748,9,2389,20139
-70,11978,740,14,569,7943
21791,20659,846,9,20640,20284
3526,-10514,741,11,-7120,333
23916,2976,846,2,9712,3269
183,19473,828,6,702,-3443
14321,23600,828,12,7205,2623
27192,9246,737,0,-434,16884
27210,151,722,6,-7365,-2412
10926,16513,738,8,13196,21556
-6033,-226,848,1,-7418,11220
16469,-1754,733,4,1129,18219
19317,1781,825,0,5868,13658
20832,21315,837,5,18901,20762
2751,17805,830,4,547,6417
7010,22340,722,13,3317,17428
16578,22649,746,14,16370,22535
14050,-3056,748,8,2389,20139
25542,-4161,720,9,4230,-12639
5462,-13915,719,12,-3751,-10554
18198,2585,733,1,5991,20399
10703,-134,719,6,2010,17806
29243,5975,746,1,-10206,6680
28006,13120,728,0,-9708,-3266
27303,-3384,842,2,-6273,-3028
28532,6520,736,1,-7350,3126
24561,5047,745,8,4458,4302
7354,22630,838,4,1256,16784
5984,24665,731,15,-2399,17198
-4825,8819,832,8,160,-5025
13840,-6255,746,10,-1797,17667
26162,1840,740,3,-4358,12930
19744,1823,705,11,12336,137
28169,945,720,10,-8486,-4355
13186,670,739,5,6390,3834
27426,491,713,6,-6070,-5239
1638,2814,724,5,-650,15135
21955,2214,733,10,1611,8333
8526,-490,746,10,2922,19335
9474,21726,831,4,5311,17634
12305,17218,727,2,15457,22578
9966,21431,839,4,5891,17231
5370,20300,716,14,5370,20300
28553,11281,737,2,-8633,-1050
12442,3384,843,1,9452,5777
29421,7672,725,3,-8459,-7784
8211,17062,728,4,12259,22762
6550,10211,841,4,11343,2646
841,5563,826,1,208,11952
7782,15816,827,3,7782,15816
22621,768,733,3,671,18147
-1541,-817,836,3,-1541,-817
24755,8144,715,2,2196,15479
5380,2322,839,1,2561,7619
-4647,3668,747,11,-4308,14220
14164,24162,833,11,1746,9145
23051,-6764,704,11,7069,-12629
9856,20497,836,9,12466,1916
9198,25704,733,13,3625,23872
2771,18343,717,13,2067,8270
19108,21282,826,6,17994,20778
24682,2382,719,4,-2052,4447
27204,6434,721,3,-3136,3070
10272,23840,843,10,2614,18529
13488,20778,728,4,15560,22570
26371,6589,706,3,-924,1486
-2576,-101,736,11,-4951,10476
17714,22987,833,12,8535,16969
13816,1100,715,10,2196,15479
25290,-1040,732,3,-2345,20237
28785,9388,720,3,3779,-12838
22665,-3215,829,0,-1538,14903
21124,571,705,4,-1659,10407
19913,21614,829,13,14838,16335
8331,-3599,831,2,2753,19454
5169,18974,712,12,5974,20311
12227,17966,840,1,13195,19331
10047,-14350,728,5,-11964,3562
1800,1026,848,2,6989,22910
21309,-9840,724,9,-7560,-6603
-9331,14962,706,15,3747,-11653
21926,21699,847,15,15931,21137
26722,6164,724,3,-2167,5275
6402,19908,743,12,6402,19908
-3472,23088,734,15,90,-12106
14359,21060,736,4,16068,22439
25772,6927,747,3,4043,4931
-1007,-11889,736,11,-10875,2518
22459,1798,704,8,-1682,9950
17779,18906,840,1,18052,19310
21591,21116,832,14,19636,20522
3111,21287,709,15,-608,10859
24470,2862,847,2,9806,2258
14455,-5123,704,7,2761,-2774
-1100,-12284,747,9,-11059,11835
20164,23214,840,15,635,11421
25779,11828,734,2,8428,5836
20304,20783,829,10,19745,20468
28934,8699,719,1,-8923,-5117
23434,513,718,6,-1872,3912
-4732,22841,720,15,-9354,-5558
24500,4930,746,8,4233,4612
8446,6707,735,3,9064,21847
-5273,-9729,732,14,-5273,-9729
-4593,22300,724,13,-10900,-408
14847,23189,719,13,13719,22655
27862,5811,707,8,110,-7907
10520,19518,724,6,13311,22576
28558,-1111,846,0,-9589,7670
27927,10183,725,0,-4785,17374
2673,20953,849,4,-3735,7847
-1807,-4112,727,5,-5792,14742
27329,11201,744,0,-1114,9446
29026,8505,717,3,-1790,-11929
28763,5209,746,1,-8689,10234
520,4954,716,11,-489,15109
-10228,-2278,722,14,-10228,-2278
12647,19958,849,3,12647,19958
18884,24401,830,15,1428,-11253
5110,-7936,724,9,-6624,12186
4292,26686,743,15,-11854,8197
4765,25066,729,13,-3570,18863
9101,15950,732,1,13977,22915
13406,-231,741,8,3434,19001
11369,25085,830,5,77,-1647
4837,22894,714,15,-808,14352
23489,-7917,719,7,7528,-14186
16074,2767,722,5,8175,5280
13346,21959,714,11,14129,22548
21997,-188,705,10,-2645,6276
17586,22618,845,12,8107,12604
379,18045,836,3,379,18045
14950,23646,827,11,4351,13782
11011,3716,720,12,8535,4910
-3540,16646,838,4,-2984,-3906
19102,-10725,727,9,-9152,-2203
8844,7049,849,3,8844,7049
-3343,19320,841,8,-8743,6140
28803,4725,720,6,5673,-13163
-1018,10810,738,11,462,16978
4535,-13707,720,12,-4565,-9845
-4753,-4248,747,11,-8187,9806
5703,22060,709,15,1763,14959
18133,23959,824,12,7742,22435
14554,22377,727,12,14852,22549
14445,-520,838,0,6712,19285
19206,23921,837,13,-1869,-466
28492,2446,710,6,-1145,-11751
17272,23328,847,7,6826,17079
5128,-1517,742,9,-1477,10235
6373,20276,837,6,2661,6743
8449,3737,732,6,5201,19533
-1030,22256,719,13,-7664,7314
28295,6773,741,2,-2031,20598
12619,3257,842,1,9581,5583
19433,23522,832,13,1491,13861
-4899,-7229,730,12,-10149,798
5708,17713,746,7,6944,19822
12286,21977,841,11,11343,2646
28517,5590,710,8,-2455,-9390
9468,-15176,704,14,9468,-15176
5208,9804,824,1,4968,13756
24590,-4463,739,6,-8849,4375
10201,4694,725,3,8275,21793
-4244,21050,719,15,-5485,-4756
2683,17491,738,13,6143,2741
27009,4229,728,3,-5102,10491
11637,-3974,739,4,1063,19548
21727,20872,827,7,20753,20512
25020,6514,723,4,7018,1077
7529,25823,735,15,-3615,18067
10485,-9300,715,7,-4203,-1596
21184,20620,827,10,20837,20416
-9830,7692,728,14,-9830,7692
15090,25560,831,12,-5522,-3364
24993,7585,709,4,10258,33
15905,24641,849,7,-1840,10549
25363,3211,707,6,3064,-3198
15781,22536,831,9,9241,16952
18099,23941,844,12,1739,17913
19646,24019,840,13,-8279,3703
10485,18885,716,8,13375,22619
7967,25355,747,15,-2667,16381
4849,23642,848,6,-5119,4921
16677,22683,831,9,10533,18938
18948,4324,730,2,9105,22184
26736,13259,708,0,2591,-2817
2099,18600,724,15,2482,4841
24936,-156,717,10,-5282,3528
23555,1760,727,3,-569,16110
-10888,13722,740,14,-11934,5321
16104,20166,740,12,16104,20166
-589,-39,744,4,4990,24116
6003,5849,849,2,9241,21051
20279,23476,846,13,-4978,12320
23813,-7461,717,9,-2771,-11028
18352,20137,831,10,17424,19158
14633,21698,841,10,11317,19247
25780,-929,827,2,1478,-2433
30002,4694,830,0,7786,-13881
19690,23894,840,15,-4047,-1639
14330,22166,730,11,15076,22672
16094,23002,825,14,8366,7867
10209,21609,828,6,5404,14989
21868,16720,829,0,21480,17543
6738,1896,736,12,6738,1896
18229,18607,742,11,18120,18875
22589,-2601,722,10,-5356,10090
28320,12923,746,0,-8547,-5157
16468,-12502,718,7,-4021,-9535
11747,26090,837,9,-7687,752
10032,-7099,724,9,-5279,8013
15759,25475,844,12,-5649,-4761
21068,19738,840,2,21661,20132
29196,6950,713,8,2979,-15306
29177,6422,731,3,-10699,1286
7420,21511,835,6,1792,10045
21758,18526,836,11,21735,17500
9307,12121,711,7,8294,15180
13521,24318,825,11,994,8660
2393,19580,838,1,5465,22366
30180,4667,827,0,9228,-14608
4158,20918,705,15,1238,12182
7323,16427,718,10,10906,22424
10813,24292,748,13,5054,20699
3851,-12971,709,14,3851,-12971
25507,7927,717,8,8882,21
9769,22535,745,12,9769,22535
7131,24535,847,6,-4956,11503
16891,7489,718,2,9732,20751
27712,12985,713,2,1989,-11297
18893,22333,848,11,12476,19888
11182,21486,827,11,11883,2955
21890,1431,734,1,2088,18291
25776,-2934,726,6,-9809,5956
21002,4227,730,2,7955,22040
17686,24157,841,7,5795,21763
3321,18719,731,12,4491,20497
18173,23126,840,12,7511,17495
10963,20768,717,5,12187,22111
-3059,-7401,746,7,-8545,4290
26497,250,722,3,-5257,17499
5017,19991,714,14,5017,19991
26800,339,842,0,-2699,5878
-1028,13264,739,7,749,17883
-3039,-1341,737,7,-5893,7997
9057,-6783,740,6,-1565,19158
995,23922,736,13,-7350,3126
19619,23903,837,15,-5362,803
-756,15754,726,14,-756,15754
28928,6453,714,8,-89,-12659
19787,-6174,730,4,-3220,19257
14965,19584,725,7,15165,20259
7760,7993,740,3,9919,22243
-2589,6650,715,12,-3210,11154
-11005,8772,708,13,6191,-12567
4146,8560,747,5,3627,14820
6439,25326,740,13,-3880,16922
21381,21196,833,15,17555,19195
21497,21091,830,12,19608,20681
12223,21396,842,9,9581,5583
-1868,20655,734,14,-4205,17265
23637,-8201,712,5,1390,-14083
-923,-11556,739,7,-9799,28
21517,17750,831,8,21566,17533
-4079,15313,729,5,2406,23260
21925,49,736,3,63,16828
19178,-2595,710,10,-3001,12343
21088,21116,829,5,19541,20682
-8090,13140,824,10,7086,-13394
21676,3965,713,1,2340,16141
6646,19491,825,10,3666,9329
12327,136,714,9,2287,7166
15253,20111,830,4,13885,18518
4418,12797,716,7,5067,17626
28123,8703,724,2,-5170,16668
14966,1322,844,0,8022,18721
3733,-1200,709,7,-2304,8067
13025,25723,824,12,5360,-10286
29037,8216,719,3,-4194,-10553
18850,-2732,711,10,-2829,12826
16826,-12463,733,9,-11151,1345
18383,21563,835,5,14402,18798
12502,323,746,9,4112,6143
-6836,4379,726,7,-4560,17585
7818,23481,734,13,2015,16867
20802,-6530,841,2,-4173,11583
792,25448,744,15,-8392,-4892
6176,22119,838,8,1328,17846
84,18011,740,14,-1139,14650
2606,3227,747,7,356,9397
8663,23884,841,4,2010,19777
-1854,20097,716,14,-1854,20097
6868,8300,729,8,8939,22106
27771,10543,741,0,-3692,13003
19906,4184,704,9,11763,2788
27772,4794,716,1,-7758,12329
4811,21445,838,10,-1266,7199
807,11824,720,13,7835,848
21964,21345,834,15,18663,20748
3859,-6804,825,1,-3234,-17
13356,18054,748,2,16514,22430
19360,-6737,738,8,-3107,19515
3880,-10846,737,5,-8594,2666
15645,24261,826,12,983,9107
15562,22316,745,5,16113,22608
-3870,18305,744,7,112,22193
5908,18097,742,13,7282,7445
10110,14367,723,1,12926,22264
7096,-2479,713,12,2851,-188
-3554,22409,724,15,-7694,-3939
12012,25792,838,5,-3256,-5412
25511,5170,703,10,6951,-3272
20382,20482,824,1,20539,20571
25968,2177,742,2,4399,23865
19213,23387,824,15,4111,12871
6829,4029,844,2,8104,20379
9465,11772,711,11,8294,15180
-6722,-7184,748,7,-11084,6419
19388,-4832,712,8,-3121,18666
3151,-10874,739,5,-8824,3329
2883,15373,712,7,4652,19654
27767,3441,738,3,-6896,7702
-6173,-7944,745,7,-11143,5808
22429,20142,849,6,22121,19992
20534,-5769,728,4,-3924,18457
-1312,-7470,739,11,-8166,5469
20380,22835,841,15,4695,14726
1123,22693,727,13,-5644,10306
17600,23569,827,15,14971,-266
6367,17497,733,7,8055,20549
20303,20980,843,10,19422,20706
21350,21574,848,14,17090,21058
17447,24709,845,14,-5464,2286
11240,26180,832,7,4537,-12119
10857,4275,743,11,7159,7657
2590,18631,844,8,-1079,10599
13607,22750,848,7,9570,2466
-549,21570,849,4,-8143,3229
27931,-680,841,0,-7132,6229
20100,-1386,706,9,5607,-2537
2885,23638,840,10,-7110,5374
27697,11905,705,2,-5697,-4846
8795,25689,824,5,5360,-10286
-2083,-3013,734,9,-5494,13879
21808,16724,827,0,21408,17543
26584,13117,703,2,8703,-5048
17281,19486,837,2,18901,20762
10217,18526,707,4,12612,22312
-7891,-2947,735,12,-7891,-2947
19528,1286,733,1,4920,20861
10151,18436,834,3,10151,18436
18283,19108,748,14,18318,18940
12253,-4205,730,9,-1983,7015
28162,8624,714,1,-4212,-3795
28343,7421,747,0,1149,22823
26726,7620,707,3,1462,-1566
27532,10761,714,2,-5323,5019
10470,17836,729,8,13615,22413
7433,16592,719,10,11042,22450
18887,24165,834,13,-1374,-5185
9341,25719,826,5,3947,-9641
11540,17322,747,8,14017,21743
-3094,-9073,744,11,-10085,5959
12924,-12315,712,7,-5466,-6029
27305,11638,734,0,-1339,6127
27326,14215,714,0,9131,-13724
16247,25419,840,12,-9243,1477
14426,25706,841,11,-8055,5324
8785,21069,738,14,8032,20069
17555,-7475,727,10,-4120,18300
-10598,10535,707,13,4474,-12154
13105,22672,839,11,8089,4314
14216,25409,842,7,-4052,341
24246,4753,729,8,1875,6788
27407,11724,703,2,-3800,-2801
13873,22526,846,6,9056,19331
22442,349,736,1,1578,19602
24833,5606,740,8,5646,2874
18777,17578,735,3,17890,18841
28782,10160,740,2,-9853,8133
14189,-250,736,5,6680,2261
17347,24141,849,11,4375,20155
28788,7186,703,4,10855,-14785
12259,22162,719,12,12678,22491
2052,8853,748,14,3848,5255
25310,1845,833,0,2462,5858
29023,4852,703,10,5768,-15506
-3472,15533,737,14,-4341,10737
-1542,21615,719,15,-5540,1253
-3349,11709,835,8,-1190,-1417
12102,24327,840,10,5479,21584
-3081,9160,718,14,-3081,9160
17574,23864,847,14,808,4487
9397,19599,716,13,8597,15901
13097,23844,739,13,9744,22170
8420,-3689,710,9,-2843,8976
19212,24314,839,15,-184,-10845
9614,22398,726,13,6803,19157
28166,8615,747,2,-3556,15662
28144,12545,730,2,-5588,-7391
2157,-2407,709,14,2157,-2407
16359,23937,845,7,2879,14144
-7820,16780,703,13,-4506,-6272
12429,26102,849,9,-8023,-2224
16442,14459,709,0,13909,19930
-1309,19245,745,14,-3202,15491
12730,-11763,728,11,-6992,-2157
14788,24054,843,9,2270,14631
20361,-1683,713,4,-2462,13779
28262,556,739,10,-4773,-7493
1606,-9993,733,7,-9219,7068
1342,19784,842,4,-3312,5384
15397,23021,838,14,12011,2190
28601,3209,713,6,656,-12270
-741,5876,712,12,-1895,9871
16523,22893,730,13,15743,22561
-4333,22334,733,15,-6384,-7470
19930,-11492,714,7,257,-13278
26313,5799,713,8,1994,-1679
7469,19539,734,12,7469,19539
26851,3411,719,3,-5803,10977
20816,20546,842,4,20350,20345
2794,-7131,744,6,112,22193
-5498,21022,730,15,-3676,-9362
-1888,23371,728,13,-10750,5426
-3499,-4741,709,12,-7774,1466
23340,457,727,6,-1789,5396
22799,20642,844,15,20809,20206
27403,-353,846,0,-5339,7255
25984,9688,734,2,2791,11031
26655,5574,840,0,11520,990
26927,-381,728,10,-8837,2739
2632,-8143,738,9,-7335,9238
14953,20874,839,4,13067,19242
28027,13064,729,0,-10211,-2149
21580,20741,842,9,20350,20345
13704,24376,826,7,1102,7081
22936,20191,848,12,22103,19903
4642,24882,843,6,-8390,6631
-4020,-1984,844,3,-4020,-1984
-10214,15054,714,13,-1078,-11901
19924,-1649,711,9,4904,-2092
28161,3674,710,4,-4169,-7485
11604,24034,825,9,1164,6599
12983,-2691,741,4,1272,18484
14539,20949,739,8,16338,22419
14602,24141,844,9,1098,13250
9223,-13326,724,12,169,-11725
10026,18979,721,10,12940,22531
1042,-8546,718,11,-8595,8805
26701,6008,721,1,-3831,9521
-5574,17039,721,14,-5574,17039
2159,17448,732,15,4609,3383
2309,9267,712,7,2181,15846
12182,664,738,11,6616,3601
8175,5280,722,14,8175,5280
10051,23380,718,13,7051,21094
5524,15078,832,6,9310,2631
27982,2108,721,4,-8713,-875
28849,5266,705,6,9570,-14676
18406,22119,839,11,13067,19242
5999,7425,713,6,6157,20457
13069,21584,721,9,14228,22514
9975,18701,828,8,8469,15797
12570,22285,729,7,13637,22873
7796,21419,745,14,6801,20225
29192,7539,726,3,-8555,-5018
27633,3807,723,3,-7399,10163
28080,4958,741,1,-6652,9879
6513,15132,838,1,7573,17975
-929,11233,715,12,-661,14744
9384,-116,731,11,1739,7560
27567,2346,731,8,-8481,6358
13085,22329,734,11,13821,22721
8397,21968,839,6,2075,11781
18009,24354,849,14,-5104,5949
6599,16537,847,8,4986,10606
22568,5934,735,4,8281,6017
3145,-1082,714,9,-2264,14232
-8019,-3662,735,12,-8019,-3662
20562,22978,847,13,3514,17481
28808,6086,728,3,-9498,3145
26447,13787,705,0,7678,-4735
26147,4032,706,10,3654,-4698
-11001,13723,713,13,801,-13034
2294,21012,849,3,2294,21012
15150,23170,719,15,13914,22566
10888,26611,837,11,2514,-13214
19313,24110,832,15,-5424,-1499
-8058,-5344,728,12,-11964,3562
28458,12562,748,0,-9987,-828
23835,-4692,739,6,-8166,5469
14502,-7026,710,10,-3711,17846
549,10801,718,13,8567,158
6145,-3593,716,11,-2762,6867
11056,8992,832,2,11173,18444
-3542,17634,831,10,1123,-8126
15036,22595,734,12,15036,22595
8861,23337,838,8,4879,21191
20080,21784,847,14,13999,18940
16332,719,734,9,7585,2724
8937,15942,832,1,9826,18170
22121,20175,845,4,21895,20074
19396,-104,846,2,4949,10278
22555,6199,722,10,8175,5280
23191,8185,720,0,6057,18755
15817,22270,746,5,16370,22535
7678,-4735,705,14,7678,-4735
28128,4545,741,1,-6925,11350
28771,7364,712,4,10916,-13682
1388,22726,845,10,-6332,194
13195,2629,727,4,4789,18169
19735,23471,841,13,331,10039
23043,1047,706,4,-2729,6829
18673,24387,829,13,-4058,-3849
3946,21642,734,15,1021,5267
16070,25018,834,14,-674,-4792
13166,21032,735,10,15126,22592
15046,24618,831,9,1939,18755
19850,20847,828,4,19323,20571
5706,23810,827,6,-4187,10611
12081,25573,835,9,-5822,3988
19570,20466,849,3,19570,20466
19612,22576,848,14,10812,19187
20445,20401,833,3,20445,20401
1137,20516,728,13,-2479,7562
-3975,22667,733,15,-7299,-6675
5230,-2197,735,11,-661,4933
9238,2617,704,10,3215,18138
25887,4589,720,1,-2581,13561
10071,19019,706,10,12417,22356
-2554,11436,746,12,-2554,11436
-5282,3528,717,14,-5282,3528
19838,2611,703,8,1154,11489
-5262,7441,722,12,-5314,12751
3293,-728,715,14,3293,-728
26550,-2747,717,9,8274,-13459
13535,22077,849,10,9299,18748
4271,23477,737,15,-2693,6528
25163,3919,712,3,-2779,10012
-3984,8221,704,13,8195,-4903
-4257,-2948,719,5,-6209,15987
21775,-10511,705,7,3717,-15160
20819,-10753,712,7,2065,-13837
17104,24623,849,12,-5378,5634
22345,20993,836,15,19920,20449
11027,19545,835,8,9298,17083
1993,20046,738,14,504,17542
23332,3734,739,8,2782,7032
-617,3002,715,11,-2061,14656
-7993,-6168,745,12,-7993,-6168
13081,24233,839,11,2350,822
2701,17226,824,4,1245,6124
2291,14213,827,4,4081,2544
16413,-6109,743,6,-3688,14523
5822,7118,834,4,13085,231
24727,2422,745,3,-1095,13179
-3392,15872,747,11,672,21256
2121,15193,746,5,4565,20021
5091,-1085,718,12,1326,1941
-1594,15863,728,12,-163,18922
20115,-1514,738,8,-1176,14809
3240,-13078,747,11,-9381,-250
22336,6919,729,2,7138,19630
-9902,6957,746,12,-9902,6957
17937,-12573,829,1,7430,-14412
-6502,-845,716,14,-6502,-845
10772,3844,738,4,5712,18510
25284,4820,721,8,625,3330
9319,16105,715,8,11921,22052
11117,19892,706,10,13234,22459
3331,18467,742,13,5160,3798
25725,13495,704,2,12631,102
8668,20909,827,4,4950,16030
27488,10932,712,2,-5051,3698
7737,15530,707,8,10857,22329
632,20829,711,13,-3428,9097
12072,22863,704,13,10472,21570
18510,-2934,721,10,-2410,14006
13149,-15265,729,11,-11122,-3277
8728,24854,825,9,2133,-4913
24623,3666,838,2,11451,1830
2476,16636,745,7,4254,19643
26059,5153,824,2,15806,-93
23479,2068,709,8,-2304,8067
28904,8782,714,3,-89,-12659
5909,4882,836,1,4044,9516
28961,6971,705,8,3717,-15160
-7048,7438,728,12,-6566,13388
12378,24421,844,4,7336,23155
17856,23317,832,14,6644,15443
14683,24744,830,11,-379,13317
-6122,17610,748,14,-8253,11672
16259,11695,827,2,14692,16169
26303,6520,743,2,1782,19024
1151,21585,837,10,-4067,625
17723,19006,827,0,19241,20581
-1320,18942,707,15,-1216,1984
21879,20873,840,12,20219,20410
-10728,-1862,728,14,-10728,-1862
2355,-1952,727,5,-3279,12801
27933,-2045,825,2,-2982,-8109
-7002,14484,830,10,6262,-12609
10776,2316,841,3,10776,2316
28429,11627,732,2,-10555,2691
1127,15433,725,15,6420,1530
13253,3207,731,11,6816,7148
28820,2497,747,8,-9469,-821
19149,-7075,732,4,-2745,20500
23129,3443,725,1,1302,16730
25426,1955,732,8,-3976,9786
-5068,-4291,744,7,-8556,7415
25475,6772,744,1,2499,8820
27791,12224,716,2,-3839,-5676
12898,22822,843,10,7984,19721
20567,5935,737,2,7881,19950
5964,15250,733,9,8055,20549
1597,10210,738,14,2861,6675
6518,15193,831,3,6518,15193
5409,20800,746,15,4112,6143
25186,-6567,745,10,-11561,10092
16027,24474,837,9,4565,20984
-3994,-2311,704,12,-7272,3612
15051,18017,726,10,15237,20260
27046,14578,707,0,14584,-12966
28196,12504,731,2,-6257,-6697
-4472,15704,706,15,2597,-4651
19545,23580,838,13,-1266,7199
15790,21482,835,8,14390,20794
29004,2041,837,0,-2472,-4595
19330,24003,836,15,-7,-7102
19504,23763,840,13,-1920,5108
6348,3089,735,12,6348,3089
14983,21025,839,4,13073,19461
20369,9696,738,2,10325,17393
17391,-13678,724,11,-7588,-8640
29174,7400,725,3,-8580,-4813
4722,19465,838,3,4722,19465
27723,9136,705,1,-379,-5762
23449,20010,845,13,22442,19712
4808,25231,740,15,-6772,9180
28910,4966,709,4,-1195,-12891
29020,4768,726,8,-8555,-5018
28403,9387,703,3,5639,-12498
16084,23027,842,12,7487,6923
7717,25952,740,13,-2394,20277
12417,21234,827,10,9034,17403
25421,6571,732,3,1679,7931
-3758,12844,843,3,-3758,12844
-9437,16365,716,13,-2844,-10742
22222,2440,731,10,1739,7560
3133,375,742,7,-543,6701
13618,-5309,842,2,1163,17211
17457,-12678,719,7,-3563,-10665
5985,12380,835,6,12692,1799
25808,6917,731,2,2735,19692
14655,-13616,709,12,6296,-14934
19982,23814,843,13,-8703,7587
18204,23553,826,13,6276,3400
-6066,11544,742,5,-1531,20383
28742,5379,733,3,-9705,7064
13894,19893,832,4,12221,17669
27219,5391,724,1,-5147,11271
18402,17740,728,8,17582,18975
21277,9958,717,2,8676,16039
28277,5519,708,4,2385,-10989
22709,20426,841,14,21725,20097
28765,7549,732,1,-9419,4977
23680,5250,723,6,7267,2359
3457,-12737,731,12,-5391,-8036
24998,9417,720,0,3743,16617
4856,-8221,741,6,-965,21405
12558,22331,848,5,9570,2466
7551,20741,744,5,9606,22460
4322,22156,843,10,-2753,6522
-661,4933,735,12,-661,4933
16336,4298,744,2,10585,22451
1388,1428,731,12,-1313,5844
28378,9443,744,0,-3312,19249
12382,3195,746,3,7539,20872
19202,17486,745,1,18232,18893
8864,15112,837,1,9567,17408
-6486,15699,744,14,-7882,9429
28884,3816,737,3,-9995,5481
28905,4288,721,4,-5325,-9098
-661,14744,715,14,-661,14744
26999,-3850,844,2,-7005,-1283
10562,20648,723,15,9155,16874
7113,-4412,825,3,7113,-4412
3864,19211,838,4,228,8529
21602,1908,708,8,-631,10444
11285,22162,838,11,12043,710
7929,20239,708,7,9393,21895
2239,25572,740,15,-9717,1075
10249,17197,710,3,12972,22373
16031,-12331,825,1,5529,-12973
22847,-169,726,6,-2399,6391
22550,-2944,709,6,-6402,7045
25973,9472,718,3,8437,518
9708,10637,703,11,7963,14007
27352,11983,730,0,-3592,7753
4193,-11205,730,5,-9557,9373
27915,10174,711,2,-8388,8760
14025,23165,828,14,13878,659
27534,6913,708,1,-5821,3617
27801,13584,718,0,-2246,-12964
17552,22590,840,11,10508,18192
18042,-11995,727,7,-2825,-10387
25897,9793,726,1,6510,3021
-358,17890,717,15,1592,1490
25630,-4355,742,6,-9746,3476
15343,-3676,712,7,4481,-1784
13835,21339,740,6,15639,22625
2703,13773,844,3,2703,13773
13308,21781,724,9,14478,22637
22549,20992,847,13,19733,20668
19573,21809,834,14,14301,18735
29374,5442,738,3,-9677,-1709
14488,23491,831,5,4622,12683
27904,12674,721,0,-9351,-1089
26722,11422,746,0,2458,9507
28535,9929,707,1,1642,-13043
18795,22218,826,11,14485,20526
-98,16323,739,7,2420,20272
2164,-2206,734,7,-2387,4914
-2458,-10421,742,5,-11046,7909
26717,11528,704,2,-300,532
10281,4657,746,11,6819,8314
13832,23228,845,6,8327,20534
2206,20597,743,12,2206,20597
47,-1728,848,1,-3756,7144
13587,21451,841,7,12184,5759
28757,3277,726,6,-962,-11219
10743,-5628,731,9,-3645,8351
28724,5140,719,10,5017,-12853
13706,25455,827,12,3014,-7420
29120,8810,737,1,-3033,-9287
18967,-6703,705,7,5311,-7854
8795,-1517,745,10,2141,19144
28539,6345,715,8,351,-10446
17459,24118,827,11,8512,22766
-592,7189,738,9,504,17542
7980,-4468,748,6,643,19563
14854,25687,830,14,6262,-12609
20087,-2088,721,6,-2959,10756
24874,-3988,841,2,-4963,3555
9750,21248,848,10,4824,13680
6265,-13736,740,5,-9747,-475
10977,-419,747,8,4822,20581
10178,25909,824,7,6446,-11224
16285,23116,844,14,10113,2865
18823,-3433,732,10,-2361,15191
15000,-13971,742,5,-5534,-9060
15011,22330,736,7,15414,22524
18526,22960,849,12,7268,16948
28661,3654,708,10,686,-12677
-4677,17116,709,13,-2868,-1809
14235,25603,844,11,-6612,1513
4858,20752,742,14,3610,19001
4561,8856,837,1,4255,13469
27584,3950,703,10,2980,-9472
28411,11539,744,0,-8988,8582
3571,8808,741,7,3119,13183
19494,-1863,844,2,2345,10620
1879,19698,835,4,-2613,6726
16488,23824,840,12,2535,8047
16948,22420,827,5,11378,18356
3051,19750,832,3,3051,19750
875,24206,737,13,-8052,2787
14396,6939,827,0,11442,18025
16930,23191,839,7,7636,17002
11755,16157,832,1,12221,17669
18468,17485,719,1,17245,18939
25935,9365,739,2,2997,12593
-1877,-5258,710,12,-6496,438
26541,12349,728,0,1947,6397
12514,20719,726,6,14678,22653
28236,6039,705,4,4904,-11815
25011,-4409,710,9,4522,-12183
19952,20674,839,9,17983,19292
20435,20560,825,3,20435,20560
20347,-2822,703,6,-5207,9159
16349,2895,715,11,9461,4100
3588,15395,733,11,5991,20399
10346,-15170,725,11,-11627,-671
27825,6458,704,3,-5268,-1547
-2928,-10605,712,14,-2928,-10605
15057,22960,830,14,11347,3412
28880,5362,706,10,7935,-14820
27461,872,723,4,-9543,3354
28071,9790,735,2,-5755,8594
22887,1236,832,2,6474,3826
6180,24829,744,13,-3448,15011
19001,23550,833,13,2462,5858
22245,20191,847,10,21881,20083
28626,10820,708,1,8404,-16027
19187,23831,829,13,-516,12834
18139,-46,718,4,246,14380
-1101,12852,706,15,7349,-899
5280,-11144,737,5,-8011,1451
-6213,773,724,5,-4574,18421
14176,16754,709,8,13909,19930
4274,19433,836,4,385,9484
19564,19567,845,2,20555,20281
4526,22834,725,13,-937,15387
14041,23614,827,11,3669,10046
3846,25499,742,15,-8550,5732
12108,21925,840,11,11580,2490
3005,15646,713,7,4837,19840
16997,24480,846,12,-2783,8475
20504,23391,849,15,-6197,4881
24269,-3016,730,6,-7580,8434
-2776,-6655,747,5,-8521,10017
28577,11159,737,2,-8517,-215
15846,25590,828,14,-5184,-5591
28695,8174,745,2,-4616,18588
-9728,10532,705,13,4290,-10932
12851,23237,834,9,4055,8782
28285,8989,733,0,-1351,21651
11642,20213,831,4,9241,16952
3066,5954,703,7,1088,12977
5486,10708,827,1,5734,14531
16562,23451,841,7,5830,15633
11501,-12797,717,7,-7019,-4321
13845,23061,825,9,5868,13658
-5871,8328,832,8,-303,-6415
25808,7885,747,1,3941,6444
-7383,15736,833,10,5105,-13300
14524,23105,836,9,5435,13683
12806,978,711,6,2031,15558
2914,25176,738,15,-8194,3676
24909,-282,732,3,-1966,19388
-6539,3119,724,7,-5084,16879
5927,-9507,838,1,-3235,-3101
14246,-7701,840,2,-975,17885
7457,13047,827,1,7782,15816
17899,20776,825,3,17899,20776
3425,-1378,726,5,-2586,12174
16196,21968,828,6,13475,20473
28379,2221,729,4,-10083,30
10283,18018,724,4,13063,22306
25488,956,720,4,-5696,5607
23790,2038,724,6,672,3176
25839,3193,711,10,1203,-2767
3570,24666,733,13,-5253,16176
16987,23862,837,14,2661,6743
11666,22651,835,9,6017,4777
10829,11649,845,2,13088,19622
15485,23335,836,9,6598,17099
23383,-3342,741,3,-1590,20357
24527,6523,707,6,10877,-167
25824,-1269,747,8,-6890,11606
14680,24697,828,9,1890,18547
17363,23141,848,12,5032,10938
-161,6404,718,7,-134,15861
17832,-2903,726,8,210,19455
-3776,-6929,715,14,-3776,-6929
-5643,4988,709,14,-5643,4988
19104,3792,710,9,10468,3431
6217,9013,727,4,8605,21956
5980,22720,838,8,1028,18789
2271,22828,735,12,2271,22828
18085,24755,847,14,-9459,8660
-6141,10897,742,7,-3265,17785
2174,637,715,14,2174,637
12896,12873,746,0,15010,22335
25449,870,739,3,-3584,14530
23315,6387,707,2,3747,18773
28957,8717,715,3,-1607,-12677
460,15466,719,13,3418,2955
17399,24909,840,14,-7986,4433
-1626,20916,734,14,-3954,17635
29292,6830,741,1,-10256,1941
15700,-4333,722,10,-1680,16855
6379,-14152,739,5,-10079,-779
3475,-4578,739,11,-3307,4232
28830,6820,731,1,-9969,7961
27953,12459,730,0,-9083,4517
18440,24278,825,15,2330,-3422
14328,-10438,722,5,-6744,-1133
-5794,12407,732,14,-5794,12407
15031,24275,839,11,546,10931
13884,7317,705,1,7998,19425
-7933,8754,711,14,-7933,8754
6650,21461,840,8,2762,17645
-12947,6432,705,13,8873,-14792
10632,-14627,712,12,1390,-14083
27908,1559,712,6,-3940,-8107
11075,-3710,705,9,-1991,6052
18504,22502,826,14,11313,17899
-7082,8589,825,8,-1786,-6634
-164,15974,727,12,1030,18759
26444,3401,708,8,-4223,1114
23394,-8187,719,9,-4255,-10375
-2345,20237,732,14,-2345,20237
-3913,1785,723,12,-5846,7672
10624,21813,824,5,10050,2635
28915,4664,708,6,6758,-14720
28599,7082,720,3,-6603,-3097
28676,1227,735,8,-11310,238
-196,22024,738,14,-2618,19285
4043,604,714,9,-808,14352
-300,6641,728,14,-300,6641
6280,-3805,827,3,6280,-3805
29444,4951,741,3,-10840,1224
29393,6376,745,1,-11118,3528
17788,23317,849,11,7939,19419
25268,-1238,710,4,-8436,8005
6861,-2427,717,12,2582,53
27127,4953,727,1,-4710,12922
28345,5870,705,8,-316,-10431
27416,-2151,735,6,-8081,-4673
28889,5367,745,1,-8834,9516
15342,23183,837,14,11685,1674
23649,-327,730,10,-3592,7753
6281,25546,738,15,-5712,14094
-1471,15355,733,14,-1471,15355
1,-9055,735,7,-7614,1057
3432,-12450,703,14,3432,-12450
14518,23885,840,11,2535,8047
14324,25319,842,7,-3783,1514
5343,-8246,744,6,-920,21530
10512,21371,708,12,10974,21867
27986,878,743,8,-9806,4248
12162,21341,729,12,12574,21779
5102,11492,743,4,9427,22393
-11183,4559,746,12,-11183,4559
17925,21801,826,7,13496,18265
8919,12773,836,10,12861,5072
14318,23256,830,5,4936,11861
1383,-9431,732,7,-9019,7164
26807,-4698,743,6,-12118,2242
13054,22293,724,14,13054,22293
7969,-5308,827,2,1851,19868
20206,-1504,710,9,5332,-2387
19425,22903,845,13,7324,5900
12073,16773,735,2,15316,22522
15546,23242,848,7,5108,9051
17052,21210,746,15,16433,20138
-4841,19383,704,15,-4093,-3932
-1248,24088,730,15,-10587,1422
-4079,22686,725,15,-8554,-5147
2862,12250,727,11,4227,18521
6712,2616,746,5,2458,9507
-8810,10152,740,12,-8810,10152
13295,26055,845,9,-9669,6671
28536,11009,742,2,-7428,985
21752,20806,840,5,20351,20504
6528,18964,747,13,6717,8541
-4725,17595,748,14,-6657,12231
28342,1076,842,0,-4421,383
25833,-1665,831,2,-578,-1790
4411,21926,736,15,809,6185
14221,4156,842,0,9864,18432
13390,21571,741,12,13390,21571
28625,8406,722,1,-7534,-1787
28489,1279,722,6,-6377,-8248
26460,1551,714,10,-3775,-2269
-10065,12649,744,14,-10528,4366
-383,20885,838,6,-1175,-5962
22085,17451,846,3,22085,17451
24726,3747,837,2,11685,1674
11398,22805,832,6,5488,17901
-1315,22093,841,10,-6111,-4847
28777,10093,746,2,-8635,10288
18956,23705,846,14,2328,18563
21478,3663,709,3,1492,13551
26459,7142,739,2,686,17340
20518,20934,846,10,19659,20669
6521,-14248,830,3,6521,-14248
6882,21888,836,6,385,9484
13082,22774,830,12,13391,861
16996,23096,748,15,15496,22584
10061,26282,829,9,-5453,-5134
4717,20649,835,10,298,6984
2345,24666,727,13,-6846,15101
27914,12756,715,2,-1080,-12098
13843,21939,740,7,14400,22274
23338,7643,704,0,4654,19095
24607,2354,705,8,-3266,5848
27561,13344,706,2,7590,-14520
7107,16720,704,7,7879,19309
22831,20216,849,11,21999,20014
19746,1099,704,7,12828,-737
12135,21824,730,9,13750,22883
26788,2875,719,8,-6135,3356
-2496,23231,733,13,-11031,3211
7129,21185,842,4,2087,14244
11870,-9055,708,5,-5766,572
9328,18584,703,10,11799,22361
20473,-10032,730,5,-4668,-8499
21684,20820,826,11,20763,20437
24246,8713,708,8,10880,3179
20095,22557,834,13,9653,17402
30032,3169,837,0,120,-11723
11035,21308,706,5,12183,22429
10363,25857,826,7,6650,-10858
17490,15780,745,0,16379,20141
11836,-13711,740,9,-9747,-475
25600,-4463,720,9,3779,-12838
28005,12853,725,2,-1352,-10885
-1043,22088,717,13,-7249,7292
14961,1992,829,1,11531,3244
-7501,-4574,734,12,-7501,-4574
20182,23255,840,13,2762,17645
29212,2781,832,0,455,-7617
19234,-2470,727,10,-2254,13675
5267,-10354,828,3,5267,-10354
16770,18926,834,2,18358,20552
17989,1384,732,10,2431,13391
11984,20098,715,4,14228,22556
8028,9304,831,3,8028,9304
26614,10828,737,2,2952,6310
18431,23748,838,5,11165,23495
266,576,716,7,-3111,11669
27281,11039,737,0,-1802,9440
21736,615,731,6,-415,8066
19508,-2962,711,9,2857,-2491
-1940,3602,719,11,-2357,15695
18973,24254,832,13,-5424,-1499
3820,11854,715,13,9461,4100
11297,24335,844,4,5758,22372
11048,21054,703,5,12114,22211
27020,11035,723,0,-2772,11780
-9979,-1474,746,7,-10352,11512
11135,-7969,704,5,-4850,1532
21152,20587,835,6,20599,20353
17138,19098,827,3,17138,19098
16405,18800,830,2,18001,20571
22404,-8642,707,12,17480,-12379
14337,24802,845,9,-1999,12742
27679,13814,714,0,1875,-14967
-1491,3244,837,3,-1491,3244
27704,-50,706,9,15848,-12512
3442,9884,728,9,4386,18759
24059,1621,727,1,508,19704
9524,24084,731,15,4491,20497
29060,3557,741,3,-10551,6963
16371,22448,746,12,16371,22448
11308,12795,707,2,12612,22312
6684,15458,711,6,9859,22081
18804,22496,846,11,12795,20325
27999,-1429,834,2,-747,-8000
-2290,17712,837,8,-5951,5597
27883,8060,714,1,-4829,-304
13444,3564,714,4,4766,17211
-2318,10081,713,14,-2318,10081
21550,-8726,707,12,16437,-12166
26701,-3178,713,5,12770,-13961
18644,23664,844,12,6308,20735
28482,11335,747,0,-8474,10982
1947,6397,728,14,1947,6397
24517,-3413,747,4,-7347,11585
6744,22930,842,3,6744,22930
17938,23310,844,12,5094,15634
8028,26100,824,5,7086,-13394
14795,25041,826,7,-2202,13337
27190,13439,706,0,819,-8348
-3220,22806,727,13,-10984,2233
28062,3995,704,6,4954,-11853
11627,260,733,7,4056,5184
17272,24239,837,12,-142,15180
27932,12792,722,0,-9425,-2507
17195,22928,837,7,9098,17666
26118,-4990,849,2,-8143,3229
24740,-497,739,3,-2433,16646
8899,20192,712,14,8899,20192
6362,26235,824,5,12810,-13929
-932,20942,742,14,-3265,17785
28237,12027,724,2,-8424,-4371
5215,14192,841,4,6811,4626
25061,321,705,6,-3317,-752
9335,20476,825,10,5868,13658
8969,24136,737,13,2801,19084
11894,17367,829,3,11894,17367
9120,17589,714,6,11792,22076
-5022,14163,827,4,-917,-6205
-1078,-11901,714,14,-1078,-11901
-42,20017,714,13,-2997,6935
-10486,15584,710,15,3747,-14018
5402,10039,843,4,10747,1479
19702,17496,836,2,19992,18713
28456,9490,715,1,-2184,-8800
29721,2348,824,2,12810,-13929
7992,21518,746,14,7004,20368
11938,-9894,721,5,-6805,1496
25936,-5852,714,9,1875,-14967
26077,11913,717,0,2067,8270
26103,7934,722,2,655,17206
13999,22120,719,7,14652,22560
-980,-919,743,9,-3688,14523
28590,11840,747,0,-11014,7663
23309,704,729,4,-2549,9973
-1691,9489,703,14,-1691,9489
27704,10228,706,1,4706,-7594
27172,1134,729,4,-8440,4701
2993,24327,839,6,-8145,2726
28647,6962,723,3,-7365,-1529
1258,21419,707,13,-3406,10792
9153,22746,732,13,5601,19084
28784,8237,725,1,-8560,-1153
14547,25717,844,7,-7005,-1283
30061,4163,835,0,4361,-13903
28684,11703,747,2,-8758,-2821
16875,24161,831,14,1029,9437
11680,-1229,746,4,2922,19335
21932,790,748,4,376,9811
22516,20973,849,13,19570,20466
22008,18432,842,11,21953,17458
20678,21891,838,14,15928,20886
12635,2082,729,8,5191,19769
-4186,20809,718,15,-4957,-4236
26198,5851,710,4,5162,-3591
19419,21156,838,14,15546,16952
2814,-2795,722,11,-3785,10090
27609,12549,711,0,-8417,-35
28047,-479,840,0,-7110,5374
133,14707,833,3,133,14707
28202,653,726,10,-9353,-2525
13075,24447,825,7,1196,3912
20803,22885,846,15,4445,18716
-1776,16880,846,8,-4422,4470
9990,24485,837,6,699,18423
2469,-4687,727,11,-5168,9868
11644,-13964,711,12,2809,-13839
-2721,1710,735,12,-2721,1710
15676,24173,839,11,1923,14602
28196,7490,735,2,-3891,17714
-4808,21366,727,13,-9152,-2203
4069,9410,828,8,7205,2623
27360,4561,742,3,-3585,5626
13419,25211,836,7,-1529,-1105
22203,-4340,745,3,-155,21551
12185,25648,837,11,-599,-6538
12902,20794,730,10,15076,22672
28248,12379,731,0,-11768,6486
18459,-11643,729,11,-4717,-8596
27444,12364,708,0,-6586,1482
18532,20544,836,3,18532,20544
2242,-12052,743,5,-10163,3887
-772,24895,733,15,-11859,2292
2897,24344,704,15,-5280,15080
26318,4567,703,10,5311,-5624
28425,9597,714,1,-1410,-9382
27589,10675,731,2,-4002,9183
16058,22763,836,9,8936,17505
11323,-6123,728,9,-4033,7492
22634,-3803,737,8,-4718,15455
19854,22033,846,5,15801,21112
11855,22025,837,10,7404,17775
20541,19652,841,0,21515,20220
6885,22867,827,6,-795,11835
15245,18579,825,10,14555,15998
20055,22808,848,15,6033,6758
28755,1313,845,0,-4376,-1253
10244,11242,715,9,8525,15761
18839,23001,846,14,6780,16274
20620,23245,846,15,-2992,14593
28279,9711,745,0,-3685,17679
14083,23165,719,15,12434,22197
27175,1095,713,4,-9008,1714
17046,23165,845,7,6626,16026
2141,19144,745,12,2141,19144
-2209,15063,722,12,-992,18278
27387,1825,726,4,-7917,2135
25728,14152,703,0,12115,-414
13300,23529,748,15,9562,21115
-6962,10826,737,5,-2427,20167
18681,21316,829,14,14838,16335
27502,2522,737,1,-5748,15882
10778,19431,717,4,13495,22636
15708,20092,735,12,15708,20092
7528,2169,722,14,7528,2169
-4811,-3159,841,3,-4811,-3159
-2548,18959,843,4,-5654,-1518
-9738,-1721,739,14,-2960,-9577
12485,19472,824,8,11029,17637
1542,13806,742,5,3681,19213
27645,13406,708,2,6758,-14720
7056,8782,845,8,10515,3371
29037,8672,720,1,-9317,-5710
28530,11242,736,2,-8219,-1139
21922,-3717,746,4,-4569,13697
1893,23316,744,14,-508,21273
27548,11022,719,2,-5007,4684
15337,-3527,708,7,4754,-1952
19594,23578,836,15,259,7506
28075,545,845,0,-4680,2829
8574,23520,827,9,6280,-3805
-1602,2916,708,12,-3425,7502
26692,-2753,705,11,16564,-12191
10644,-3650,706,9,-2092,6559
-8318,1490,836,3,-8318,1490
17754,22931,825,12,9680,18180
-6939,18235,747,14,-9555,12096
-6986,20095,718,15,-3712,-10266
18242,24403,828,13,2008,-5231
10773,21197,704,5,11930,22367
28758,10857,736,2,-10875,2518
13325,22451,847,11,9512,3488
3905,-9699,831,1,-5000,-2303
29264,5132,733,3,-11755,8305
28663,8614,712,8,12545,-13327
802,19949,728,14,802,19949
9060,-7500,725,9,-5810,9029
1691,-4485,722,11,-5356,10090
16269,-7436,737,6,-4984,14778
2237,274,713,7,-2318,10081
23773,1343,713,4,-2919,6388
16880,24522,831,7,3159,20958
26621,12023,735,0,3180,5601
23465,-7593,729,9,-4213,-9178
28767,4312,740,3,-8929,4208
10212,25728,738,13,3215,23327
27328,805,739,8,-8291,4546
27208,-810,741,4,-9290,3418
14113,-5689,739,10,-1883,16697
7335,2183,731,12,4428,4578
22748,20709,846,13,20640,20284
15544,22302,742,11,15998,22525
11403,1342,841,3,11403,1342
28652,2644,727,4,-9463,-2707
6013,19441,844,4,2345,10620
26370,6678,729,3,-148,5523
19867,23620,828,15,776,18278
19333,23781,825,13,1059,17514
-551,11287,710,14,-551,11287
26325,-2394,747,4,-9227,8692
12226,1156,713,6,2340,16141
8111,23057,712,13,4652,19654
78,-12740,748,7,-9987,-828
11815,25961,846,9,-5705,-3569
10295,-13872,742,9,-10287,1338
25609,-5299,748,10,-10897,8529
11700,1804,703,4,3040,17929
20818,22118,837,15,12782,19089
17061,-3521,733,8,1149,20312
15179,23094,846,12,10194,2211
4547,20321,849,1,7401,22566
26045,5171,716,3,-2762,6867
8133,22813,830,6,708,13745
8122,1422,730,10,4281,20311
9084,21010,825,9,10826,1267
9066,22916,848,6,1127,13301
26181,10825,709,0,-694,11115
703,-11451,745,9,-10079,10504
24901,8688,705,2,1282,13680
24278,1988,739,8,-1059,6953
6209,19337,846,4,2626,10556
2751,9746,704,9,3215,18138
13362,25820,832,7,-5424,-1499
2987,18062,748,11,5478,21165
28160,10839,706,1,7850,-12737
2045,23503,846,4,-8098,10432
4483,-14930,709,14,4483,-14930
21396,20404,836,8,21183,20332
14626,25093,830,12,-174,-2345
-6966,11015,707,13,4101,-7316
17574,10545,825,0,14555,15998
28854,7080,717,3,-7598,-4675
3725,15504,709,11,5468,19865
4789,-3389,728,9,-3123,13319
20240,23243,835,15,3992,18703
16485,-4187,720,10,-2128,16098
17442,-5056,710,5,1674,-3195
9751,9934,837,2,11425,19582
9263,26515,840,9,-199,-11805
16045,24498,839,11,1517,17166
-11421,7672,716,13,9109,-13503
4914,17420,715,14,4914,17420
9893,18867,720,10,12799,22515
28055,3158,728,8,-8837,2739
3716,14540,737,5,5223,18911
20583,22697,847,13,5568,16498
28528,11800,746,0,-9857,7167
11988,25319,829,7,1634,-5059
26648,12636,719,0,1061,2388
8339,25607,729,13,2406,23260
20286,23354,843,15,-2311,11604
24673,-1723,721,4,-6975,11050
28307,2166,736,8,-8219,-1139
26110,13215,711,2,10814,-663
22504,19964,841,6,22219,19830
16487,24014,846,12,956,4003
5930,24394,720,15,-1594,17584
28771,6418,738,1,-8734,3516
10211,19885,719,11,11412,21449
11294,19565,733,6,14029,22487
24090,-1894,734,4,-5795,7897
-7366,-7476,748,5,-10960,12558
-1021,11494,826,1,554,16993
21751,-8367,708,7,6191,-12567
2215,-1700,841,1,-2017,5732
27462,-2252,835,2,-3223,-5625
28863,4174,720,4,-5240,-8983
3970,-5716,716,5,-5595,9603
21951,19467,844,2,22385,19737
16063,20910,839,3,16063,20910
63,16828,736,12,63,16828
4309,6935,747,10,6760,21555
-4682,3899,825,8,4240,-8205
15997,17007,737,1,15869,20154
27155,12203,705,0,-5068,2222
28290,7854,743,2,-2932,18221
8229,23453,847,3,8229,23453
18438,-12035,729,9,-11093,-748
28415,4732,725,8,-5692,-4096
-9353,-2525,726,14,-9353,-2525
-954,22481,747,14,-3842,19432
18164,-2937,746,3,3050,21171
28423,2180,721,10,-5811,-7311
27918,7598,718,3,-1717,-2447
24194,-3406,840,2,-3086,3993
9722,-4705,710,5,-2546,4707
16646,24704,836,14,-1778,2007
9735,-13601,730,11,-10255,1048
9616,20824,704,7,10678,22017
-3738,9893,832,8,38,-3170
26755,758,840,0,-1920,5108
14751,-13308,741,5,-4763,-8357
22022,3244,742,6,5740,4597
-6512,15606,826,4,-3652,-7421
26873,12384,716,0,-1448,2804
8612,-12268,726,7,-8249,-410
7691,23226,727,15,2672,17517
937,12771,734,7,2015,16867
15123,23776,827,12,4486,6154
584,17152,837,1,3498,20963
2868,12306,712,9,4652,19654
28928,4419,708,6,6097,-15052
27917,12897,729,0,-7564,-1229
15666,24753,841,9,2010,19777
12364,-11054,704,12,5111,-11162
4724,9920,824,3,4724,9920
27885,2577,731,8,-9154,5377
13950,9526,720,0,12566,22241
28301,10029,704,3,9471,-12783
780,18192,846,8,-2783,8475
3895,-8152,718,5,-7303,8997
18963,22857,841,13,9704,5380
28046,12367,727,0,-10004,4412
28158,9782,709,1,1077,-9599
21710,20377,838,4,21465,20267
12234,17038,737,2,15519,22557
27975,12939,724,2,169,-11725
16002,25213,831,14,-3073,-3667
10810,-13656,729,11,-9931,-197
-12781,11829,706,13,2600,-14822
19205,20490,844,3,19205,20490
28197,12106,723,2,-7883,-5284
2050,22193,712,15,-3413,9626
4198,21504,747,14,2637,19627
-5804,14566,832,4,-1449,-7637
11220,-12779,708,12,3053,-12445
8952,-6422,740,9,-3366,4721
23559,-4082,705,6,-8799,6549
14203,19946,847,3,14203,19946
13672,10063,725,0,13130,22333
27778,-880,831,2,608,-7468
14111,25011,833,7,-2442,5475
25401,6938,735,2,2195,17149
-1190,-1417,835,3,-1190,-1417
20523,21458,835,15,15307,16743
25974,9531,726,1,5486,3165
27051,9757,719,0,-1874,17229
3241,-9815,716,12,-3839,-5676
22992,-2459,707,6,-6281,5697
27321,5262,706,8,-975,-5261
3422,4085,709,7,465,11752
13884,-199,708,12,10562,-77
28507,5427,711,8,-3208,-8776
-4273,21613,717,15,-7019,-4321
28703,11070,739,2,-9473,134
6353,9465,847,8,9512,3488
-5166,-7633,725,12,-10506,320
21687,21026,827,14,20015,20524
10503,20045,742,6,13549,22779
4302,6930,707,7,2406,13114
22931,-7195,714,9,-2139,-9760
1014,14416,741,5,3760,19966
-3584,5612,832,1,-3322,13738
-10284,15252,715,13,-1020,-12202
18267,23762,844,14,1098,13250
12044,23553,847,6,4712,18986
16596,22223,746,11,16928,22390
24334,-1823,725,10,-6582,7760
7988,24619,747,13,-135,17670
17467,24194,844,9,7336,23155
-4508,14009,841,8,-4411,-873
24278,2962,714,6,2497,213
10984,21015,717,11,12174,22161
19678,23550,834,13,-804,13763
19742,22493,842,14,12181,20033
28092,186,738,4,-9498,-937
26726,6551,745,2,1584,19448
1221,12142,833,3,1221,12142
26926,11292,704,0,-4272,8258
19357,23546,849,12,8137,22821
7313,19749,704,7,8769,21611
19749,17082,837,0,20056,18701
15758,4035,829,0,8969,16628
16478,23872,839,12,2181,8511
22084,-4284,729,8,-3398,19125
828,12344,842,3,828,12344
-9662,4621,843,3,-9662,4621
2567,-2686,733,7,-3610,9591
11964,11795,729,2,13615,22413
11917,22484,832,11,9310,2631
17826,22787,832,12,9367,17108
14057,23125,710,13,12893,22447
-3167,14681,828,8,-4058,2160
24415,4982,713,1,-403,12708
6222,15821,831,6,8803,4134
1114,12809,726,11,3426,19532
9147,6408,846,3,9147,6408
26211,12556,720,2,7050,1726
18226,1171,825,0,5576,15090
-961,4473,731,12,-2476,9129
21071,-1449,733,10,-2203,12076
28779,5946,710,6,12165,-13577
-1903,8910,710,14,-1903,8910
21351,-1251,826,2,2055,5960
-5336,15383,706,13,-865,-3453
9176,15803,713,8,11681,21992
2633,-7152,726,9,-6031,14149
-10004,17405,712,15,1390,-14083
10595,23752,735,15,5341,19256
27863,6272,731,1,-6444,9961
-388,-3079,731,11,-5104,12763
8239,21200,848,10,2745,11374
28175,11963,738,0,-8194,3676
-5313,-4123,743,5,-8226,12381
15405,23387,839,12,7104,4034
25722,2947,709,6,2137,-3596
6976,25660,739,15,-4435,15837
5335,5140,744,12,5335,5140
14322,-11688,731,9,-9789,4304
26614,6339,747,2,2136,19928
21548,2799,703,9,12115,-414
28009,12339,722,2,-4370,-6155
27245,4806,711,3,-6146,5699
7053,21787,720,13,3743,16617
22272,-4410,743,8,-4304,16735
13481,148,735,5,6348,3089
5238,20605,740,12,5238,20605
8497,25669,824,5,6446,-11224
9991,22862,724,15,6645,19406
20287,23459,846,15,-4833,3607
12694,18777,849,1,13642,19884
10687,26214,842,9,-4448,-6428
21350,-788,736,8,-1712,12785
1309,-459,710,12,-1951,3548
14623,21904,836,12,12861,5072
28957,4962,716,4,-1612,-12445
21321,20504,847,6,20698,20266
5858,19977,837,10,2221,7622
27658,10926,728,0,-4527,13460
26149,-2659,748,4,-9071,9475
28264,8542,737,2,-4718,15455
15994,23539,838,7,4345,13801
23332,-265,826,2,3499,2789
25415,4853,719,1,-1832,12898
904,22926,716,13,-6023,11615
16943,24793,845,12,-6379,7272
12115,19928,739,10,14379,22295
14292,22657,832,12,11016,3713
22356,20469,838,7,21538,20157
-5173,20591,717,15,-4699,-6240
12031,15370,737,0,15344,22630
18009,24925,832,13,7166,-14562
4677,15459,825,3,4677,15459
28728,6428,726,3,-8795,940
14463,23307,824,5,5405,13724
-3904,22540,732,13,-10889,509
4242,25315,746,13,-7565,10890
9581,-5908,824,2,900,18909
29251,6485,732,3,-10889,509
28130,5252,746,2,820,22639
13850,4257,829,3,13850,4257
21158,20583,831,4,20851,20444
27773,9476,746,2,-2721,12244
12178,169,735,11,6348,3089
-2550,5613,748,7,-2480,13184
11715,25597,835,5,-1874,-4540
5494,6410,840,3,5494,6410
-1930,-9466,748,5,-9996,8393
9655,16570,738,10,11994,21446
1192,20398,728,15,-974,4258
3662,9692,826,3,3662,9692
6358,21379,826,10,912,11210
11175,24877,829,9,-1809,3023
16703,-2731,724,4,225,17936
9235,19045,733,6,12926,22902
6217,6142,846,3,6217,6142
11146,4274,716,10,5067,17626
14778,25684,825,14,3520,-11141
15059,25318,829,12,-4350,-840
17163,23964,838,12,1773,14196
19734,23589,830,13,2467,19164
27605,1436,719,10,-6109,-3910
22506,19858,843,4,22336,19755
26814,4554,734,3,-3018,5654
-7920,8797,845,3,-7920,8797
23242,1747,726,10,-109,5717
3284,25755,737,15,-9995,5481
15917,-6213,738,4,-2189,18412
15064,23399,830,7,4936,11861
19446,23919,841,13,-2714,-4064
16508,1928,839,0,7636,17002
1199,15226,744,5,4122,20163
2079,23236,838,10,-6955,3650
7307,20694,844,10,2519,9732
4120,-1675,728,9,-2116,14132
13570,-13048,709,14,13570,-13048
12883,22437,703,14,12883,22437
20674,22016,836,15,12679,18065
16273,21690,824,10,14222,20446
26659,2877,722,3,-5314,12751
27418,12972,705,2,4290,-10932
10649,-9419,745,6,-2960,19623
11992,21376,725,11,13130,22333
9400,18178,824,8,8064,15029
3073,24125,838,6,-7738,2665
21949,2133,748,6,3848,5255
11399,22349,829,11,9930,2012
24562,-7271,710,9,-1448,-13186
24627,-5556,704,9,2550,-12792
24889,-2258,727,6,-7601,6122
26502,-2688,731,10,-10523,8142
19021,23702,828,14,8772,22851
18488,-3848,705,5,4062,-3910
6840,19063,832,4,3830,11814
6239,26107,738,15,-7090,14809
20042,23490,827,15,1851,19868
-11475,14193,713,13,375,-13677
20141,22787,849,15,5960,7071
12563,19673,734,3,15244,22514
25427,7436,722,8,7320,881
20591,22397,838,15,9705,17559
15851,22283,737,7,16151,22462
9196,2635,826,8,15278,-61
27590,3120,833,0,4051,-1674
16793,22505,742,14,16585,22410
28808,5236,717,10,5850,-13463
15942,24008,842,7,2416,12999
19221,-11421,713,7,-159,-12399
-1141,18866,710,13,-2546,4707
18576,24394,828,15,2852,-8061
3346,-6260,739,9,-5726,9398
-239,-5843,728,5,-6566,13388
-2668,16813,707,15,1462,-1566
28697,9719,716,1,-2000,-11524
1361,20877,726,13,-2698,8413
20392,4759,712,1,4486,16766
-4491,17715,731,12,-2055,21011
18992,24299,833,15,-423,-10487
20888,22897,847,13,4061,20393
21811,1995,707,8,-798,10283
19986,23011,833,15,6106,16378
6266,7941,824,10,15251,894
13732,25486,839,11,-4572,2090
16647,-13232,727,9,-12185,1366
2945,613,748,6,3570,21508
16035,-10838,824,1,6446,-11224
16099,20557,834,10,14301,18735
-360,-6605,736,5,-7455,7738
13729,23499,726,13,12010,22703
28969,6578,715,8,-130,-12887
19428,23089,845,14,8418,20034
29057,6749,729,3,-10083,30
28731,6211,708,4,5348,-13786
25211,8829,707,8,11750,243
2099,25696,745,13,-11143,5808
5075,22478,743,14,3542,20988
6319,26106,828,9,8325,-14534
5840,20907,837,8,2041,16581
12579,26276,828,7,-5184,-5591
5054,2678,710,5,515,12108
26099,5886,736,3,1115,4580
7222,1836,734,12,7222,1836
8889,23595,840,10,610,16440
26906,12804,722,0,381,1228
16078,-4417,833,0,3356,20017
8475,810,715,14,8475,810
-657,6336,729,11,-186,16833
1944,-7652,713,5,-7737,10166
-5567,-4927,846,1,-9589,7670
11195,-15024,724,11,-11257,-1650
20344,20610,837,8,19993,20442
17963,1723,708,8,1620,14647
21131,-6920,742,4,-5765,17127
-12394,13911,703,15,5677,-15456
5294,21018,707,15,2406,13114
16500,2427,720,8,3743,16617
14457,-734,731,4,2444,18583
4403,11372,734,6,7761,21593
19664,-9332,713,5,-2726,-8510
28582,7371,718,3,-5587,-4701
12034,14777,729,0,14979,22660
16911,24683,848,12,-4568,5941
-5246,20084,710,13,-8059,-892
27736,13067,720,0,-6280,-5463
26419,6235,708,1,-3425,7502
2194,18757,836,4,-1170,6039
28162,-431,729,6,-10589,-1725
4373,25923,745,15,-9454,7005
9553,-12521,826,1,-1692,-8659
19351,24171,837,13,-7687,752
26789,6665,704,8,4755,-5331
3878,22236,738,15,-110,4762
18526,23810,837,14,4472,19222
11924,21501,709,11,12856,22344
6042,17890,835,6,6017,4777
10884,17728,710,1,13681,22526
16580,24034,849,9,5239,20066
20604,20112,849,1,20798,20225
-12014,4757,744,14,-8392,-4892
10874,12700,711,2,12778,22540
11584,24331,835,6,3953,20524
17321,21505,838,4,15928,20886
5428,10681,845,4,10253,1850
-1554,18768,703,13,-3053,4734
9026,1531,831,1,5506,5089
-6004,12451,748,7,-2694,18871
3129,22356,728,15,-2569,9515
1383,17518,745,11,4070,21296
24508,140,737,3,-2409,15884
22601,20413,846,12,21369,20104
10763,25931,826,5,-2414,-5986
10908,25812,839,9,-3817,-4693
12832,17281,839,2,16063,20910
19664,22921,847,13,6111,6455
23376,1793,730,1,1861,19478
18726,-10723,711,7,411,-11351
11958,-11874,720,7,-6026,-3986
-994,8403,728,5,1316,19010
-9670,3369,742,12,-9670,3369
7395,9882,838,8,10105,4790
14386,20556,741,3,16492,22424
15652,22169,746,9,16370,22535
14469,22127,724,11,15179,22576
26885,7259,712,1,-3179,4147
28717,2086,722,10,-6575,-8074
17320,18778,719,12,17245,18939
16097,25246,845,12,-5186,-4417
15706,23538,837,11,5246,14536
26119,5010,824,2,15762,-340
19941,23534,845,13,-2801,7818
25781,6801,732,2,2962,19922
19452,23185,833,13,3902,12173
10746,17752,735,6,12788,21542
8651,13950,735,1,12626,22645
24468,7620,737,0,5223,18911
18619,-5380,730,10,-3374,16723
12817,334,835,3,12817,334
9382,21088,825,11,14627,466
21792,-1346,707,4,-4751,11574
12845,20395,746,6,15010,22335
1076,-11587,740,11,-9437,1634
28555,9070,704,4,19426,-11176
16735,23939,848,12,684,4978
26672,-4293,846,2,-7581,496
10135,-12771,722,11,-9013,-10
21570,20073,840,14,20243,18707
9464,17970,717,6,12174,22161
8443,18607,706,11,9573,20736
12112,14398,744,2,14890,22340
-2290,-839,732,7,-4915,13333
-2470,12203,824,4,2793,-3873
27764,9543,745,2,-2830,11774
7743,4320,833,8,13451,373
12894,23447,719,13,11042,22450
19949,-8886,713,5,-1939,-8802
18845,23260,842,14,6458,17987
-6320,13997,729,14,-6320,13997
25995,8515,712,3,5302,633
-4422,4470,846,3,-4422,4470
315,21855,729,15,-4407,4092
-6012,20886,726,13,-9041,-4566
14719,5364,824,0,10064,17383
18628,22485,828,7,13475,20473
-640,24609,733,15,-11294,2723
27485,3085,727,3,-6765,12764
27851,6496,718,3,-5255,530
21051,-5268,703,9,824,-6686
26102,3863,707,10,3141,-4363
28657,1620,735,10,-1542,-10663
25796,14,739,1,-2271,19666
25691,-873,840,0,-2611,9818
11314,19514,731,6,13854,22416
-1225,-4685,726,5,-6031,14149
12838,-7632,725,5,-3543,1864
26512,-3516,714,5,11900,-14098
12533,25698,748,15,6064,24444
24962,3945,711,10,3560,-940
18008,23591,845,14,2409,11028
25794,14331,703,0,13377,-1007
25965,14040,709,0,11461,-806
12935,-14130,732,5,-11529,1156
812,16114,721,13,2992,3703
9305,16926,743,3,13665,22801
28260,11606,727,2,-9156,626
22619,19853,844,10,22385,19737
-10041,16139,710,15,2703,-13555
-2482,23831,734,13,-7944,-5800
20537,22389,840,13,9959,17860
11640,20681,826,6,8270,15417
5219,-13144,732,7,-10547,2898
25836,2419,828,0,3130,3654
27610,2876,741,3,-6652,9879
17239,22844,744,13,16209,22434
14427,25435,836,7,-5899,4799
12867,25364,831,5,-4583,4395
7707,25750,742,15,-3545,17268
7943,-619,739,10,2843,19276
6620,2726,735,10,4140,19622
28344,6552,708,3,-7240,-2537
3761,25309,727,15,-6846,15101
9789,11482,712,5,8346,15328
9518,19489,714,11,10716,21243
-1493,-10324,742,11,-10010,4126
27568,12969,703,2,3432,-12450
19286,24228,837,15,120,-11723
-1051,16154,735,14,-1826,12310
11917,21551,723,5,13180,22557
8700,22932,827,10,2205,16300
-8333,18514,714,15,-1078,-11901
29176,5453,748,1,-9645,9422
26813,3040,711,6,1801,-5951
-6896,7702,738,12,-6896,7702
262,16914,729,14,262,16914
27405,13594,710,0,423,-10312
17839,-2931,832,2,1153,11709
18425,17307,703,2,16568,18930
18155,22642,839,11,11732,19778
14688,25816,839,7,-8698,4297
23935,1925,824,2,8063,1527
8729,20742,713,7,10173,22194
27648,2117,724,4,-8079,295
16755,-1452,739,8,1272,17450
9718,24991,831,9,599,-4056
1986,-119,715,11,-2596,11515
5260,5734,828,1,3678,10406
27028,-1827,744,4,-10085,5959
28746,8837,723,1,-7160,-4795
8873,-1308,837,2,4472,19222
1243,7544,727,5,1649,17490
-4299,-9043,743,7,-10542,3887
11271,20132,824,8,9536,18051
6819,18834,829,8,4543,14397
21488,22023,848,15,13106,20448
27426,13956,711,0,2417,-14428
12646,-8888,740,4,-1326,21128
-449,22400,720,15,-6301,4104
21402,21652,824,15,17791,20775
10570,24977,832,9,-671,-476
23694,1931,843,0,4866,9290
19519,1125,746,1,4468,19851
7601,6446,745,3,9769,22535
25864,2905,719,4,-2649,1868
24172,5535,742,8,5740,4597
12207,21756,841,10,7958,17397
21653,18574,833,7,21617,17516
27954,2653,722,4,-7534,-1787
14991,23717,846,5,2626,10556
28642,3095,726,8,-10745,1293
-2482,22868,725,15,-8560,-1153
26591,7384,708,1,-2215,3602
-7250,2778,825,8,3520,-11141
12360,23365,826,5,4596,5794
27075,12391,722,0,-1870,4160
9919,-7966,708,9,-6364,6376
21131,21131,843,11,19127,20502
-8885,11339,738,14,-8536,3769
21214,20616,825,13,19331,18619
21173,246,734,6,1021,5267
15597,8430,717,8,8676,16039
16193,23272,838,14,8239,4064
1783,16480,728,15,5568,2668
19309,23766,827,13,-1432,13169
12648,22253,722,12,13048,22553
21995,20673,831,7,21100,20341
1408,6222,721,11,656,15409
27556,2450,723,4,-7094,-319
10944,-916,748,4,3405,19767
17611,24719,849,12,-7189,11990
13282,23292,833,7,6311,4147
6472,13725,844,10,10721,3173
19408,23793,839,13,-2476,848
7038,24048,735,13,-147,16459
-8713,-875,721,14,-8713,-875
9946,23490,841,10,3020,17956
718,-7568,708,7,-8066,6519
27202,787,730,4,-9038,5500
-4342,-6509,723,12,-9271,874
5102,20941,725,15,1985,11136
9097,19188,711,11,10291,21066
15393,24882,824,7,-332,16739
2971,13547,727,11,4845,19348
13753,22990,845,6,8418,20034
11131,21506,712,12,11549,21938
-1880,22211,709,13,-8461,7254
12761,-12867,830,1,1428,-11253
28303,9674,703,3,7921,-12719
9883,21337,709,7,11132,22397
26460,856,704,8,-8765,5742
-7365,-6698,724,14,-7365,-6698
-507,16786,833,3,-507,16786
-1644,11254,733,5,2279,21043
22373,20976,833,15,19832,20626
-115,-7405,712,11,-8332,9499
17211,-7786,710,5,-1780,-4764
12214,383,747,9,3941,6444
27587,1263,837,0,-2506,1952
10278,-13756,707,12,1642,-13043
5288,17035,832,4,4120,8027
4712,-6890,719,7,-5587,4915
3510,11967,734,9,4668,18246
-9594,12297,743,14,-9806,4248
10875,21672,831,9,8803,4134
14438,23626,833,7,4077,8409
23136,-7369,709,9,-1961,-10612
27439,966,721,10,-7034,-2266
17051,24313,838,11,4879,21191
18000,24445,847,14,-5330,7978
-780,20562,837,6,-599,-6538
14976,20516,836,10,12679,18065
9633,16377,729,12,9690,17466
-10324,15349,716,13,-1061,-12373
17411,23446,842,11,7770,19560
13842,23052,719,13,12434,22197
26437,5112,716,3,-3713,6566
10573,25472,830,5,1264,-6056
4085,12164,730,5,5275,18720
27872,8540,733,2,-2522,17959
12077,24212,837,5,2874,-37
12307,22260,842,10,7666,18358
3996,-8107,716,11,-7232,6536
5816,7786,830,1,4936,11861
20786,-5165,743,8,-2932,18221
20174,-24,842,2,4864,8949
26076,2352,714,4,-3988,1321
20268,1496,709,5,11247,-499
9783,21145,839,9,11779,837
21045,22962,844,15,5758,22372
26674,5817,710,8,1674,-3195
-2372,18025,709,13,-2503,2419
26312,13052,715,0,4418,1573
28973,4879,740,3,-9162,2527
19760,23479,838,15,228,8529
26324,-92,728,3,-4207,18967
8463,21151,826,4,4489,16285
19721,-11169,721,5,-5708,-9037
18236,23326,842,12,6458,17987
-379,17652,729,12,1116,20189
25968,-4811,703,9,4866,-14950
7845,-621,742,9,530,8770
21998,20767,840,12,20548,20290
21941,17756,843,4,21978,17454
28706,10162,713,1,2086,-13927
28371,11987,728,2,-9666,-3415
17222,23635,846,12,2626,10556
11497,21111,827,6,7782,15816
22144,21052,826,15,19930,20541
8087,10394,746,10,9043,20304
11877,24209,836,5,3146,-454
26912,-461,725,6,-8074,140
28636,11378,736,2,-8591,-3711
2758,-10652,717,12,-4699,-6240
7067,737,740,10,3536,19776
27088,9408,729,2,-2169,13585
21133,20561,840,6,20548,20290
17240,21716,835,9,12564,17956
25360,-4104,705,9,5744,-13086
29294,6721,742,1,-10455,2075
5785,15630,730,11,7391,19771
25933,14028,709,0,11247,-499
26564,9422,710,1,3951,-1289
23379,901,740,3,-758,15649
13886,-117,725,7,5724,2912
447,-11693,723,14,447,-11693
15929,19452,740,9,16104,20166
17393,24167,826,14,2004,15969
6394,-4480,830,2,2836,20693
12153,22953,705,13,10552,21699
-3975,12240,842,3,-3975,12240
10344,11866,732,3,11677,21602
3877,25291,740,15,-7645,6396
26808,11410,723,2,268,4289
27482,13819,712,0,2065,-13837
8413,834,747,7,4043,4931
11673,26345,849,9,-6864,-4979
-4757,21251,721,13,-9351,-1089
20573,22874,838,15,6712,19285
-1370,17997,716,13,-1448,2804
4988,22279,741,15,557,6775
6174,24266,844,6,-5386,9392
1203,3315,731,9,247,17509
12799,22515,720,14,12799,22515
15577,23557,834,9,6128,17904
11218,21735,832,7,13394,1462
12771,24123,849,4,8137,22821
-12553,3569,729,14,-12553,3569
11845,20845,829,7,13850,4257
12681,-9177,703,9,-7109,2842
27439,1024,719,6,-5485,-4756
-2400,10652,735,5,54,18358
13439,-12800,829,1,2232,-11680
25073,-3798,840,2,-4782,2821
24823,9664,714,3,9660,3967
2501,24590,731,15,-7727,10695
26693,11710,741,0,2619,7747
14315,10364,826,0,13496,18265
-5097,9186,734,12,-5097,9186
-6367,5661,843,3,-6367,5661
20222,19995,825,5,19331,18619
28262,11771,741,0,-8370,6215
24253,5042,737,4,6398,2495
18034,8283,709,3,8195,14896
17930,23400,827,13,9485,3236
22659,-9468,708,7,5487,-15089
29315,4267,745,3,-11143,5808
4777,25758,745,15,-8492,8244
20922,-1052,710,10,-2843,8976
10597,16259,742,7,10748,17725
12773,-11543,732,9,-9658,6217
19624,23801,843,13,-3615,-2705
-4953,-10289,741,11,-11925,6270
28677,6967,722,3,-7365,-2412
-6014,21255,721,15,-5843,-8893
17684,18478,724,5,17461,18939
28047,-265,748,8,-10606,7716
2486,4134,745,7,544,10020
28154,6276,744,2,-847,21013
6652,13774,830,6,11347,3412
21382,21818,847,13,13372,19751
27387,2245,708,10,-2612,-6467
23908,-1776,709,6,-5957,4307
28930,6004,724,4,2121,-12516
5045,-7648,708,7,-5821,3617
-794,13843,748,5,2389,20139
-2893,22387,722,15,-7534,-1787
23860,1546,742,8,-1172,8475
9672,3045,826,3,9672,3045
12967,25922,842,5,-6273,-3028
20389,22491,835,15,9298,17083
19703,22274,840,14,12372,19244
17875,24300,846,14,-2783,8475
20826,21039,827,9,19591,20495
13758,23102,838,5,4937,7557
15644,18444,737,6,15869,20154
3209,22953,733,15,-3610,9591
-7741,11934,829,8,-5453,-5134
26804,4082,715,3,-5684,8972
17212,-7388,736,4,-3571,18165
25950,4855,727,1,-2254,13675
26806,2671,724,8,-6444,4961
3207,19311,725,14,3207,19311
18267,-5378,703,11,4261,-5715
14523,711,705,6,1282,13680
18272,18607,743,11,18184,18886
548,13731,843,1,2614,18529
-6654,10268,837,8,-2663,-6125
15560,25122,838,12,-3143,-2516
20114,22871,835,15,7034,16144
-3178,-9845,727,14,-3178,-9845
5314,18840,841,4,2212,9372
8644,17191,733,8,12926,22902
22769,6159,732,4,6710,7395
12499,-10340,747,6,-3842,19432
5197,-13133,746,9,-10572,6777
-6871,19607,722,13,-7291,-6175
24528,1815,718,10,-1030,1985
15042,2882,722,11,8175,5280
-3854,5525,725,14,-3854,5525
19935,17068,745,0,18232,18893
14146,-11641,717,5,-7983,-1918
28244,12957,744,0,-7253,-5757
11312,14992,740,3,13348,21559
7220,-3907,703,11,-2427,5177
21376,22022,849,13,13258,20502
19371,23879,834,13,-4804,6653
28735,4537,710,10,3286,-13600
20552,-8714,714,5,-1410,-9382
29035,4698,736,8,-2318,-9918
14323,-11273,704,11,-5117,-5566
22920,491,728,8,-2317,13126
11499,-11952,727,9,-9821,6798
28062,10559,747,0,-4308,14220
-691,18030,739,14,-2046,14456
20744,20382,846,3,20744,20382
26681,147,741,8,-7622,7162
29005,4183,706,10,2600,-14822
28299,7397,721,1,-7752,3116
13709,25953,838,11,-7942,1746
-495,15505,725,14,-495,15505
-823,14730,723,14,-823,14730
8003,20253,824,5,15806,-93
26430,4334,718,8,-2397,1304
15838,24346,837,11,2041,16581
14646,25044,830,12,77,-1647
17993,23749,842,14,2416,12999
28762,6843,711,8,2519,-13038
19228,22559,841,12,12030,19962
20515,-5597,708,5,3507,-7017
14079,-1258,736,8,2562,18819
27924,7455,722,1,-6188,3475
14560,25469,844,5,-6951,8712
16337,23796,829,14,4317,6901
16288,23051,733,13,15391,22684
15118,24233,835,7,1213,11269
27729,404,704,9,16722,-12078
-502,4611,830,1,-1437,11684
21549,21857,843,13,15433,21046
-4785,709,734,5,-5494,13879
14607,18904,837,3,14607,18904
-4646,20690,718,15,-4909,-5484
10268,21049,716,9,12046,22618
27579,12159,711,0,-8221,3089
13688,3002,734,5,8428,5836
18301,-12455,713,11,-4863,-10320
7582,-7661,717,9,-6047,9736
16841,22391,745,12,16841,22391
28205,7698,733,2,-2230,20320
8888,7487,733,10,7795,20021
1549,-10068,741,5,-8966,5078
23019,6304,739,8,7671,6789
21248,20478,842,6,20680,20219
27489,13525,704,2,9986,-14872
28560,2458,734,8,-7929,-3441
11847,18287,746,3,15010,22335
28183,11994,719,2,-7953,-5246
25871,1842,739,8,-3307,4232
-7388,-3029,734,12,-7388,-3029
3027,-2560,703,12,-1005,899
4893,17238,720,5,7402,21316
18937,24087,835,13,-1190,-1417
5944,17458,724,12,6527,18959
11057,22327,836,9,7626,3199
-12957,5458,704,13,9784,-14740
21728,20333,844,6,21227,20132
13612,21994,725,5,14571,22648
13039,25110,827,7,-1355,1830
28317,11491,728,2,-9498,3145
2477,8088,745,14,4497,4676
4088,7817,741,11,3119,13183
19244,22427,842,12,11497,19328
11027,3724,738,7,7816,6590
20787,22163,824,15,14222,20446
28152,3429,718,4,-5819,-4931
1156,20838,743,14,-785,18132
12314,20980,736,7,12946,21573
7068,-12540,826,1,-4016,-7132
24293,5954,734,1,2791,11031
25440,3396,706,6,3559,-3564
-614,-4598,727,5,-6008,14035
10356,21604,705,12,10820,22063
23973,-4301,740,8,-6470,16019
10664,-10679,831,1,608,-7468
24771,-4194,740,6,-8443,4062
4294,20329,721,15,1939,9727
20301,-3960,738,4,-3786,14012
1967,15574,729,13,4837,3991
10988,20935,846,8,8522,18616
19305,8698,705,1,8023,14299
-4713,-6428,716,14,-4713,-6428
12269,21900,721,12,12704,22251
2558,24008,717,15,-5875,12238
17291,20744,844,6,15314,19180
11831,25082,832,5,-671,-476
15646,23487,839,9,5891,17231
25788,11750,736,2,8139,6192
5304,-4589,834,1,-866,1431
17354,21707,845,4,15677,21085
25864,2288,706,1,-4782,16067
9336,1237,828,3,9336,1237
11428,17107,743,1,14704,22333
8438,22342,716,15,5067,17626
9350,20284,831,4,6232,15522
26875,625,734,3,-6611,14135
27308,2257,716,4,-6502,-845
18853,21356,844,9,15314,19180
28894,975,725,6,-8459,-7784
-2190,-2104,716,7,-6023,11615
4057,23000,825,10,-4391,9238
9804,17558,747,3,14167,22850
15008,25736,830,12,-6232,-3948
12435,24597,843,10,5452,22202
28083,9476,718,2,-7307,13660
14862,1463,845,0,8349,18437
750,22175,747,14,-1651,19637
25320,10063,709,0,1492,13551
4093,25808,742,15,-9029,6889
23660,-4913,707,9,2662,-10361
24301,-595,719,1,-867,21012
2533,17572,746,11,5012,20897
28349,9533,713,1,-1559,-8711
873,-7973,722,5,-8049,11760
10098,-12064,725,11,-8573,519
13726,24206,829,10,9025,22943
14259,-12400,718,7,-5047,-7029
18509,23256,838,14,6941,17529
-157,-12804,746,9,-11336,10986
12289,20602,724,6,14478,22637
16885,24560,834,14,-2537,6102
18178,18659,741,7,18103,18887
-7795,18832,721,13,-5984,-8195
10171,17711,716,3,13375,22619
3923,16292,710,7,5634,20014
-5152,15622,730,12,-3039,19511
11084,20105,717,6,13495,22636
10143,18567,713,8,13027,22579
17841,23452,828,13,10149,1809
27332,6376,706,3,-3632,-131
14715,23141,714,15,13444,22429
25004,6503,835,0,12992,4940
22523,20426,842,7,21717,20147
4573,21911,719,13,380,14717
14426,-3077,747,8,2136,19928
26601,6415,731,3,-1313,5844
13574,25645,842,11,-4922,-1738
18432,23311,835,15,12817,334
11246,18829,726,3,14495,22724
2156,26098,746,13,-12175,5695
28474,1656,725,4,-11234,503
13518,23336,712,15,11776,22309
12431,25776,833,7,-617,-6357
-125,2152,726,7,-2409,13233
6721,-2879,843,1,1468,2590
-5483,2432,734,9,-3954,17635
2560,22995,746,14,336,21011
20509,23255,846,15,-1804,13282
8785,21747,747,7,10091,22647
14177,4488,728,3,7273,19926
8085,26390,825,9,-14,-11446
2293,5957,717,9,1639,17270
9266,24226,739,13,2843,19276
29037,9371,733,1,-7299,-6675
27600,4807,727,1,-6008,14035
20875,-9503,723,9,-7412,-5508
2618,16215,824,4,2272,5050
23988,-2719,717,10,-7376,8279
16968,22957,741,13,15905,22536
20198,2171,714,9,9750,886
10890,25645,838,9,-3235,-3101
23882,-7087,713,7,9507,-13826
26775,10773,716,0,-2491,12002
28875,4294,747,3,-8572,5139
28211,12068,726,2,-8907,-2838
28586,8503,710,3,-398,-10219
19138,23183,836,13,5040,6851
9718,21875,704,13,7879,19309
17707,-10537,710,7,-398,-10219
28450,11656,731,2,-10699,1286
15636,25196,836,12,-5083,28
20437,23384,848,13,-4467,13610
15262,21709,847,4,12962,20396
28038,-470,733,10,-11151,1345
15359,-5967,708,7,2630,-3987
3485,10994,731,9,5019,19360
1169,16015,708,13,3061,4983
29270,7049,740,1,-9701,-1014
9243,8762,827,4,14144,4021
1410,15665,841,4,1883,1687
16957,22498,842,9,10225,18148
17977,3077,711,5,10255,3553
21481,20533,831,6,21100,20341
2977,-1464,723,11,-2835,10619
-1985,-7164,741,11,-8370,6215
2754,22745,842,6,-4421,383
4419,24464,726,15,-4443,14871
-9195,-3300,736,14,-1821,-10608
-2895,15215,829,8,-4261,2914
13446,10444,739,4,10443,17502
13,20739,726,13,-3947,6139
4617,21935,748,14,3013,20210
28313,12141,733,0,-11202,7989
12753,26066,845,5,-6170,-3870
1812,-1013,715,11,-3210,11154
28199,395,736,6,-2619,-9492
18921,24315,836,13,-2791,-8709
14702,22244,829,14,13850,4257
6591,-7759,742,6,-1231,20668
-6662,4176,849,3,-6662,4176
14137,21103,740,10,15856,22458
1820,14522,744,5,4119,19635
10627,26455,833,11,3734,-13478
23970,1492,737,8,-1518,7684
-4512,15611,830,10,3886,-9736
28285,6925,706,8,4068,-11574
21454,-3858,730,6,-5265,12158
14084,23521,729,13,12402,22799
1583,22926,842,6,-5261,-2338
9948,22903,741,14,9050,22281
4026,2048,713,5,-337,12518
-5003,-6223,744,5,-9235,11398
17293,19369,845,6,16110,17339
8734,-12437,827,1,-2449,-7976
12298,24625,838,10,5465,22366
29118,10084,746,2,-11336,10986
27909,11957,703,1,17377,-11761
2166,-8509,828,3,2166,-8509
28882,9748,728,1,-3963,-9618
8289,-9913,704,5,-7750,3412
3275,-11361,706,14,3275,-11361
16317,24016,843,5,3699,17867
29026,7414,736,1,-8305,-1980
3642,22665,730,15,-2531,10500
26688,3725,713,8,-4334,785
3980,20224,738,14,2760,18244
28502,728,718,6,-8071,-7508
28197,3829,705,6,3893,-12087
12499,439,836,2,5411,16420
-2983,1846,840,1,-4344,10916
27437,13857,711,0,2742,-13757
22725,258,709,8,-3155,11840
22559,19559,849,1,22648,19609
12377,6583,843,0,11659,19441
4487,-14184,737,11,-9301,-2633
27467,13195,705,2,6222,-12525
24684,-3421,842,2,-3196,2897
28525,501,738,8,-11918,3184
9680,17503,703,8,12114,22211
12680,26062,829,7,-4505,-4933
7520,23451,732,13,2638,18849
-1995,20971,837,4,-8447,2025
28200,1777,722,10,-6595,-5625
5710,23213,729,13,262,16914
-2031,20598,741,12,-2031,20598
7408,-6261,729,4,2406,23260
7063,23176,722,13,2589,18586
-3178,22756,720,15,-8985,-2020
18242,24096,832,14,3051,19750
9349,15838,734,10,11437,21196
-7759,151,748,7,-8253,11672
17685,22205,839,9,12226,19145
21870,17884,841,10,21911,17481
18221,23115,849,14,5085,11242
6541,1617,711,9,554,12481
3585,6119,736,14,6123,3315
17090,-4602,705,11,4062,-3910
20315,-9633,717,5,-3132,-9310
17439,22623,837,5,10646,18805
6601,-10562,705,12,-640,-8135
28258,11566,729,2,-9110,2311
7719,-2884,715,12,3293,-728
10598,6138,731,4,7582,19808
27946,2032,832,0,-965,-1206
-536,3675,734,11,-1933,11841
-1741,-5052,734,7,-6725,4621
4359,19072,831,4,1029,9437
9681,15037,718,3,12320,22140
26196,6942,709,8,5760,-2668
22179,3521,715,4,2201,7523
844,21888,828,6,-3989,-1616
-8883,6826,740,7,-6470,16019
27226,-657,726,6,-8871,-270
29019,9740,748,2,-9276,12814
24396,4783,711,10,5625,339
-5574,18425,713,13,-5312,-3121
27359,8623,737,2,-2408,13479
25955,1390,730,3,-3374,16723
6385,23968,722,15,-315,17299
28499,10352,710,1,3747,-14018
10363,21974,841,8,7389,19896
-5125,-870,719,7,-6561,13980
27330,259,725,10,-8503,75
11678,784,736,7,7096,3145
16703,20719,838,6,14717,18945
22753,5770,748,2,7230,20097
27326,-1272,735,10,-7891,-2947
15063,8703,716,2,10993,21328
11390,-663,729,5,1875,6788
28706,2180,739,8,-9453,-1394
-1088,15075,744,5,2501,20810
13864,907,712,6,1811,14546
9326,8319,825,4,14472,3802
13302,24965,834,5,-2537,6102
16773,24546,834,7,2568,20181
15053,19756,832,8,14093,18642
15691,-13980,715,7,-5917,-9873
19132,3170,723,3,4164,17319
8526,19635,830,8,6290,16294
9248,16747,829,1,10248,18693
18386,24585,827,15,4598,-12787
10596,26170,839,9,-4902,-6510
20743,22988,845,13,3447,19923
11338,11367,834,2,12373,19054
19529,-11817,708,7,-224,-13390
14343,24738,826,9,1328,17879
22233,-556,712,6,-2809,5824
4128,16883,847,2,13081,23704
29207,7739,734,1,-7767,-4826
-3702,-8707,824,8,14022,-14411
3879,-12681,729,11,-10707,6413
18083,24617,827,13,3251,-9272
13306,25936,841,7,-2665,-7558
9835,5918,739,1,9744,22170
27346,11764,709,2,-2868,-1809
18316,-2424,844,0,3954,18173
12432,11102,738,6,10325,17393
16131,-12853,745,9,-7853,-4722
26343,892,826,2,6688,-4122
23019,20214,848,14,22103,19903
12837,-1893,725,10,1286,18127
3614,23424,845,6,-5464,2286
28334,6901,725,1,-8138,6239
19701,3632,738,2,8490,22009
14433,-4396,743,10,-1152,16203
5964,12942,741,4,10093,22287
-4845,-5030,729,11,-7832,14682
8025,23115,846,6,-862,11685
77,22827,719,13,-7216,9675
11909,-6230,727,9,-4049,6796
-4137,15382,711,13,161,-2452
11231,21413,838,5,12011,2190
-10296,2453,742,12,-10296,2453
27780,12563,712,2,-1178,-9351
-2988,14402,716,14,-2988,14402
11284,-626,746,8,4599,20456
17846,23959,841,12,3020,17956
20007,23667,839,15,-5963,7202
10568,23637,718,15,7051,21094
14297,26135,830,14,9007,-14759
15513,23316,840,14,11520,990
22974,-6406,745,6,-8834,9516
27819,1762,711,10,-4854,-6765
-9731,8956,741,12,-9731,8956
27929,-1847,748,6,-9527,-3337
11320,19542,723,8,14171,22687
-8542,4445,834,8,1692,-11525
15424,-12258,715,12,7667,-13739
16251,22169,743,5,16681,22405
16108,23519,838,9,6907,18792
5514,-9057,712,11,-7258,4564
19462,-5570,845,2,-1999,12742
20402,21953,830,13,13885,18518
20255,21973,848,7,16029,21138
14148,523,730,4,3213,18256
20427,-9925,718,5,-3617,-9488
9052,-14134,714,12,-89,-12659
4777,10587,714,5,4766,17211
1678,-12559,745,5,-10829,4269
-1374,-5185,834,3,-1374,-5185
27861,7761,740,2,-2160,17051
22088,21240,840,13,18887,20542
11614,18407,727,1,14785,22648
16519,25134,833,14,-5806,-661
15157,25108,827,14,2742,-5948
27510,-287,740,4,-9346,1625
7814,21149,843,6,2510,9301
6762,-8763,742,6,-1657,20924
4984,19410,706,14,4984,19410
15217,-8245,720,9,-5788,1988
24065,-2362,707,10,-7637,5840
-12004,14691,704,15,4673,-15294
17266,-6363,710,9,-2630,-1185
28266,9341,713,1,-1889,-7581
-9192,6774,838,8,-738,-11159
1362,20775,824,4,-4436,8538
5548,-14269,736,11,-8591,-3711
28684,4718,718,6,5859,-13071
2400,-390,837,1,-1214,6621
6846,-5809,723,7,-3529,4274
8137,17669,710,10,11258,22439
28441,11546,744,0,-8924,7617
15122,-10071,743,6,-5383,17658
20519,22621,846,13,6780,16274
3765,24430,848,6,-8000,2314
-3501,22240,724,13,-10177,1692
28679,7805,712,3,-3940,-8107
28405,7008,716,1,-9533,4376
27878,7192,713,3,-3325,-2931
29051,1785,725,10,-8459,-7784
4055,-10131,842,1,-5261,-2338
15384,21623,828,4,13475,20473
-3433,14461,707,13,1462,-1566
5649,-6283,722,6,116,21815
19576,22917,841,15,7567,6665
25115,6351,707,4,6980,-668
21727,1603,849,2,6966,6999
15290,23436,830,5,5658,15563
6210,14901,843,6,10334,2671
-683,23259,708,15,-8447,6475
21737,475,748,1,2888,19851
-7439,10191,736,11,-3808,18689
12556,21832,718,5,13615,22649
6195,18493,731,9,9278,22254
26293,-1505,731,10,-9030,6351
29907,4467,828,0,7934,-12959
-9678,15268,718,15,5547,-13275
3516,-6166,724,11,-5837,8363
4087,13943,723,13,7996,5459
651,9924,727,7,1689,17301
1890,18547,828,3,1890,18547
24351,4431,849,0,8844,7049
12852,-2425,734,4,1542,18094
9999,20917,708,11,11241,22199
27067,2271,740,1,-3880,16922
-157,14071,747,5,2783,19994
15653,-2383,741,8,1272,18484
4176,-14722,710,14,4176,-14722
12461,21119,743,13,10841,17778
16401,24277,827,14,1053,7562
3372,24299,847,6,-7807,1403
29257,5247,709,10,7372,-15999
-421,-4806,731,9,-4593,16775
-5189,1250,730,7,-5192,15714
19758,23187,831,13,5577,17155
16373,24662,831,7,1658,19270
10983,22972,732,15,7700,19888
19271,-9464,708,7,2385,-10989
25722,-4292,722,9,3952,-12855
6200,22033,715,13,2651,16690
6763,-14316,717,12,-2539,-11689
29259,5487,722,8,-5897,-10219
28546,70,838,0,-7738,2665
28972,4760,724,8,-7970,-6023
3597,-13937,738,11,-9677,-1709
-5453,-5134,829,3,-5453,-5134
15232,-108,704,9,3868,3647
13772,19835,831,4,12111,17568
-10080,16258,711,15,2742,-13757
9841,25863,824,7,8059,-11238
-6917,6938,737,12,-6917,6938
1425,2207,717,7,-1594,12202
24511,-8224,710,11,6284,-15925
9266,12426,703,3,10330,21518
6736,23577,828,10,-1770,14394
20249,22594,832,13,10683,19051
10745,21921,845,10,5242,15927
8814,21209,742,11,10248,22344
14609,25572,825,14,4643,-9983
5473,20463,747,15,4788,5998
9317,20800,708,5,10992,22372
27277,12373,715,0,-4874,2133
27850,13266,723,0,-6986,-7430
9054,18780,711,5,10291,21066
8859,25255,829,9,1829,-6541
12331,-11759,718,7,-5587,-4701
18577,20759,833,3,18577,20759
18119,19773,744,15,18205,18898
10420,-10825,717,11,-6825,-76
12487,21850,706,7,13234,22459
7971,19620,713,9,10173,22194
9131,-13724,714,14,9131,-13724
21943,20362,841,6,21515,20220
8668,-2825,849,2,4375,20155
28532,1047,734,6,-559,-11357
14571,25362,841,11,-5548,7160
18217,318,824,2,4724,9920
27821,3954,747,1,-5488,13736
17362,22934,747,13,16279,22587
28097,865,735,4,-7884,-3066
12252,23903,827,11,4081,2544
28245,3258,717,10,-1175,-9398
28489,11721,732,2,-10889,509
14362,4374,829,0,9350,17718
-9488,12982,743,14,-10072,5050
13052,21735,734,9,14082,22490
22375,-6959,713,9,-1939,-8802
4387,12914,829,1,5248,16610
-4155,-357,841,3,-4155,-357
26747,11355,748,0,2444,10153
6016,19808,717,12,6863,20985
-5584,20183,716,15,-4064,-6926
14190,23162,831,12,9511,2417
26845,2185,729,1,-3398,19125
28657,3883,723,6,1834,-11988
27153,10086,727,0,-1292,16443
20037,22690,826,15,8884,17243
28803,6292,711,10,11302,-13711
19311,1509,722,6,1935,10080
20267,23607,845,15,-7314,-403
29321,6740,741,3,-6240,-6029
11155,18531,721,3,14158,22594
14928,25561,838,12,-426,-9481
-5466,8044,722,9,116,21815
7845,-8717,720,9,-7130,9460
23870,3241,846,2,10330,3567
12151,22684,839,10,7122,19005
27310,8193,720,1,-2126,1786
9801,21310,720,7,11194,22503
2943,-6958,843,1,-4322,1087
-5440,15602,741,14,-6652,9879
12346,20053,729,8,14979,22660
1742,24297,838,6,-8691,-589
16150,6321,716,0,10593,22327
20431,22588,840,13,9548,18147
-3772,6356,735,11,-2889,15005
20679,21403,833,11,18577,20759
17418,25109,825,13,9538,-13690
26171,13632,718,0,8437,518
8688,10151,849,1,8310,13489
13753,26021,834,7,-7703,-779
19455,24140,837,13,-8447,2025
28240,3373,704,6,2554,-12140
27586,515,733,4,-9883,6065
4468,17930,725,11,7037,21543
20646,-9999,723,9,-7883,-5284
12894,21339,748,13,11144,18185
7327,24215,742,13,-297,16379
20531,23097,839,15,4997,19707
-7732,15406,741,14,-9229,8673
-4058,2160,828,3,-4058,2160
28559,9917,746,2,-7112,10922
14426,8305,710,10,8248,15048
11696,-124,736,7,6680,2261
2122,-12433,743,5,-10542,3887
22468,20558,848,12,20854,20338
19522,23596,835,15,298,6984
-3097,18812,748,14,-5217,14288
14773,22510,740,14,14400,22274
20356,21509,828,11,18152,20767
5921,22915,713,15,920,16076
9645,21089,708,11,10992,22372
20071,22008,834,12,15456,20797
3512,-1143,715,5,-2596,11515
-460,23733,729,13,-9708,8566
4993,862,747,5,356,9397
2971,-12261,730,12,-5588,-7391
2181,-8939,842,1,-6112,-170
19681,23871,840,15,-3399,-1134
15571,24488,843,7,-1153,10058
18644,24020,836,14,3189,20709
23608,1817,737,1,262,17190
2080,-5535,828,1,-4058,2160
22065,-4251,739,8,-4163,16453
28932,6327,726,8,-2228,-10324
13689,23906,835,11,2820,5885
19072,24374,842,13,-1944,-10608
-140,2986,707,12,-2180,7049
2374,14949,740,9,5238,20605
25537,5372,736,3,809,6185
14230,12494,846,0,15505,19275
27232,12037,706,2,-865,-3453
28623,5390,712,4,1108,-11976
24577,1288,841,0,2516,8469
28644,4205,726,8,-8639,-2180
22461,20888,829,15,20894,20468
15021,123,843,1,10747,1479
22107,-829,707,10,-3397,6954
-1650,15025,738,7,792,19260
17698,8015,727,0,11005,21320
22152,-9115,715,5,-1080,-12098
10643,20198,730,6,13750,22883
8057,19752,825,4,5056,14088
12511,21932,723,12,12926,22264
10987,20916,719,12,11412,21449
28353,4738,714,4,-1410,-9382
13733,23221,716,13,12287,22421
26869,475,732,4,-8482,7166
15248,4397,730,3,7391,19771
8250,22271,715,15,4914,17420
9475,25057,830,9,999,-4237
22293,21094,844,13,19205,20490
3496,3768,830,3,3496,3768
28798,641,846,0,-6596,1067
15403,-10681,728,9,-8837,2739
27995,11725,723,2,-7094,-319
28814,5577,715,10,7667,-13739
29117,5046,734,8,-559,-11357
22711,20231,846,11,22005,19973
17060,23691,836,7,6291,18854
26355,-624,825,2,2320,-4203
-4364,-1509,712,12,-7258,4564
-9898,15582,704,15,2550,-12792
5330,26064,746,15,-8635,10288
27199,3266,734,3,-5795,7897
12331,16881,838,1,12913,18228
15378,3750,704,8,3994,15700
9596,11045,706,11,8065,14449
7993,10615,745,6,8880,20186
18784,22106,846,5,13224,19683
27695,13368,718,0,-4479,-9374
20170,-4159,724,10,-4219,14148
9276,14126,843,10,11922,6064
5535,17995,735,15,8281,6017
2126,19053,849,8,-1840,10549
28925,4627,707,6,7048,-15121
22451,21023,845,13,19573,20677
19579,20463,835,1,19977,20576
28621,2214,718,6,-3646,-10404
21959,16710,832,0,21603,17523
4857,18048,840,4,2535,8047
29412,6053,745,3,-8738,-2270
26557,10704,703,2,-1749,5052
4879,21191,838,3,4879,21191
3229,14563,730,11,5419,19947
7786,-13881,830,3,7786,-13881
20844,20695,826,4,20501,20544
17558,1761,834,0,6893,15913
11599,18899,738,8,14272,22273
18525,-3103,718,6,-2881,12648
2375,-3710,742,11,-3585,5626
-4799,11552,828,8,-2627,-2462
15424,4993,745,1,8880,20186
19650,21784,835,14,14402,18798
28606,-103,745,10,-7993,-6168
13623,25013,835,7,-1118,2024
17471,22049,830,7,11996,17470
27697,13182,704,2,3860,-14735
10837,14483,735,3,12788,21542
14497,22275,835,5,7946,10272
25471,7830,731,0,4491,20497
14238,12607,847,0,15601,19316
18448,22429,847,7,11509,18965
21158,20553,836,10,20670,20341
3446,5118,836,0,10717,23401
13458,22511,708,14,13458,22511
3622,-13421,721,12,-5325,-9098
8056,21372,743,7,9427,22393
12111,26318,826,7,-3652,-7421
18927,24017,834,13,-767,-2308
26164,9973,724,1,6638,1685
3532,19257,839,6,2350,822
-5975,11151,705,12,-5038,15582
12777,17308,842,1,13407,18564
10208,18424,723,10,12926,22264
10133,541,721,12,6773,1943
17105,21757,830,6,14953,20682
21661,20132,840,3,21661,20132
28254,2171,717,6,-3132,-9310
29386,3818,741,3,-11925,6270
8195,675,735,11,3180,5601
-100,-12530,735,11,-10782,1462
3484,-8185,827,3,3484,-8185
22725,7644,728,0,7273,19926
541,21101,744,5,4990,24116
6425,22029,844,8,1739,17913
28614,3427,712,6,1599,-12686
15295,-8530,704,7,213,-6226
21839,1654,848,2,7038,6730
4273,-10087,732,11,-8482,7166
11175,18069,713,1,14026,22550
21320,20298,842,8,21100,20187
14320,23183,830,14,13391,861
1787,-10338,720,12,-5516,-5346
18490,-6645,709,11,2939,-6696
27987,5326,711,3,-8221,3089
28222,-436,734,4,-11076,-1027
17900,23147,849,11,8963,19509
28011,12199,725,0,-9779,5087
2687,23500,848,4,-7418,11220
24238,-26,726,10,-3947,6139
21559,10375,733,0,10128,17856
-2558,17777,741,14,-4140,13476
3706,15194,723,12,4164,17319
15703,25644,827,14,-4630,-6370
8096,10163,743,6,8608,19950
23421,-5449,725,6,-8983,11873
10372,18147,725,4,13174,22342
16097,22319,748,11,16524,22527
-7424,11512,715,14,-7424,11512
26420,716,735,3,-5218,14418
16088,24357,836,12,259,7506
2519,9732,844,3,2519,9732
21775,20284,838,4,21538,20157
28768,6006,710,8,-1145,-11751
15636,22262,735,7,15936,22438
20034,22868,843,15,4866,9290
20556,-2263,715,4,-3172,13941
5685,2398,714,9,786,13565
4916,6753,831,1,3786,11466
9058,18358,722,4,12811,22755
9390,248,727,12,5865,2007
11762,25340,831,9,-4583,4395
3303,5231,734,12,3303,5231
27883,105,834,0,-5674,3172
29128,7543,724,3,-7560,-6603
-1153,8295,717,12,-1594,12202
14711,23242,845,11,5173,8065
24991,8424,704,4,12631,102
18404,19363,845,3,18404,19363
28437,6092,722,1,-9449,9495
-1455,18851,742,9,4399,23865
26105,7919,737,0,2801,19084
2753,7756,712,7,1811,14546
9235,20592,831,4,5799,15843
11279,21067,836,9,10387,4430
3526,-2170,719,11,-3057,9678
16263,1054,706,10,1298,12525
8436,-11740,731,5,-9455,5719
28583,-1006,837,2,-793,-9958
3575,25383,740,15,-8354,5392
18657,23731,826,15,4307,2150
499,24401,734,13,-9097,2545
15371,-4515,713,7,3756,-2629
17429,-1357,737,8,815,16796
1230,-13857,713,14,1230,-13857
14156,-3218,731,10,236,18039
26552,11627,706,0,-2092,6559
10292,19353,744,4,13810,22814
-3754,14208,712,14,-3754,14208
14692,8027,832,0,12221,17669
-3184,-11868,739,11,-12014,4183
5537,20679,826,10,983,9107
12814,-6949,720,4,-538,21301
24650,-6873,709,5,5147,-14902
21919,20638,838,5,20809,20284
20112,23737,842,15,-8405,5661
26107,-296,707,10,-7162,-111
15330,24821,834,12,-866,1431
5929,15367,847,6,9806,2258
-1298,19648,839,10,-1726,-5344
2590,-2058,705,11,-3593,9687
4182,-11647,723,7,-9543,3354
5078,25692,744,15,-7882,9429
25604,4944,849,0,9753,4185
11742,13756,709,0,13581,22517
28843,5922,703,10,10641,-14657
21210,22493,848,15,9048,20445
13260,1224,717,10,2496,16073
29077,8429,722,1,-10390,-3808
-4476,2066,844,3,-4476,2066
24885,4167,718,4,1326,1941
14501,1480,846,0,8396,19056
16004,23210,835,5,6765,16426
8257,13273,848,3,8257,13273
11667,24281,838,10,4879,21191
27971,7948,707,1,-5476,-1811
13959,24386,832,9,1014,14614
-7977,-6672,728,12,-12451,2430
-5801,-1506,847,1,-7867,10291
-987,143,833,3,-987,143
29017,6432,723,4,3896,-13847
27862,8617,710,3,2364,-6330
4805,18345,727,11,7412,21748
12426,18410,840,1,13206,19553
27886,-1106,736,10,-8317,-4238
11538,21510,710,5,12665,22525
28864,7655,714,4,11900,-14098
26851,8657,709,1,693,-684
28667,2629,719,10,-4524,-9569
25655,9193,721,3,7796,1964
13372,-6525,743,4,-626,20132
15399,798,705,10,1282,13680
19808,-9913,707,11,-25,-10977
-99,5797,731,5,247,17509
20021,20673,840,9,18052,19310
13529,23185,714,15,11792,22076
-2202,-3723,726,9,-4560,17585
19153,-3297,731,10,-2562,14751
14205,26049,849,7,-6864,-4979
3562,-13996,737,11,-9715,-1858
24320,2164,711,4,-2152,4102
24615,717,731,4,-4002,9183
-4836,18298,733,14,-4836,18298
14078,-7588,707,11,-1354,-2918
-6826,5397,735,12,-6826,5397
21923,-4538,723,6,-6788,11510
-5003,-7631,846,3,-5003,-7631
1049,11254,716,12,1003,14268
5898,23838,720,15,-843,16623
14577,21108,738,4,16243,22430
20958,-10116,718,5,-3646,-10404
-456,5864,747,7,-990,12497
20403,-8578,712,5,-1178,-9351
28807,6730,719,4,6532,-13283
-6724,-16,705,12,-8799,6549
9230,17724,715,6,11918,22110
13645,23643,828,7,4388,6531
8607,18931,709,13,8195,14896
-2215,23266,733,13,-10720,3659
27487,10844,746,0,-1105,12082
25359,748,721,4,-5772,6310
8591,-7095,720,9,-5484,8886
27713,12359,723,0,-7199,3054
8986,-10020,703,5,-7592,2604
-7855,-475,741,7,-8635,10907
11838,22071,834,6,6919,17171
9903,-7478,712,9,-5783,6999
10060,26313,834,5,1692,-11525
4156,20202,739,14,2944,18281
25290,-4093,832,2,-5280,1528
17019,23448,838,14,4937,7557
17281,23947,839,12,1923,14602
27390,7550,724,1,-3707,4899
9912,18960,836,6,7939,10505
17980,17610,709,3,16842,18930
25232,2954,706,4,-1614,823
12349,20267,718,4,14552,22549
13979,-7131,711,10,-3413,18249
4630,12411,713,11,5073,17567
27767,7075,746,2,-398,19082
4025,24615,712,13,-3121,18666
15680,22772,833,9,8535,16969
5294,12605,722,9,6349,19070
20605,69,840,2,4880,8265
21292,20657,825,15,19331,18619
1328,-12065,722,14,1328,-12065
835,15602,831,10,4747,-2451
27765,13301,708,2,7320,-15024
26883,1191,718,3,-6515,15456
13234,22711,846,7,10194,2211
24252,-1552,744,8,-4996,12539
20445,-1314,748,4,-884,12919
27279,11462,740,0,-1127,7458
-2952,13504,827,4,1149,-3963
17865,-10456,719,11,-2575,-8202
1764,25133,743,13,-9869,4403
10533,16842,733,3,14029,22487
-5577,5687,742,5,-3545,17268
21388,20953,834,5,19908,20594
11187,-5359,745,10,-224,18758
11034,-2244,733,9,-442,8942
26920,13090,710,0,609,-2933
15581,23435,733,15,14100,22938
-6388,-5439,828,8,10748,-14789
17677,24485,840,12,-975,17885
-2352,19928,844,8,-8324,7577
27488,8158,719,0,-867,21012
2484,438,724,9,-1291,15544
20152,23312,834,13,2845,19677
29152,5024,735,8,-1014,-11398
13232,25051,831,11,-2167,4231
21616,2974,711,10,2623,6060
18236,22556,842,5,12181,20033
17616,22689,836,5,11274,19471
20757,23100,840,15,5479,21584
24889,-5523,710,7,12751,-13244
9203,16755,742,3,13549,22779
6030,21179,825,6,994,8660
25396,4444,720,1,-1977,13835
17091,-334,722,4,806,15736
13901,10768,737,2,13088,21579
-6427,16449,828,10,3040,-12079
5919,22165,710,15,1897,15264
17493,-3587,721,9,694,751
10073,3531,733,3,8504,22334
14994,10785,747,0,14017,21743
1240,-5520,846,1,-4895,3383
28126,12916,728,0,-10326,-2993
18044,-3731,706,7,7151,-4559
-2868,-10476,746,11,-10839,5241
991,11325,716,13,8184,969
23361,4540,743,4,5533,4860
8185,13417,825,1,8483,15930
19360,23530,834,13,347,8482
13909,21119,737,6,15564,22456
28052,2006,734,8,-7622,-1177
-1780,-6064,744,5,-7882,9429
8614,-4424,845,0,7662,23265
25974,9862,713,3,9994,-153
13882,20901,745,8,16113,22608
14889,25721,843,11,-8598,7912
25849,8868,746,2,3529,14565
10668,24284,747,13,4822,20581
11448,21350,707,5,12544,22397
3937,-2627,715,7,-3046,7497
14687,-7752,740,6,-4156,16339
26339,-3644,743,10,-10163,3887
1545,-3826,708,14,1545,-3826
3494,21774,837,6,-1974,2646
10126,11970,720,9,8884,16457
1825,-10739,712,12,-5466,-6029
28526,2709,727,4,-9152,-2203
17856,24536,842,14,-5721,9500
-7595,13064,714,14,-7595,13064
568,24993,748,13,-9790,72
17040,24728,844,12,-5386,9392
23936,-3277,720,8,-5899,16512
7430,-10226,840,1,-2236,-4736
17831,-5630,716,8,-1854,20097
12119,-2541,730,9,-389,7598
23461,3835,722,1,806,15736
28058,3652,707,6,3223,-11312
24694,-4780,739,10,-9371,7020
-8200,16531,744,14,-10275,9643
18553,23923,845,7,7662,23265
27772,12494,714,2,-2290,-8137
-2995,18942,737,14,-4984,14778
21297,21250,827,14,19241,20581
18085,23407,839,14,4460,14106
23383,6396,740,2,6008,18876
23732,-5338,744,6,-8556,7415
15193,24256,840,11,635,11421
12281,21716,705,11,13115,22458
4561,26702,748,15,-11951,7624
20244,20855,831,4,19682,20655
20486,19950,833,2,21148,20360
-4285,1438,738,7,-5503,10613
13855,383,728,7,6045,3501
-2442,5475,833,3,-2442,5475
8805,23869,834,4,2568,20181
11859,22345,718,12,12308,22664
5250,-9212,839,1,-3661,-2372
6233,14151,705,6,8923,21692
-12736,13613,709,15,7372,-15999
-1957,-9383,707,14,-1957,-9383
27913,11137,725,0,-6275,13581
26663,-3432,707,7,17480,-12379
-1258,21210,735,14,-3615,18067
10324,24508,741,15,3355,19670
5933,20280,724,12,6856,21422
19110,20554,829,1,19541,20682
19051,-8957,705,9,-5697,-4846
27157,6813,720,3,-2126,1786
10583,13442,728,3,12389,21746
-2530,-10495,727,12,-9554,-3284
28988,8758,715,3,87,-13029
27046,-526,731,6,-7888,495
16167,24290,848,9,2913,19162
18155,18543,738,5,18022,18859
12323,8690,846,0,13224,19683
729,24981,735,15,-8394,-2513
10215,14919,727,1,13348,22386
27171,5591,717,1,-5486,10231
13887,25436,828,12,2413,-6998
9308,-7107,732,5,-4319,5974
17780,17622,704,3,16616,18927
11346,22513,840,4,7153,19710
28040,326,724,6,-8424,-4371
24956,-5595,715,11,9962,-13522
26213,9697,723,0,916,16277
11119,19761,713,6,13332,22421
12851,19448,729,1,15660,22571
18852,19357,845,0,20660,20388
24884,1038,745,1,-224,18758
1693,5854,723,5,916,16277
-3463,18755,846,4,-5705,-3569
15821,22975,722,13,14971,22570
28431,9923,704,3,9018,-14292
21092,-6510,726,6,-7135,14468
29001,6317,731,3,-10086,2597
14771,23025,742,15,12486,21566
11439,19454,721,8,14158,22594
17173,1538,745,4,3430,14299
2584,14042,710,11,4289,19317
22447,20411,842,5,21574,20187
17066,22864,742,13,16012,22438
16259,23520,839,5,5891,17231
28321,12614,735,2,872,-13043
516,-604,713,14,516,-604
26835,6696,735,2,54,18358
28985,3121,744,8,-8299,-3836
19861,22206,827,14,14604,20561
16841,-12871,723,11,-6724,-7511
27781,12775,723,0,-7764,-571
17127,-7820,739,8,-1685,20815
4028,18472,743,13,5533,4860
9113,-12057,738,9,-8691,2440
8744,19466,708,15,8148,14750
23390,20195,849,13,21999,20014
5027,20426,739,12,5027,20426
18401,-11537,826,1,8683,-13648
14296,21176,747,4,16279,22587
24901,1505,737,8,-2693,6528
-1442,12217,709,14,-1442,12217
6078,-11868,737,9,-9391,5290
21243,21644,840,15,14918,19051
6175,20571,734,14,5149,19052
28913,4634,745,3,-8425,3375
-1413,19089,834,10,-674,-4792
12604,21435,730,5,13746,22404
14450,17047,715,8,14351,20088
18700,19555,834,2,19776,20465
17668,-8176,724,10,-4574,18421
21124,20512,841,10,20617,20264
21659,20854,825,7,20704,20458
29148,435,824,2,6361,-13180
9673,22986,845,4,4132,19116
17614,18858,838,1,17921,19266
17557,18517,721,11,17346,18941
8801,-772,733,6,3199,20158
2211,18597,743,12,2211,18597
9875,5528,718,10,5787,18430
-1226,17861,719,15,1345,-181
27175,11386,747,0,356,9397
9267,20136,834,8,6919,17171
22582,-6850,703,11,6590,-12168
20131,23034,835,13,6084,18627
25011,-1230,719,4,-7216,9675
19692,22088,844,5,15553,21085
18349,24038,833,14,3356,20017
18754,-5819,847,2,-1611,13812
27141,10165,726,0,-1504,16063
3562,-8201,829,1,-4350,-840
2968,-8395,730,11,-7580,8434
3205,18140,849,4,550,5465
28330,12134,728,2,-9708,-3266
-550,8358,735,14,1278,4115
15884,24925,841,5,-635,18315
18332,20605,839,5,15626,17007
24201,2243,839,0,4903,7921
11723,20204,720,10,14030,22592
23391,409,726,10,-2399,6391
8734,17073,825,3,8734,17073
18736,23768,828,13,1902,6876
15724,23149,728,13,14711,22729
-817,688,825,3,-817,688
5145,-9324,727,11,-7601,6122
8089,-1135,745,9,361,8546
28358,12344,734,2,-559,-11357
26859,6794,731,1,-2476,9129
12474,-9615,715,9,-7509,4297
12956,24336,844,10,6707,22228
21168,2697,734,1,3003,17067
10671,25624,829,9,-4350,-840
15422,3467,711,8,4354,16540
20501,23073,844,13,3837,18843
20984,20268,830,14,19613,18684
23334,4662,733,3,2516,13707
12270,25095,840,9,-3086,3993
15550,22629,739,12,15550,22629
26572,-1347,732,4,-9270,10893
21406,17777,828,8,21455,17541
21326,17781,826,8,21377,17551
16166,15459,723,2,14998,20241
5647,6385,718,6,5746,20610
14567,23122,715,13,13470,22526
-12008,13298,707,13,805,-13827
3464,22100,844,10,-3417,4552
-11391,7529,748,14,-9165,-1951
25531,-1497,729,3,-2782,20372
14853,-234,741,9,5394,3517
8210,23775,724,15,3008,19082
11105,25176,829,5,263,-2897
11642,22827,836,10,6291,18854
11697,3642,718,3,7051,21094
12240,22968,839,10,6932,19494
303,14349,743,7,2211,18597
15879,16845,734,1,15679,20082
22936,421,708,8,-3307,11319
25757,3713,703,3,-5207,9159
7531,24085,738,13,462,16978
15760,22926,848,12,9312,3685
25966,11273,711,2,2623,6060
6440,15395,845,6,9903,3057
20721,23194,847,15,-2712,15148
26982,4407,719,3,-5510,8250
11409,10010,827,2,11378,18356
23692,1935,726,3,-756,15754
11132,22397,709,14,11132,22397
3543,-5423,734,9,-5097,9186
11271,-386,721,12,7628,685
24050,-5391,734,6,-9193,5110
18603,-10147,719,9,-7957,-2614
13311,-11818,721,11,-6900,-3216
25424,-4654,748,4,-9276,12814
15180,25525,824,14,-1140,-7236
10595,25736,740,13,3815,23629
18780,719,725,3,3207,19311
-1607,-8343,740,11,-8942,5212
28313,12333,737,0,-8881,-1764
27405,11902,730,0,-3987,8600
19422,20706,843,3,19422,20706
22954,19905,845,9,22442,19712
-7731,-7943,747,7,-12062,6685
17851,24014,847,5,7566,22607
1915,7143,720,9,2196,18085
6177,16267,734,11,7203,18930
21878,20191,841,8,21725,20097
18802,23546,845,9,12694,23676
19751,23089,829,15,6153,16072
29312,3904,744,8,-7321,-7202
12531,23791,735,13,9064,21847
17220,24823,840,14,-6033,3207
-9776,13408,704,15,5758,-12010
20664,22837,839,15,6932,19494
15624,22357,742,7,15998,22525
24683,8430,733,0,5767,19260
24647,-4643,735,10,-9221,6015
22746,4082,710,4,2751,5709
26047,2352,706,10,-865,-3453
11639,14013,739,1,13288,21541
14684,14997,826,1,14625,16076
4884,26537,748,15,-10967,8499
3554,23424,835,6,-5822,3988
28145,9900,723,2,-7858,12465
22420,20484,840,11,21606,20228
13875,25413,840,5,-5538,6386
8551,7882,735,10,7338,19106
1177,14802,742,5,4012,20169
13727,22612,828,12,11695,3083
7184,2268,704,9,1195,11829
28788,11446,746,0,-11336,10986
11573,20439,742,4,14705,22825
27814,4974,715,1,-7935,11652
21619,-701,738,4,-1781,9957
27827,6781,724,3,-3415,1334
-142,15180,837,3,-142,15180
10111,25309,824,9,-2869,-696
28222,10912,704,1,9032,-14046
22752,20332,849,12,21547,20008
14098,19167,714,11,14292,20052
-7820,18859,722,13,-6040,-8322
29245,8265,742,1,-6945,-5799
4694,-355,746,5,-699,8624
3437,20148,824,4,-1052,10269
13218,9859,728,10,9659,17342
27241,14384,714,0,10825,-13496
7319,20323,732,7,9422,22326
13279,2103,715,6,3122,15356
2788,18835,723,14,2788,18835
23544,4364,707,1,46,14040
26653,6530,743,1,-615,7192
27560,750,729,10,-7564,-1229
24710,2285,708,6,1062,-1134
27047,9551,721,0,-1294,17950
16271,-12399,718,12,8409,-14258
16401,19831,748,7,16540,20159
12750,20751,841,4,10088,18012
17434,17400,849,2,18653,19412
-713,-2405,716,12,-4481,2660
16982,25076,842,14,-6681,-3953
13636,21204,739,10,15550,22629
10739,22062,832,7,13708,280
17024,1943,728,3,4995,19556
18773,2009,745,8,3430,14299
28218,10744,707,1,7028,-12677
28882,4682,724,8,-7964,-5459
15699,23790,845,7,2565,10145
20332,22054,826,15,13496,18265
26796,3754,712,3,-6395,9054
13912,21988,720,5,14767,22572
26034,8581,729,3,5333,2527
15189,25232,843,11,-5569,10244
351,-10446,715,14,351,-10446
26995,2069,741,1,-3582,17348
-1076,-3813,730,7,-6138,11169
28580,11887,745,0,-10780,4958
-3270,-6171,840,1,-8743,5217
28666,7145,703,8,5438,-14007
847,2255,737,9,-1375,14369
29463,6764,744,3,-7253,-5757
3016,2503,709,7,-608,10859
16579,23287,835,7,6765,16426
27968,12480,718,2,-3892,-8644
11103,26341,840,5,-1011,-10260
1532,-12713,740,11,-9930,553
-122,891,746,5,-2721,12244
18591,22473,827,14,11442,18025
21303,20351,824,8,21157,20271
14612,24782,828,7,-1649,10600
28588,9924,706,3,8651,-14723
24539,2412,714,8,-2997,6935
8241,25837,746,15,-3361,18105
21127,-1341,827,2,1967,6418
25763,-3222,843,2,-4322,1087
1712,22300,743,7,4696,23999
19405,20489,847,1,19733,20668
20419,23500,849,13,-7189,11990
22942,7922,706,2,4217,16137
3843,15625,707,14,3843,15625
11749,20252,744,8,14949,22844
10319,21470,725,11,11889,22676
-3795,16757,740,14,-5203,11878
7203,25560,849,6,-7352,12760
-635,-13204,714,14,-635,-13204
-5568,20976,726,13,-9003,-3642
14483,23305,837,7,4983,7203
28428,1052,723,6,-6986,-7430
11253,-1753,706,12,7349,-899
19840,-2898,704,11,8195,-4903
16000,24672,829,5,2523,20435
28220,7648,722,1,-7026,2264
9148,-5725,710,11,-2747,2982
-670,24629,738,13,-9677,-1709
9652,-5424,733,9,-3610,9591
-1630,22397,729,13,-8440,4701
16874,24711,843,7,91,19110
6957,16876,836,6,8084,5355
-8722,12258,826,10,8683,-13648
2718,12467,725,7,3877,18124
13819,-11448,726,11,-6136,-3364
20153,22535,835,13,9298,17083
27728,11301,710,2,-6496,438
6272,6603,704,9,3522,14861
28888,6221,715,8,-1080,-12098
17316,3458,825,0,8166,15239
28614,10503,743,2,-8580,6580
16866,18613,827,1,17138,19098
25916,7118,729,2,2240,19228
18688,23833,827,13,890,4910
28610,8514,721,1,-7155,-2576
12224,24143,849,6,4375,20155
-4141,-11668,720,14,-4141,-11668
13318,3189,706,10,3725,15379
20335,22598,839,13,9406,17988
24607,4668,845,0,9241,6201
3424,14979,733,7,5374,19719
19033,23071,840,15,10998,2135
5028,-1802,738,9,-1781,9957
15210,25279,830,12,-4701,-56
2998,25543,747,13,-9821,7795
16754,22474,839,9,10361,18080
28909,5438,713,4,883,-13113
9512,-2426,734,5,1451,3664
1528,10601,716,13,9175,1160
13899,21260,738,6,15624,22542
944,21045,827,10,-3818,1436
14906,23295,830,9,6290,16294
14065,23131,826,9,5625,14263
9540,26297,838,9,-738,-11159
20497,23037,843,15,2652,16139
7674,19355,711,9,9859,22081
21872,18724,837,12,21773,17510
17646,22549,841,11,10650,18297
23694,-2981,726,4,-6031,14149
-4446,16604,825,6,5358,-10390
3173,15868,832,4,3184,4596
8592,-14567,715,12,-693,-12972
23443,-5979,736,6,-9193,6891
18525,-8776,707,5,-1971,-7055
12884,9789,718,0,12556,22461
24269,2082,748,1,589,17608
21699,17483,835,3,21699,17483
19665,17185,743,2,18184,18886
16131,-3810,725,6,-1702,15673
15142,25649,830,14,2076,-11841
11847,-10382,713,9,-8532,4747
-5017,20642,706,15,-6240,-4091
17615,-12157,732,9,-10976,803
-6248,-75,719,14,-6248,-75
13324,-73,727,7,5255,3430
25962,11249,706,1,12179,-674
26429,11824,737,2,6837,3370
1764,23906,838,10,-8615,3362
26436,3534,741,3,-3221,9613
28676,6112,720,3,-8963,713
19826,19542,843,2,20758,20205
-6092,-1470,742,9,-5765,17127
28100,10506,748,0,-4055,14719
28731,6158,721,4,3433,-12408
17572,24211,840,7,5479,21584
9920,26204,830,11,6262,-12609
12195,-28,714,12,8765,659
25769,1924,710,8,-5709,5667
23843,4947,725,10,5724,2912
16279,22587,747,12,16279,22587
23570,306,727,8,-3279,12801
28907,2501,746,3,-9837,11332
27434,1753,718,10,-4957,-4236
2829,24417,723,15,-6648,12324
3448,25383,740,13,-8810,10152
7495,1624,733,12,4391,4080
3559,22805,843,6,-3993,2254
12046,-907,727,5,2062,5976
26224,10979,733,0,2516,13707
22192,-5260,733,4,-4836,18298
4129,19712,748,13,3848,5255
14675,25240,847,11,-4514,5208
25426,2307,716,10,-839,-384
24414,-1037,709,10,-5957,4307
4461,-8298,738,9,-6896,7702
10487,18878,724,6,13063,22306
-6413,18261,723,13,-4851,-5431
27407,11315,703,2,-4693,185
23978,3565,845,0,7271,7733
27720,13697,716,0,-228,-14065
8936,17505,836,3,8936,17505
9955,20423,828,9,11695,3083
10923,26466,836,11,2425,-12293
27779,10137,729,2,-5416,11542
26694,2540,714,4,-4829,-304
6585,-13995,732,5,-11759,7366
12990,25326,834,7,-803,-2019
24045,2407,723,3,-1266,14598
14244,-7222,729,9,-4407,4092
36,-12369,745,5,-11372,5715
1956,8627,703,12,1154,11489
14390,23115,847,11,6111,6455
1692,17,725,12,-1511,4290
175,-10743,737,7,-8517,-215
9320,18966,720,10,12567,22714
22976,262,735,3,-851,16147
7358,26534,828,5,10748,-14789
28135,3736,717,4,-4699,-6240
3679,16234,721,5,6300,21026
2241,16662,735,13,6950,2048
28627,4189,740,3,-8942,5212
17934,22624,839,5,11732,19778
11686,23860,827,9,1967,6418
21386,20848,834,5,20120,20366
17731,21845,844,10,15553,21085
27392,6388,717,1,-5512,6969
28334,11102,716,1,9109,-13503
13771,22142,737,11,14410,22533
6800,25745,734,13,-3501,19039
-1071,3597,708,12,-2838,7905
28492,12036,739,2,-4568,-8075
29015,10939,743,2,-12118,2242
8155,19354,828,8,6005,15829
25341,-426,710,10,-6338,2021
25524,11,705,6,-4670,-1489
19863,23319,835,15,1416,12990
19797,23591,827,13,1851,19868
1277,-7260,705,14,1277,-7260
17414,23537,838,14,4059,10249
18813,23764,825,13,854,10740
15909,25434,844,12,-5333,-6850
20612,22332,841,13,10650,18297
27384,860,723,10,-7365,-1529
28767,4889,723,8,-7080,-5697
18382,-4159,746,6,-2721,12244
-10323,13737,716,15,7553,-13331
21939,20682,833,5,20972,20398
16969,24620,848,12,-5054,5168
676,19152,840,4,-3086,3993
8803,3055,849,1,5960,7071
16529,24425,837,7,1034,17488
11112,-10821,716,11,-6502,-845
-5868,20665,733,13,-7676,-5670
20035,23396,835,15,-592,14262
28642,8744,740,2,-6470,16019
28329,4540,720,3,-9616,7865
28746,11153,733,2,-12516,7514
15057,21376,829,8,13598,20515
1651,25290,739,13,-10569,5147
25223,2725,714,8,-3509,5358
20600,20748,832,6,19968,20421
20131,20725,828,4,19674,20483
26409,7937,713,3,2851,-188
23090,1323,740,1,1000,18210
27672,1674,718,10,-5587,-4701
15389,-350,715,4,1256,16682
28531,11417,735,2,-7884,-3066
21785,21016,849,12,19570,20466
27939,3483,735,3,-7465,6974
12561,23892,732,15,9422,22326
24062,-1503,711,10,-6146,5699
27940,3904,723,8,-7094,-319
14265,20941,838,4,12067,19050
2928,5451,834,3,2928,5451
9030,1291,742,7,4807,4921
6608,25433,824,9,6699,-11824
15017,23533,824,11,5440,14821
10264,-7859,717,5,-5282,3528
28524,10126,703,3,10387,-15105
7113,-12804,829,3,7113,-12804
-1275,9405,734,9,1010,19109
20232,20855,846,10,19356,20490
21111,21994,841,15,13338,19404
-4966,-6720,748,11,-9700,8615
553,23398,832,6,-6934,-2606
24328,3448,732,8,-423,8514
12306,22581,828,7,9306,3459
10946,-2169,746,4,2513,19768
26037,6310,738,2,2578,19055
8278,21211,748,5,10250,22695
12346,22733,845,4,8327,20534
23780,-3676,742,3,-1657,20924
25174,476,747,8,-4096,8600
13753,22922,848,10,9048,20445
-4150,17565,745,14,-5981,12536
7230,20097,748,12,7230,20097
28098,8989,711,1,-2529,-5773
13242,20557,847,8,11509,18965
3619,0,744,5,-1114,9446
26366,6237,717,1,-3095,8604
20360,23377,847,15,-3357,8746
27849,12523,727,0,-8126,2953
14508,22148,733,5,15391,22684
6104,20529,838,4,1511,12587
15364,23100,847,12,9806,2258
16786,9472,746,1,11013,18017
-1050,21761,849,4,-8949,2859
27195,-502,744,4,-8141,2490
14045,21993,721,5,14878,22569
18635,-2208,705,5,6047,-2799
15760,22710,737,14,15519,22557
25233,693,714,10,-3988,1321
3262,-928,730,9,-1741,15044
21743,-9309,722,9,-6729,-7211
7284,10157,748,3,11169,22623
22135,21204,841,13,18954,20527
-4510,6887,734,14,-2320,1193
18591,24545,827,15,3880,-12421
-9598,13021,703,15,5920,-11368
8449,23900,828,4,2179,20157
9160,8814,746,4,9043,20304
-4788,689,732,11,-4616,16730
25842,-4220,740,6,-9813,2259
21260,-5369,706,9,629,-6827
-3056,20363,849,4,-8023,-2224
11755,24377,846,4,6405,22662
4594,17480,849,2,13457,23717
-1946,11602,824,3,-1946,11602
12317,25557,832,7,427,-5926
14765,21270,746,10,16371,22448
13676,19762,826,1,14485,20526
14029,22487,733,14,14029,22487
22382,2531,720,3,502,15072
27873,6466,703,8,2980,-9472
14975,2473,727,8,4789,18169
16123,-754,745,3,4770,20742
15333,25077,839,7,-4496,10245
25302,7544,713,4,10175,-475
25725,7833,726,2,1480,17016
8638,26320,829,5,6088,-13190
20010,23380,824,13,7742,22435
27803,-1432,834,2,-697,-7282
28663,7459,712,4,11048,-13466
10930,21104,707,9,12302,22461
12742,22263,842,10,8311,18706
19506,22483,845,14,10669,18570
28835,9638,718,1,-2710,-11330
26209,4423,732,1,-2361,15191
25849,14161,706,0,12179,-674
6846,25963,825,9,5529,-12973
521,19791,829,6,263,-2897
28487,684,718,6,-8104,-7382
16557,22775,829,7,8969,16628
12008,15141,719,0,14652,22560
13884,-9475,724,9,-7355,3841
1107,23054,715,15,-6189,8417
6103,14647,842,6,10543,2488
25601,8208,727,0,3648,19717
12828,7314,722,2,11483,22572
13952,-12291,734,9,-7388,-3029
25224,868,708,4,-5554,4293
1736,23907,735,13,-6826,5397
21523,4908,748,4,6612,8772
431,8921,733,9,3199,20158
17758,2473,706,4,2338,12791
28728,7954,716,3,-3665,-8471
8184,18456,849,6,6966,6999
28097,2946,728,3,-8161,14048
20973,20803,824,6,20539,20571
9625,23966,831,10,1939,18755
17492,23116,846,5,9056,19331
-917,-6205,827,3,-917,-6205
3140,-5909,719,12,-2116,-1841
16667,24424,833,7,2531,19385
5102,16493,833,10,6311,4147
16051,24677,845,7,-1999,12742
17493,24093,844,5,5924,21869
23258,2325,837,2,8403,3813
26557,7226,712,1,-2324,4653
7738,25760,740,13,-1939,20030
633,-6158,721,11,-7047,10167
-1899,13745,827,4,1478,-2433
11947,26176,849,9,-6895,-3133
15082,20685,835,6,12564,17956
16002,20638,831,6,13994,18580
13897,24750,833,7,-868,4287
28988,3825,729,8,-11093,-748
7996,-10888,737,9,-8025,3749
9194,-9092,832,1,160,-5025
28252,11566,722,2,-9676,-171
25580,-498,708,10,-6586,1482
11286,22622,713,15,9043,20298
29455,3898,827,0,5964,-10636
12947,23873,844,6,6308,20735
7911,4345,733,10,5991,20399
29185,3996,723,4,-6737,-9456
-347,11620,739,11,1272,17450
-5674,15810,722,14,-5674,15810
6417,14453,747,4,11030,22574
24089,2449,725,10,483,3624
27395,2324,738,1,-5413,16419
18006,23744,843,12,3699,17867
11794,20902,739,6,14399,22813
5961,25277,849,10,-7527,12563
18955,-3389,713,10,-3492,13006
6036,-8587,721,9,-6975,11050
19919,23650,837,15,-4710,8839
4003,18434,833,8,1221,12142
27092,11026,720,2,-2218,5000
12687,-11814,830,1,2126,-9994
23725,-5165,727,10,-8487,13348
13647,22648,834,12,12920,1680
-5645,-2322,741,9,-6132,16583
11471,22008,842,5,11149,1503
19851,20458,835,3,19851,20458
24902,7065,722,1,1935,10080
509,11323,747,9,3170,19549
19938,23723,843,15,-5017,691
22241,2403,733,1,2855,19099
1045,9906,832,3,1045,9906
17994,24245,847,14,-2735,9111
15323,25382,836,12,-3738,-4900
-7063,9295,720,12,-6209,14686
15846,22392,747,11,16279,22587
7493,20486,733,7,9605,22421
28867,3354,713,6,1244,-13710
28430,827,737,4,-8753,-3266
24116,5628,723,3,1951,10444
6645,19406,724,14,6645,19406
20849,22360,838,15,11567,19680
4355,-14103,734,7,-7505,-5588
25243,-2106,745,3,-2960,19623
19012,24282,837,13,-3507,-8022
-3895,19909,711,13,-6766,1194
25687,12222,726,2,7510,6084
25077,-1574,718,8,-7307,13660
28027,531,728,10,-9733,-1014
21629,20298,837,8,21477,20198
28991,5703,738,1,-9971,6378
11594,23216,848,1,13260,23707
13278,-12883,725,11,-8206,-3081
17437,24296,832,14,-1171,12738
2624,3433,714,11,-234,12906
-4707,13896,733,14,-4707,13896
17919,23231,849,14,5105,9373
15578,23475,828,11,6005,15829
21775,20686,830,9,21010,20367
14471,-6369,832,2,-799,16335
17577,-9780,708,9,-7240,-2537
19292,23990,830,13,-3718,12525
28800,4777,715,4,-1983,-11336
26062,11980,716,0,2123,7895
28546,10700,708,1,7320,-15024
23000,20454,841,13,21725,20097
28376,12229,736,2,-2318,-9918
16089,24477,836,12,-1170,6039
29111,6946,726,3,-9353,-2525
-5920,2076,717,12,-7376,8279
-5262,-7803,742,11,-10491,7869
23412,7882,736,0,7525,19274
27613,13251,717,0,-4374,-7765
19953,22170,843,14,13638,19734
28556,8970,717,1,-5292,-5674
11754,25334,826,7,1628,-4448
27707,12749,723,0,-7094,-319
-238,23324,711,13,-8217,11055
21663,4747,716,1,3246,15610
6957,-133,710,9,-551,11287
1118,9963,722,5,2589,18586
13719,-689,713,12,10175,-475
23782,-4680,734,4,-8180,12170
27323,12407,706,2,629,-6827
20091,-1718,742,6,-1172,8475
6482,21231,833,10,1092,10363
-3987,8600,730,14,-3987,8600
-6643,5906,831,8,1321,-8866
2419,20755,706,15,-639,9588
13480,1052,829,2,5539,15279
-1170,14831,849,3,-1170,14831
25842,10292,719,1,8338,1598
171,20939,842,4,-6309,4845
14305,3918,826,3,14305,3918
29735,2538,828,0,-2628,-9608
14697,8158,707,10,8111,14607
1665,-1207,712,7,-3413,9626
5612,-2068,705,7,-1691,6452
14654,-11638,721,11,-6083,-4561
28526,5180,715,4,351,-10446
4160,25593,743,15,-8580,6580
15304,19306,731,9,15573,20312
25881,7963,736,3,6680,2261
11007,-11261,720,7,-5931,-2723
20430,-2217,705,5,7678,-4735
3175,-3558,704,11,-4272,8258
29761,3538,834,0,1692,-11525
24302,5981,712,6,9365,382
20352,23406,848,15,-3607,7313
17126,22703,835,7,9298,17083
14373,25509,828,12,-1492,-5607
17473,24744,845,14,-6332,194
6685,12205,848,4,9943,3974
855,24300,738,15,-6290,-1705
23681,-7646,706,11,6525,-14329
2742,22198,724,13,-2657,12288
7964,23217,834,10,339,15134
22381,19079,843,13,21978,17454
19350,23217,827,13,5850,15591
4376,23036,732,13,-1666,14941
28603,2200,745,3,-8991,12174
7186,-14958,707,14,7186,-14958
4136,22392,739,15,-236,5255
6473,21330,830,10,1063,10838
27100,4639,737,1,-4341,10737
6112,6635,826,8,10596,1430
10233,6417,733,8,8055,20549
27045,5862,727,3,-3511,6019
12837,24115,829,9,1033,10411
14672,1429,843,1,10920,2990
14393,21219,748,4,16352,22593
27111,9035,733,2,-1471,15355
13185,-12815,736,9,-8309,-2105
-1528,-5336,723,7,-7399,10163
18923,24390,837,13,120,-11723
22223,20471,843,5,21167,20164
28038,11107,715,2,-9416,3482
1053,20186,841,8,-4173,11583
29547,2203,836,0,-2985,-7768
11694,20781,828,7,13997,4137
16055,25339,838,12,-7942,1746
8410,22559,840,4,2762,17645
39,12435,732,11,2962,19922
16648,24176,835,7,3992,18703
8102,-14593,728,12,-1785,-12351
28947,4348,720,4,-4393,-9983
17245,19543,722,13,17371,18940
25804,-3989,706,7,15846,-12256
25340,499,714,10,-4621,1454
5159,17447,732,15,6710,7395
11369,-8757,739,10,-2568,19379
4918,20796,724,15,1968,10793
11313,17899,826,3,11313,17899
-6243,11545,830,4,2033,-9314
21062,1852,714,3,1093,16386
10754,24580,840,6,1673,19467
14992,16168,717,1,14510,20125
26665,3640,734,2,1955,22653
10867,23779,848,8,7106,22448
23997,1041,733,1,1149,20312
17101,23516,836,12,5133,14239
11301,2547,732,4,5201,19533
27895,5319,708,1,-8650,8877
26623,3426,703,8,-4693,185
26242,-1775,730,6,-9083,4517
12950,21982,848,5,9943,3974
13465,21354,847,4,10665,19072
23887,1339,727,6,-769,3715
27505,11086,720,0,-5048,12003
15165,-12238,716,12,7332,-13559
15251,22718,742,14,14916,22532
3404,-5347,717,5,-5486,10231
14136,18874,715,9,14351,20088
18137,6188,703,0,8607,21543
5149,22310,739,15,601,7517
16389,22641,832,5,9367,17108
11163,12127,703,2,12034,22287
14952,21538,748,6,16524,22527
13611,-8768,711,9,-6566,2776
15390,10308,741,0,13390,21571
6588,-2610,742,10,1887,20363
26156,-480,725,3,-4247,18850
-9783,16330,717,13,-2658,-11431
18153,24145,842,12,2351,20078
8057,5346,741,4,6593,20229
16964,23427,825,13,15015,928
312,12967,722,12,753,15952
2853,3919,827,1,992,9543
740,3087,730,9,2,17694
16103,22359,747,7,16443,22507
17826,19000,734,14,17882,18844
22359,-7461,706,11,5354,-12342
27241,11593,738,0,-983,6450
27317,13639,710,0,770,-10208
2786,19019,828,10,1119,3377
25369,6958,827,0,14144,4021
27964,11171,724,0,-7638,13169
25262,6288,735,3,3180,5601
20153,20009,824,5,19255,18617
4375,20155,849,3,4375,20155
7827,24489,742,15,-721,15476
12707,8064,714,1,9189,20389
27017,-2320,737,10,-9125,-595
18989,24026,825,13,-2375,12780
11043,14344,705,2,13115,22458
8006,9552,832,3,8006,9552
360,3521,742,9,-721,15476
27238,13387,707,0,110,-7907
21221,-4130,714,6,-6257,10353
25057,4557,743,3,514,9190
-3316,11149,736,14,-2574,5974
11189,6390,745,3,9146,20856
14359,25248,848,9,-4771,12172
1329,21795,845,4,-6379,7272
20323,22779,838,15,7484,16797
20391,-6237,718,6,-6804,13397
19114,22753,842,14,9864,18432
-2261,23500,728,15,-9602,-1232
18565,23980,828,13,1119,3377
11317,-11831,832,1,630,-9093
13177,23111,711,15,11421,21899
-5977,11801,731,14,-5977,11801
15546,16952,838,3,15546,16952
16972,2880,717,5,9081,4422
-19,20922,740,11,3815,23629
9081,22769,837,10,2366,15836
28704,9959,715,1,-693,-12972
1623,9321,829,2,9025,22943
4495,21837,835,3,4495,21837
-1980,21316,831,10,-5105,-4834
17004,16180,843,0,18269,19335
11568,18422,744,6,13715,21721
27382,-1838,746,4,-10776,5919
9270,26298,826,9,-3652,-7421
28597,11834,731,2,-11806,-1291
10386,16279,731,4,12819,21721
2256,20296,746,14,649,17768
28227,-944,745,10,-8936,-3749
15299,-7480,708,5,-2439,-2433
15060,-12971,720,7,-5529,-8018
23838,-5106,840,2,-5538,6386
13935,22443,826,7,8303,8105
15024,22514,732,12,15279,22674
16620,-10649,716,11,-3657,-6875
28906,1698,735,6,872,-13043
8805,21805,846,6,2486,11425
6907,24256,738,15,-1483,13725
701,13209,713,14,701,13209
-3166,22283,722,15,-7365,-2412
12022,12042,710,0,12893,22447
21411,-2706,734,8,-3114,14561
24935,6196,726,4,6157,1759
20490,23368,845,15,-5195,11653
29152,4648,747,1,-9555,12096
28867,10261,742,2,-10491,7869
5282,18940,730,11,7955,22040
10574,14232,827,2,13332,20413
27424,3853,703,8,-5546,-3151
19251,20907,826,5,17071,19080
17109,23368,849,11,5920,17056
15520,-8285,732,10,-2551,19964
28814,3372,716,10,-1915,-11632
3345,-14724,729,7,-12553,3569
3915,18579,826,6,3499,2789
9868,9272,834,2,10973,19269
-367,18816,837,8,-4710,8839
16936,24918,841,14,-4411,-873
1163,17211,842,3,1163,17211
10041,20965,727,9,12135,22718
28573,10246,735,2,-9221,6015
-143,20116,824,10,-2869,-696
16415,21287,736,15,15773,20121
2707,-10943,832,1,-6934,-2606
9761,21091,824,7,15251,894
-3252,15170,714,14,-3252,15170
-5651,18511,710,15,-1900,-6350
15534,25537,847,11,-7883,11230
11981,6839,838,0,11567,19680
10683,11739,747,2,14167,22850
18620,23833,841,12,4998,21323
18790,23111,836,13,8084,5355
28911,8656,724,1,-8424,-4371
4106,-6022,727,5,-5644,10306
9689,15286,722,4,11815,21520
25037,-6111,714,7,11900,-14098
14224,10894,831,0,13994,18580
23595,-65,746,8,-2554,11436
20910,20631,841,4,20409,20483
12945,26195,830,7,-5976,-4316
7247,-498,829,1,2964,4094
29048,5206,708,10,7320,-15024
17072,20748,824,11,14474,15908
-957,8693,837,1,-142,15180
5863,-7671,705,11,-6055,4317
11171,25163,837,9,-1863,-174
21572,-2163,747,4,-2590,12718
23184,-1775,734,4,-4549,8812
9970,2680,729,10,4585,18992
28907,7432,723,3,-7160,-4795
23168,-8027,711,5,1745,-13233
21609,-1438,707,9,6645,-4358
4412,-13588,709,14,4412,-13588
18270,24370,849,14,-5993,10314
13184,-11273,738,9,-6290,-1705
27915,9406,737,2,-4857,11104
20047,22799,832,15,8403,16777
18047,22377,846,9,12157,19730
12106,21565,846,4,8522,18616
11578,4781,717,4,5640,18265
1998,24212,731,15,-7500,9166
14176,20465,739,3,16338,22419
8981,-14368,736,5,-8936,-3570
13814,9882,747,2,13114,21774
27905,11213,734,0,-5795,7897
22366,5685,738,4,7816,6590
18236,24544,826,13,-313,-6762
9088,24975,748,15,118,17989
25183,109,704,10,-4976,863
13175,20265,826,4,11313,17899
18424,8581,718,1,8741,16186
21500,4498,706,3,2338,12791
20444,23435,847,15,-6244,8822
22156,20241,844,10,21838,20096
-2605,-6195,741,11,-8147,7095
25304,9885,711,0,1693,14228
18520,24393,824,15,-698,-4900
15796,25453,834,14,-1255,-9950
12879,-11348,710,5,-8059,-892
4701,11214,833,6,13356,137
12330,26330,846,5,-5003,-7631
-3770,4995,742,5,-2892,15972
24849,-4669,849,2,-5911,5493
27687,4162,704,3,-8765,5742
28669,3301,724,6,-426,-11284
2374,19542,824,4,-1835,8293
6210,17816,839,10,5578,6092
2532,12820,709,5,4104,19126
15961,25095,849,7,-5993,10314
27772,1208,736,4,-5613,-3320
17003,23513,830,12,5658,15563
28691,4286,708,6,5219,-14040
18480,24239,841,14,-635,18315
8308,25187,827,9,3014,-7420
26454,-1447,748,8,-8253,11672
18368,24282,828,13,909,-2745
-2463,17973,840,4,-4047,-1639
12196,20318,739,9,13288,21541
7246,25335,824,9,4913,-10071
11739,2735,737,8,5223,18911
21560,21053,847,11,19733,20668
13739,25391,842,5,-5104,4291
18748,1743,828,0,6189,14449
18631,22611,841,12,10088,18012
18391,-3584,705,7,7678,-4735
12192,21908,742,9,13549,22779
12626,4547,719,8,5913,18583
19755,-1815,843,2,2280,10203
8961,12980,837,10,12717,5211
1907,12451,846,1,3289,17149
27668,9177,726,2,-3762,15094
27669,12115,712,2,-3130,-5135
322,12470,711,12,603,15425
-6184,-3053,833,3,-6184,-3053
23944,1625,714,4,-2591,5767
9453,11123,704,7,7996,14147
14086,25512,830,12,1810,-8598
19834,1512,707,5,10877,-167
27865,1885,833,0,-1326,-577
26606,-2508,727,6,-10645,4455
12433,25645,839,5,-3661,-2372
-4938,-8379,730,12,-10681,-225
12793,25882,847,9,-7807,1403
1259,11977,727,5,3648,19717
10457,25439,830,5,1617,-6922
14941,22962,829,14,11531,3244
28885,2842,739,4,-4068,-8988
17352,24494,824,14,-332,16739
13757,24345,847,6,6831,22313
265,2350,826,1,-1785,9460
10760,6893,748,3,9562,21115
23107,-1523,828,2,1119,3377
6315,-8101,706,7,-5454,2229
20356,23473,846,15,-5339,7255
4255,-1067,744,6,2501,20810
25099,5979,738,3,2861,6675
13442,24233,830,5,1010,8981
27364,9762,747,2,-988,10787
15008,19414,726,5,15237,20260
20396,19304,836,6,19992,18713
25069,57,716,10,-5090,2837
29033,8604,727,1,-9595,-2953
12564,26418,841,7,-1089,-11233
16559,24996,832,14,-5280,1528
28742,7665,731,1,-9323,4103
-5143,8149,832,8,427,-5926
28423,9225,747,2,-5488,13736
19137,24289,842,13,-2588,-8952
19044,22480,832,14,12079,18876
22213,3011,739,6,5422,4081
19402,23359,826,13,4489,16285
-427,19314,844,4,-4476,2066
979,21272,744,14,-988,18463
9707,10153,838,2,11567,19680
15234,24227,836,11,1519,13399
-4338,-8653,747,11,-10454,7154
17279,751,714,7,9750,886
16277,11538,825,2,14555,15998
13520,25465,846,9,-6325,8059
29235,4023,824,0,5470,-9484
15439,22547,837,7,7934,10747
17374,-3365,846,0,4382,19368
-4837,-968,706,12,-7532,5100
22651,20312,846,5,21828,20099
20702,-1527,839,2,2181,8511
14274,10578,828,0,13694,18392
25631,1468,742,8,-3585,5626
14181,23045,722,13,12812,22253
24237,-1270,710,10,-6064,5004
-6306,6790,739,11,-4163,16453
19941,-10245,719,5,-4376,-8813
-2267,23575,728,15,-9733,-1014
12636,25740,837,11,-2758,-3814
2207,17631,714,13,2287,7166
28557,10010,713,1,656,-12270
27889,6596,725,1,-6582,7760
18357,-11877,742,9,-5637,-7598
26912,11558,716,0,-3086,8051
20361,22343,832,13,11173,18444
14524,23906,748,15,11169,22623
27768,4523,719,3,-7664,7314
5285,23568,848,6,-4568,5941
21451,20947,824,11,20350,20588
27570,13712,714,0,-89,-12659
21034,20718,824,6,20622,20488
29837,3697,826,0,4694,-12718
-6626,3738,728,11,-3924,18457
-8242,18357,721,13,-5325,-9098
20150,-4730,734,6,-5097,9186
22008,18303,843,9,21978,17454
26225,8326,733,0,3199,20158
26508,7231,724,3,672,3176
28519,-380,829,2,2871,-10414
21872,20886,827,12,20753,20512
29264,4922,739,8,-2613,-10983
-5163,6730,734,7,-3715,14383
-7890,18688,715,15,-1123,-11304
7480,23443,829,4,1068,18619
10906,22424,718,14,10906,22424
15228,24684,831,7,-223,13779
28085,9079,733,2,-4313,17226
18825,20755,836,3,18825,20755
27264,8955,746,2,-959,13603
27862,8653,732,2,-2794,17557
12465,11812,745,6,10951,17927
27154,217,734,4,-7315,170
26862,-2564,703,9,10285,-14436
8659,17793,709,6,11372,22231
25784,12914,729,0,7108,6706
17186,21974,829,11,11894,17367
12912,21004,732,6,15108,22747
-1438,9893,735,11,-147,16459
4371,-12848,741,9,-10551,6963
18922,21989,847,5,14156,19779
11543,25611,841,9,-4325,-1702
28280,7161,738,2,-3107,19515
25501,13552,714,0,9660,3967
22744,4700,842,2,12046,5906
17414,22700,834,5,10973,19269
11015,21786,708,14,11015,21786
17514,18371,718,9,17202,18939
15925,24404,825,14,1196,3912
25181,3593,707,8,-2030,3060
8896,20830,844,10,4404,12367
19513,-1024,746,3,2385,19399
24634,2300,721,6,694,751
5398,23616,829,10,-3891,11899
2340,16141,713,14,2340,16141
16083,25081,836,14,-7,-7102
28353,12242,735,2,-1811,-10235
3735,4626,736,14,6738,1896
8741,20076,744,12,8741,20076
27432,549,730,10,-7747,-276
-5110,13290,723,14,-5110,13290
25072,8997,717,0,2990,17215
14780,25230,845,5,-5275,10111
18390,18584,746,5,18268,18908
28834,4492,722,10,2016,-12322
28878,-575,830,2,2076,-11841
21977,21503,845,13,16753,21019
10470,23969,841,6,2053,17878
28184,-474,742,8,-11892,7232
20192,-8021,711,5,-443,-8676
14212,19451,824,8,13291,18130
24969,2861,733,8,-2096,8634
17644,22796,832,7,10683,19051
10929,25636,834,9,-4392,-1488
27243,12638,703,2,2629,-8052
685,18564,847,8,-3357,8746
-1229,18393,748,12,-1229,18393
22309,20457,849,7,21132,20098
14981,17974,725,10,15165,20259
22077,20614,839,7,20889,20273
7001,21104,730,12,7955,22040
7583,19020,742,7,8693,20545
394,11597,740,9,3092,19479
25888,-3596,844,2,-5268,1495
26066,-3796,745,4,-10079,10504
11898,4928,723,8,6488,19227
3580,1541,706,7,-812,9843
17452,23436,839,12,5523,15099
-9304,10301,723,14,-9304,10301
13760,-13846,741,5,-5870,-7750
28696,7012,715,4,8402,-13456
7492,-3348,737,6,531,18969
14971,15451,831,1,14996,16478
28487,10393,704,1,3860,-14735
8653,19772,843,8,6150,16148
16283,-11202,728,9,-9421,1526
8779,16057,825,1,9680,18180
28127,10060,748,2,-4000,9162
3929,-11944,739,9,-9933,7268
18801,23769,843,12,6404,22086
20027,-10749,710,11,-1145,-11751
-2400,2364,721,14,-2400,2364
26898,10637,704,2,-3159,5296
-511,-1301,736,10,2597,23004
19354,860,706,7,12179,-674
13149,-12498,718,11,-7515,-3481
22497,20839,829,15,20713,20481
29104,8345,729,1,-10438,-1619
26738,-1100,727,6,-9084,1760
27969,12575,728,0,-9421,1526
28751,9496,718,1,-3712,-10266
19913,23489,831,15,-577,15093
1304,21326,828,10,-4058,2160
26642,11956,736,2,6738,1896
18259,24343,827,13,1149,-3963
22984,-3238,731,10,-5977,11801
9051,19913,704,9,10678,22017
17752,24726,824,13,6446,-11224
10112,6578,734,8,7469,19539
28626,9865,715,3,7667,-13739
14200,25182,838,5,-4615,9550
-3780,-11335,729,12,-11122,-3277
25197,5290,835,0,10528,4245
10897,19810,828,8,9191,17567
12046,5906,842,3,12046,5906
16094,22575,740,14,15856,22458
16865,19536,713,13,17022,18934
20912,5024,708,1,3965,15861
14343,22872,844,7,7436,5632
28400,8814,707,3,2429,-11055
15393,25528,839,12,-4902,-6510
19310,22423,848,13,11360,6880
24902,2717,726,4,-1656,4825
14408,20704,844,8,12939,19541
19933,-1675,748,3,2389,20139
-1808,-10334,739,7,-9619,1314
24704,-1102,846,0,-862,11685
20170,21049,841,10,19252,20733
28543,11558,742,0,-10491,7869
14373,2737,849,0,9299,18748
81,2098,725,5,-1702,15673
9381,20927,842,8,6458,17987
14213,8320,705,0,10820,22063
8828,12087,704,4,9293,20565
16695,66,717,8,1639,17270
26234,7453,746,0,4599,20456
24046,-6743,746,10,-9837,11332
9232,20138,849,10,5085,11242
21316,22112,845,15,12651,20256
17946,-7735,705,11,1277,-7260
12116,-2707,848,2,3765,17775
22845,20220,849,11,22121,19992
6227,-11920,830,1,-4500,-5672
10600,18758,849,4,8310,13489
3507,17716,825,6,4533,1753
-3086,23044,741,13,-4763,-8357
-3376,20707,719,13,-7358,1514
9068,23941,835,4,2882,20452
18090,-10229,710,7,423,-10312
-1912,21902,723,13,-8001,4683
12174,22184,836,6,7234,17581
29106,3324,728,6,-1785,-12351
-2357,14631,708,15,4754,-1952
10186,20998,721,14,10186,20998
28836,5670,727,3,-10004,4412
12184,21135,730,9,13727,22409
24664,6048,731,2,4491,20497
2923,15475,723,12,3512,17668
13914,22566,719,14,13914,22566
12726,-527,716,10,1444,16977
9899,25868,825,11,4643,-9983
9994,18301,705,4,12375,22243
405,2613,735,5,-1826,12310
29384,5762,736,3,-8936,-3570
1039,17148,738,12,1039,17148
12773,15,729,7,4837,3991
10741,-9722,729,9,-7643,7669
27664,3220,832,0,4389,-2072
26786,9383,715,1,3293,-728
5409,7537,828,1,4416,11696
14011,24920,843,5,-2753,6522
14064,22145,731,5,15012,22737
14782,23087,843,12,10747,1479
28786,5399,720,8,-5529,-8018
27966,-93,740,8,-11058,6126
3011,23134,842,10,-6309,4845
16368,22564,743,14,16115,22429
19134,2104,743,8,3279,13746
21728,-7302,715,9,-2989,-7531
13485,2142,718,10,3499,16133
-468,16440,833,4,-605,845
14286,-14286,739,11,-2613,-10983
16461,22993,845,12,7271,7733
14972,25233,826,14,3072,-6116
-3768,-571,722,12,-6513,5581
12332,22130,728,11,13537,22865
-6198,14256,739,11,-1685,20815
-811,18603,721,13,-1686,3613
10103,22028,834,4,5888,18384
28376,11614,743,0,-9035,7729
-1842,18723,711,13,-2971,3561
14386,21392,832,6,11173,18444
22310,-3147,833,0,-61,15956
10525,14476,747,3,13114,21774
13938,24738,848,9,-1931,9977
-646,-1325,737,5,-4341,10737
22154,20826,839,14,20273,20513
-2658,-11431,717,14,-2658,-11431
14418,24015,838,4,11165,23495
14015,23607,726,15,12010,22703
17988,24664,826,13,5166,-11373
26825,8622,741,0,1134,17988
22631,20268,847,9,21881,20083
17266,7427,715,2,9297,20480
-13326,7018,706,13,8000,-15154
19366,17207,732,2,17731,19003
23139,-6115,705,5,4904,-11815
8024,-2058,726,7,-109,5717
14763,25135,834,5,-2827,14896
25970,9983,720,1,7050,1726
-2429,18970,833,10,-617,-6357
17961,23915,848,5,7106,22448
21715,19999,843,14,20401,18677
26839,8704,716,2,-1823,15084
-7679,5105,737,11,-5748,15882
13299,24601,829,7,950,3897
16365,24055,848,11,1781,14966
8947,727,728,12,5568,2668
9771,25963,747,13,1149,22823
15480,18283,830,4,14918,16417
28613,10022,713,1,801,-13034
26673,8000,730,2,2,17694
-795,11835,827,3,-795,11835
-1171,20345,837,4,-6794,2776
16608,24174,837,11,4472,19222
28296,7270,732,2,-1705,21322
17232,25044,847,14,-7071,-2029
26414,6992,703,3,19,62
-5014,13097,725,5,1080,22523
16718,24551,836,11,3189,20709
26055,-4013,834,2,-6117,199
-2332,12335,735,11,54,18358
8616,-4877,704,5,-3159,5296
27275,14049,706,2,17131,-11829
18188,8285,707,3,8111,14607
16349,22754,834,12,7951,10019
16197,22269,748,7,16514,22430
-203,18469,727,13,-769,3715
13695,8664,714,6,8475,15616
29092,1310,833,0,-6184,-3053
11220,20899,719,5,12434,22164
28665,7899,708,4,13803,-13215
13734,21460,842,7,12046,5906
19666,24054,844,15,-4052,-7462
11774,19836,735,6,13930,22241
13145,21752,720,5,14107,22500
28686,5586,718,8,-3892,-8644
12567,24112,848,4,7853,22725
2923,-10233,730,7,-9038,5500
28287,12297,738,0,-8955,-221
16909,22933,849,12,7084,8818
-2106,-2948,837,3,-2106,-2948
-178,19431,830,6,999,-4237
28643,5945,721,3,-9200,1600
16671,-5812,742,4,-1578,17776
8944,22873,727,15,4789,18169
22681,20948,848,15,19809,20631
-2945,7340,723,7,-1437,17223
-2587,13206,835,8,-1976,663
351,16821,845,1,3379,20876
6820,13655,834,10,10682,4071
27009,12001,722,0,-2489,6135
10023,13929,718,1,12320,22140
13344,9160,713,0,11917,22352
13185,19658,732,1,15919,22563
26527,5434,714,3,-3509,5358
-6168,9923,703,12,-5506,14567
53,16571,728,14,53,16571
19077,21671,849,11,14232,19075
27978,2443,708,10,-2733,-8795
20753,39,736,6,809,6185
-1192,13736,734,11,1010,19109
-2761,7495,726,11,-714,18269
27289,12813,709,2,2939,-6696
28344,-146,728,6,-10326,-2993
18071,-3296,844,0,3837,18843
15894,17940,739,8,16024,20172
22467,20390,841,11,21725,20097
11017,21854,835,10,6431,16868
14150,21714,746,9,15079,22364
28029,10624,742,0,-4794,13046
29067,8822,728,3,-2252,-10940
12184,15367,733,0,15391,22684
23445,2214,726,3,-318,15878
27254,4149,716,8,-4588,-900
1391,24926,734,15,-7870,-60
-1560,1978,705,14,-1560,1978
25321,3920,705,8,-1560,1978
27031,7485,745,0,2775,20993
24537,6172,723,4,6235,2411
5936,17671,833,3,5936,17671
903,-9389,737,11,-8052,2787
2823,8048,842,0,12049,23624
16266,-3311,718,10,-1335,15891
6606,17563,845,10,6303,5826
-8926,18147,719,13,-5202,-9992
21925,3309,717,4,2067,8270
449,20797,839,10,-2937,-1592
21311,19496,837,0,21976,19947
-3880,16922,740,12,-3880,16922
12779,274,745,9,4261,5818
22466,20587,836,14,21403,20215
14831,-8314,746,10,-3361,18105
-9089,17456,719,13,-4255,-10375
12722,25661,841,5,-4502,-2527
20017,-9674,712,7,2840,-11641
14032,25220,837,5,-4710,8839
21013,21153,829,7,19385,20560
16437,-12166,707,14,16437,-12166
11721,18304,744,1,15151,22562
17049,23010,743,13,15929,22602
14674,20785,846,8,13224,19683
26058,6798,743,2,2211,18597
11387,22007,837,10,6767,17326
18334,17973,733,6,17772,19023
-1889,20118,713,13,-5200,4360
16651,-13589,717,11,-7376,-8373
23440,-7566,704,7,9032,-14046
-1479,20743,719,13,-5587,4915
14054,9452,728,4,9659,17342
17145,18477,710,5,16886,18940
6623,24084,840,6,-4344,10916
14032,7340,830,0,11841,18388
28424,5072,706,4,822,-11401
12844,7454,704,2,10450,22170
14683,-4938,711,7,2857,-2491
13742,25149,839,11,-2937,3310
16480,-2184,844,2,2703,13773
7169,19288,732,12,7888,20435
13824,-4790,707,9,-2030,3060
11505,20510,827,4,9034,17403
28840,9267,714,1,-5681,-9524
26792,8421,743,0,1635,18608
10844,19755,724,5,12067,21529
17017,-5420,716,9,-1759,162
11084,25263,831,5,514,-3723
-3092,15546,844,8,-4553,1856
19441,20522,825,3,19441,20522
26123,2561,705,10,-361,-3972
28659,11002,738,2,-9392,368
3625,23872,733,14,3625,23872
-3002,7907,724,7,-1204,17589
-4426,4543,722,12,-5356,10090
9189,-4536,712,12,4218,-2982
28269,12406,736,0,-8479,-2712
28541,6179,716,8,-429,-9951
1020,8798,730,5,2225,18307
22317,21108,843,15,19127,20502
14427,-13568,735,9,-8875,-3863
13465,23461,826,5,3662,9692
16109,22779,832,12,8006,9552
25925,2948,707,6,2053,-4261
4076,26185,747,15,-10790,6170
27206,5263,725,1,-5015,11841
9141,21047,830,5,14187,-91
10035,-12464,719,11,-8672,-182
17654,24097,843,11,5616,21695
16172,24041,842,5,3459,17568
-6992,1265,849,1,-7352,12760
22374,20441,844,7,21227,20132
1584,19249,729,14,1584,19249
15534,23167,847,11,4986,10606
25409,1729,741,1,-1339,17434
20782,21832,833,15,14199,18687
27868,9498,740,0,-2160,17051
-6141,-1626,715,14,-6141,-1626
6247,22087,834,4,339,15134
20153,1197,740,6,2683,7383
7685,22151,832,6,1153,11709
27643,13418,715,2,7667,-13739
14148,-3793,715,7,3293,-728
22663,20309,846,5,21943,20076
-6924,-4342,743,11,-9446,10606
-9982,13475,746,14,-10839,5241
18495,23731,828,13,3879,2937
29052,2794,746,8,-9328,-2684
12026,23558,834,9,2928,5451
28781,3180,725,4,-8580,-4813
23535,-3497,841,2,-2588,5209
18100,17731,719,8,17245,18939
6515,22241,835,4,550,15576
12484,25735,844,9,-6612,1513
15297,23084,835,9,7034,16144
-887,6337,742,5,-721,15476
9734,10301,713,8,9043,20298
26210,2768,704,10,164,-4468
28452,4822,705,10,5744,-13086
14759,-6181,715,5,-1422,-380
15994,25045,847,7,-4956,11503
20222,-2964,745,10,-2633,10954
25545,3439,826,0,6276,3400
19803,23579,833,15,133,14707
-5200,-6803,747,11,-9820,8617
-7938,17343,710,15,423,-10312
26675,-208,742,8,-8077,7890
13001,24213,825,10,7999,22554
13032,1796,704,8,3215,18138
13963,-6374,833,2,-507,16786
23301,8394,717,0,5640,18265
16271,24304,826,14,1102,7081
22835,4071,829,0,8130,8827
5244,26846,746,15,-11336,10986
14896,-4641,835,2,550,15576
-7162,15184,827,10,4598,-12787
19527,23471,833,13,1648,14276
4499,-2427,841,2,4799,21845
28907,10391,742,2,-11046,7909
4141,22844,723,13,-1475,15125
12114,22753,836,6,6521,18381
16976,-9183,709,11,-1246,-6920
17303,24625,836,14,-4777,8112
18238,24544,824,15,4913,-10071
28128,11276,739,0,-6852,8459
6458,21064,708,13,3965,15861
27329,10503,737,2,-891,5942
21347,-4335,848,2,-1931,9977
4585,21853,825,8,-77,17133
15901,22995,828,11,7902,16028
29057,7682,722,3,-6729,-7211
9833,-4120,729,11,-1115,4803
12479,22003,832,7,11016,3713
-1085,15932,725,14,-1085,15932
6188,23998,735,15,-1826,12310
17398,6138,708,0,9393,21895
18365,-5381,825,2,-1796,12127
4995,4636,741,12,4995,4636
-5334,4046,713,12,-6341,9711
27619,5440,712,3,-6767,3521
27557,12212,720,0,-6301,4104
-5105,-4834,831,3,-5105,-4834
28855,715,744,8,-12261,3441
10911,12403,709,2,12541,22505
-835,15230,744,14,-1305,11199
17378,18463,716,5,17123,18937
28943,6199,709,8,-1195,-12891
1887,13773,825,8,2150,5506
-683,-6518,730,9,-5860,16769
-11676,8872,715,13,7667,-13739
10794,21741,727,7,12135,22718
16699,22856,837,5,9098,17666
-827,2678,712,7,-2656,13311
23851,-1309,710,10,-5709,5667
27078,11096,710,2,-2747,2982
4317,14810,743,9,6402,19908
19846,22973,834,15,5226,13096
21269,20223,837,1,21403,20311
11381,7990,844,0,12491,20185
12834,-6590,715,11,-1422,-380
-9746,3476,742,12,-9746,3476
9449,18299,725,8,13194,22832
15182,-13344,734,9,-8328,-4826
13112,-7996,706,7,-865,-3453
785,20755,717,13,-3095,8604
27292,11583,704,2,-2939,-1358
23710,1353,723,8,-2835,10619
24269,-975,736,10,-3043,2408
19211,22551,841,14,10650,18297
23193,-8085,732,9,-5403,-8235
19310,1191,734,1,3933,19412
23535,1902,729,1,1584,19249
20116,-8648,718,9,-5819,-4931
28363,11306,738,0,-9062,8563
15467,25649,835,12,-7427,-3625
6857,18663,847,1,8777,20803
7172,25001,741,13,-1877,17415
28493,9212,705,8,16564,-12191
-351,7369,720,7,252,16548
9252,23920,837,8,5145,22198
6837,3370,737,12,6837,3370
13609,-14368,725,5,-11650,-844
21657,10324,706,2,8065,14449
21644,21470,832,13,18186,20569
22028,21495,846,13,16869,21051
9268,17182,717,8,12422,22444
26229,13270,711,0,5625,339
25568,6936,728,3,1947,6397
27182,11368,721,0,-3831,9521
-5953,13569,739,7,-2568,19379
25832,10642,709,0,465,11752
2728,1911,845,2,7014,22363
21768,20654,837,9,20737,20340
28762,6011,741,1,-9005,6034
-356,16093,747,7,2136,19928
18659,-3516,710,10,-4186,13206
1773,1297,741,7,-1164,7971
-4586,13611,743,12,-4586,13611
8968,21705,848,6,2745,11374
20217,-5756,728,6,-5744,14620
14007,-7990,706,9,-5454,2229
13851,18754,744,2,16777,22407
21024,21176,845,13,16110,17339
28612,9463,708,3,5219,-14040
26878,-2022,706,5,15320,-12684
-1323,12185,726,12,-756,15754
29247,5619,707,10,9458,-15967
15143,23290,727,15,13655,22633
12321,17767,833,3,12321,17767
1219,20897,848,8,-4771,12172
4132,19116,845,3,4132,19116
27523,13505,705,2,8482,-15231
18431,23329,848,7,9023,20936
28578,11869,742,2,-6945,-5799
14439,22180,723,7,15065,22560
14082,1005,826,2,5625,14263
13630,17869,743,0,16681,22405
25307,7794,726,2,2505,17266
-4222,-5127,748,5,-8196,11631
1709,25303,744,13,-10528,4366
25278,3039,711,10,1310,-1543
13822,24186,831,11,1759,8237
25781,14039,705,0,11492,-307
21843,20333,838,10,21538,20157
22188,20610,836,11,21334,20321
15351,21501,743,6,16681,22405
10392,21601,826,6,5709,15339
-3644,-2897,727,7,-6765,12764
28986,8821,725,1,-8580,-4813
14342,22778,847,11,7144,6450
2487,5848,714,7,786,13565
28518,11459,734,2,-7381,-4004
19682,23963,841,15,-2665,-7558
11440,24412,825,5,1747,1875
-1987,18973,734,11,1955,22653
10139,24073,837,6,1034,17488
13262,22342,845,10,8864,19162
17617,17843,708,4,16807,18935
21807,20701,832,9,20916,20422
13131,8864,840,0,13195,19331
25937,5407,843,0,10920,2990
20277,20096,824,7,19255,18617
-8795,6772,825,4,6258,-13232
12344,21340,825,6,8734,17073
13088,21579,737,12,13088,21579
12240,21864,839,6,7636,17002
974,21525,845,10,-4376,-1253
607,25231,743,15,-7685,-4855
19288,21873,842,12,13407,18564
21045,20596,826,4,20763,20437
23356,4845,711,8,2623,6060
28830,5201,742,1,-9104,9471
4235,-12788,730,12,-4668,-8499
12127,18903,732,1,15279,22674
-413,21257,840,10,-4047,-3292
6711,22801,847,3,6711,22801
13292,4201,721,8,5938,18579
19555,-6705,745,6,-5981,12536
28694,9493,718,1,-3617,-9488
29092,7062,706,4,10483,-15845
24143,92,734,4,-3018,5654
25815,7603,740,3,5627,3250
18817,23658,838,7,11165,23495
7327,9880,747,3,11030,22574
-5737,12298,824,4,959,-7800
-6741,352,716,12,-8683,7207
23167,-7504,848,2,-7418,11220
21081,22389,847,15,8695,18780
385,9484,836,3,385,9484
-1393,22872,730,13,-9038,5500
11890,14129,833,0,15335,20775
6038,-8508,743,6,-1283,21242
24940,3363,719,1,-1088,16259
17568,23602,830,14,4631,14681
249,23554,734,13,-6939,1395
11986,23236,741,13,8527,20468
21021,22449,846,15,8522,18616
27074,9412,710,2,-3887,11512
920,16076,713,14,920,16076
18987,23437,828,15,4388,6531
17956,2528,705,4,2292,12474
9924,-14676,728,7,-10038,-2666
2542,22489,845,10,-5040,2635
1472,13649,719,15,8338,1598
28427,11582,733,2,-10679,3809
13669,25270,835,5,-4809,7396
-697,19804,743,14,-2634,16429
27454,11726,734,0,-2387,4914
20557,22298,832,15,11173,18444
2614,18529,843,3,2614,18529
16791,21247,849,10,14398,19889
9532,18525,717,10,12422,22444
-587,3921,709,12,-2304,8067
3113,-760,716,5,-2491,12002
10089,20719,710,7,11244,21944
19516,23921,838,15,-2544,-1306
26036,26,706,6,-5047,-2531
10663,-10430,716,7,-5136,-2346
7163,-2998,735,11,390,3304
20518,22452,836,13,11274,19471
18931,22141,846,11,13224,19683
22081,4261,704,3,1195,11829
6673,-2235,714,12,2497,213
767,21773,849,4,-7084,5694
26232,4160,721,8,-2400,2364
21199,-10075,719,5,-3563,-10665
-10967,8499,748,12,-10967,8499
19536,22864,848,14,9429,19597
-4405,18051,829,10,560,-9355
18488,21115,831,12,14996,16478
-12107,4690,706,15,15846,-12256
19274,-5374,723,10,-4614,15549
-57,4930,847,1,-707,12213
14343,22569,849,6,9613,19720
23958,5500,709,1,465,11752
29238,4199,714,10,1875,-14967
-5747,13608,741,11,-1590,20357
23296,6872,723,4,7996,5459
8548,-5993,727,5,-4049,6796
18666,21234,825,6,17552,20558
24747,8232,726,0,4670,19194
17368,24321,849,5,4696,21763
22867,-9000,714,5,-635,-13204
12957,23202,834,11,6163,4460
12097,25460,843,9,-4322,1087
14622,24781,827,7,-795,11835
19287,-2045,745,6,-1084,9909
-4140,13476,741,12,-4140,13476
20394,23398,843,13,91,19110
14775,-560,837,0,6495,19066
9414,-10287,707,7,-5476,-1811
14101,22045,744,14,13715,21721
-6720,-6163,747,7,-10454,7154
-471,-4840,715,12,-5176,413
15257,23013,837,14,12249,2067
7132,24749,740,13,-1629,17084
28489,11377,747,0,-8400,10987
13128,2907,839,1,9961,4999
4005,19294,844,10,1286,3073
9791,15852,739,4,12135,21505
22136,-4542,723,4,-5469,16150
20663,23135,844,15,2915,18837
28358,7886,743,0,-242,21955
28210,12284,717,2,-7412,-8239
17786,445,729,3,4052,20111
13811,22566,718,14,13811,22566
1691,-9737,724,12,-5288,-4731
4532,26044,826,9,12429,-14662
11497,19328,842,3,11497,19328
16006,22084,742,9,16585,22410
27379,1693,744,3,-6283,13300
25912,715,720,8,-7130,9460
-2255,18122,827,6,3014,-7420
27174,3787,718,8,-5255,530
27088,11803,716,2,-481,916
16461,23302,834,7,6638,16220
21471,10122,712,2,8346,15328
2844,25314,739,15,-8824,3329
27853,-2428,843,2,-5076,-5623
17752,22020,838,9,12916,19159
17968,23365,848,5,9023,20936
16215,23064,741,15,14583,22325
13598,26179,834,12,5304,-14167
-7544,1331,740,5,-6470,16019
29450,1455,841,0,-6111,-4847
12369,25751,833,7,-179,-7074
-8971,16584,717,13,-2810,-10134
-1603,1653,736,9,-2644,15447
7834,19269,830,8,5658,15563
6278,-10990,839,1,-3817,-4693
-7714,6305,731,11,-3113,20134
13464,25578,828,12,5267,-10354
674,2666,843,1,-1153,10058
27571,13317,716,0,-3665,-8471
513,20917,712,15,-2809,5824
23382,-6345,716,9,-429,-9951
12529,24624,839,10,5793,22524
20278,23387,846,15,-2071,8807
28578,6119,712,8,-462,-10872
4045,9158,835,3,4045,9158
23193,-7166,716,9,-2338,-9945
20201,23230,847,13,980,12860
6870,15760,845,1,8349,18437
16516,21888,833,10,14122,20705
28110,3939,715,4,-3776,-6929
22484,-8522,725,5,-856,-11385
5038,-6020,723,6,453,22052
-3037,-6515,744,11,-8556,7415
7478,6247,827,4,14540,1049
28606,7780,705,8,8086,-14297
9255,20540,840,4,5675,15371
-5086,17526,824,6,4301,-11490
1982,13867,737,9,4567,20039
21980,5010,713,1,2934,14828
28692,9676,707,3,6514,-15187
26770,1335,731,8,-7500,9166
11325,11551,835,2,12499,19129
-2486,10254,714,12,-2264,14232
26760,-3333,735,10,-10782,1462
-12362,13272,714,13,1875,-14967
14982,23590,830,9,5407,16887
11979,22949,835,6,6084,18627
5016,5857,738,5,2933,12298
12561,-6974,740,6,-2160,17051
18600,22454,849,7,11278,19094
19725,23837,837,15,-5258,4059
27657,11987,704,2,-5117,-5566
11449,14760,741,2,14814,22535
17551,23137,848,5,8777,19369
11148,19948,729,6,13885,22659
21094,-9836,716,5,-2844,-10742
8600,21172,707,12,9244,21849
23133,20365,843,13,21636,20167
20436,-5613,737,4,-4718,15455
-5266,8922,824,8,-698,-4900
27104,13575,704,0,2252,-9134
2878,14899,713,11,4837,19840
16341,23090,735,13,15126,22592
14168,11549,837,0,14607,18904
27018,10955,708,0,-4093,10470
22892,20569,839,13,21529,20242
10092,17766,724,4,13054,22293
22420,-511,728,6,-2479,7562
18415,-11752,730,9,-10475,-1276
27152,11473,728,2,-974,4258
17077,24146,845,9,6224,22019
1127,10998,826,1,2004,15969
-3106,-11721,711,14,-3106,-11721
19116,21237,827,10,18065,20778
749,17883,739,12,749,17883
10301,26284,829,11,2912,-12192
11797,22081,838,11,11451,1830
16789,21505,833,4,15335,20775
-5985,5826,741,5,-3582,17348
3388,15105,705,7,4827,19251
12209,122,731,7,4428,4578
-3465,16473,738,14,-4699,11729
8342,12836,715,6,9297,20480
9748,4688,743,4,6487,19368
10722,26069,836,5,1178,-10547
-7605,15437,744,14,-8983,8660
1411,21501,825,6,-3234,-17
19934,22907,836,13,7187,16369
14789,25238,829,7,-3891,11899
-747,14585,746,14,-1039,10357
22851,-7502,717,9,-3132,-9310
28309,10144,737,2,-6917,6938
12012,-13809,732,5,-11160,2103
14777,23228,833,5,5140,12807
9242,14508,717,4,11141,21382
-608,1793,840,1,-2611,9818
3019,17452,748,7,4890,20203
16963,24203,845,5,3447,19923
4940,20128,842,4,388,10531
13024,25184,832,7,-671,-476
9916,15571,724,3,13054,22293
27513,13599,717,0,-1175,-9398
14073,23575,824,9,4541,15151
425,16072,735,12,425,16072
17775,23419,833,13,13356,137
-322,13651,746,5,2513,19768
13686,23028,836,12,12561,441
26625,196,736,3,-6021,15306
10632,20717,838,4,7484,16797
10216,2058,720,6,3526,17946
16622,592,717,7,8898,1294
17494,23038,831,12,8271,16593
21029,20587,834,10,20528,20372
12998,21120,835,10,9790,17539
20425,1719,849,2,7084,8818
26547,5664,841,0,11403,1342
9247,13957,714,3,11792,22076
23634,6797,720,0,6114,20881
28683,11114,733,2,-11755,8305
28543,9589,718,1,-1892,-8819
8167,11485,826,6,14305,3918
23711,4181,731,6,4847,3105
15230,25343,829,14,2241,-7624
6365,22417,724,13,2184,16733
10836,3893,833,3,10836,3893
18490,23896,825,13,1196,3912
-2771,-11028,717,14,-2771,-11028
11359,19980,717,10,13697,22550
27093,8578,738,2,-1483,13725
-979,-2227,834,1,-4804,6653
1116,14363,728,13,5593,2263
22898,20230,847,12,22057,19951
22910,19736,849,6,22648,19609
-4943,18074,726,14,-4943,18074
3672,-13848,709,14,3672,-13848
-10699,1286,731,14,-10699,1286
14660,25367,830,12,-1290,-4038
7835,20702,735,7,9064,21847
-6846,16840,831,6,6897,-13738
28997,6017,729,8,-4213,-9178
3462,22774,847,10,-4969,4387
28763,7667,706,8,7662,-14644
606,3449,745,5,-1095,13179
3988,20993,738,14,2578,19055
26010,13895,712,0,10306,-251
25563,-3137,746,4,-8635,10288
18851,22321,834,5,14263,20739
16796,25031,835,14,-6396,1044
990,19627,844,4,-3417,4552
16736,24294,842,9,6107,21931
21157,-9871,728,5,-3963,-9618
15767,-3656,729,10,-819,17167
3058,16832,826,4,2055,5960
27687,12953,705,2,3558,-13623
-4078,-4634,738,9,-7090,14809
27822,13305,716,0,-6634,-9216
18560,23663,844,14,2857,16485
3447,19923,845,3,3447,19923
14866,23348,831,11,4983,12174
7400,-8187,748,4,1468,23006
13573,23219,834,11,5190,6158
7957,-13643,743,9,-10542,3887
26692,3664,743,1,-3296,14034
19880,21556,843,12,15215,19145
-4788,16288,732,12,-2551,19964
19600,22033,834,7,15456,20797
24990,9412,731,1,6816,7148
19591,-7599,707,5,110,-7907
2174,18834,748,7,4823,21659
16752,24556,830,7,2836,20693
4081,-2111,720,9,-2581,13561
27914,1337,718,6,-5047,-7029
13278,22414,718,12,13615,22649
-6337,11683,738,11,-2618,19285
-7703,-779,834,3,-7703,-779
5576,-12839,731,7,-10086,2597
27807,459,735,8,-9913,3608
11367,20155,720,10,13841,22676
-4635,2438,723,7,-4614,15549
5298,20490,825,10,994,8660
28543,1816,732,4,-10889,509
-2344,9082,711,14,-2344,9082
28179,8799,745,2,-4124,14675
17014,-10535,718,5,-5819,-4931
14567,21172,711,15,14058,19979
17286,25154,824,13,10385,-13722
12637,25437,848,9,-5287,1014
15371,22710,840,12,9843,5178
-5055,-808,706,14,-5055,-808
25945,459,719,10,-5540,1253
-13039,7224,706,13,8136,-14958
-12432,12447,707,15,8345,-15039
11407,23908,732,13,8317,22240
14637,25435,833,12,-617,-6357
28292,3705,723,4,-4851,-5431
26600,12470,705,0,-627,991
17162,21721,832,10,15201,20751
23488,3935,737,10,6398,2495
14379,-7512,704,9,-4850,1532
18047,23998,849,9,8798,23604
9771,24009,736,13,4363,19827
28928,8598,709,3,-1195,-12891
29211,7158,727,3,-10257,-2850
9715,16721,706,3,12417,22356
-1416,20180,833,6,-179,-7074
12690,22653,845,9,6303,5826
-4092,-5288,732,5,-6872,16504
9429,-8558,742,10,-1531,20383
6684,25359,722,13,116,21815
14539,24146,839,9,1923,14602
4374,11099,732,9,5601,19084
23219,-284,830,0,1063,10838
14072,21949,731,9,15180,22649
20508,-1970,714,10,-3297,10663
27178,-1561,736,10,-8305,-1980
-7805,17152,745,14,-10079,10504
25808,7139,744,0,4527,20573
28667,10164,717,3,9309,-14235
23536,-8470,709,11,5147,-14902
10695,20651,715,5,11921,22052
21029,21350,827,15,17138,19098
27826,-561,741,4,-10256,1941
28379,1967,712,6,-2928,-10605
16244,-12788,734,9,-6897,-6464
19411,-11434,714,7,-151,-12583
26566,3361,715,8,-4874,2133
19202,24120,834,15,-747,-8000
9867,26563,829,7,8668,-13979
7835,-790,707,9,-798,10283
17779,23162,844,7,8689,19026
19133,731,711,11,10628,-348
25889,9275,733,1,4985,4843
15547,24679,825,7,302,16584
27479,13859,712,2,13616,-13786
9494,1153,834,2,5888,18384
16564,24987,838,14,-2984,-3906
28378,2930,724,8,-10177,1692
13268,22377,727,12,13655,22633
2891,11753,711,12,2733,14262
25410,3601,728,8,-1873,5964
11277,24175,833,5,4051,-1674
10527,-9196,712,7,-4041,-1697
-520,15270,748,11,2389,20139
337,8105,705,15,12735,-965
28757,8460,715,3,-1523,-10528
1930,13056,842,1,3459,17568
18871,22074,846,5,14070,19914
26155,-4264,708,9,5732,-14500
14509,-10730,718,11,-4957,-4236
27545,11578,704,2,-5268,-1547
13418,25404,831,11,-4583,4395
27930,10494,727,2,-6485,9147
12491,17399,740,2,15825,22542
11837,26332,835,7,840,-11059
27883,835,844,0,-4176,2991
14070,23169,849,10,9241,21051
-4613,19843,828,10,-2628,-9608
-756,23484,734,13,-7113,-1246
11483,22572,722,14,11483,22572
1067,10548,825,1,1813,15618
23794,1161,726,4,-2698,8413
9545,26492,826,7,8683,-13648
-1441,14008,741,14,-1539,9731
28749,3964,728,8,-9602,-1232
5928,-11466,742,9,-8976,5929
6099,-14817,712,12,-3339,-12011
4097,14203,706,12,4217,16137
23020,-4821,737,10,-7418,8482
24479,-1125,827,0,-1736,10020
17796,23491,836,14,5133,14239
13411,21140,737,10,15344,22630
13357,11015,746,4,11013,18017
11105,19827,739,8,14399,22813
20324,23202,845,15,704,11962
16282,-100,728,5,5568,2668
9510,24702,740,13,2707,20476
1024,19420,725,15,483,3624
12848,21598,846,9,9147,6408
17676,23705,827,14,4650,16562
12137,24643,839,6,4153,21441
2482,24562,719,13,-6209,15987
-2361,15191,732,14,-2361,15191
-6745,-2322,745,7,-8834,9516
7685,25777,736,15,-3571,18165
21542,22530,846,13,12878,23688
27918,8814,743,2,-3688,14523
11382,-13526,733,9,-11202,7989
-6376,12116,736,7,-3286,18489
21909,3218,729,1,3026,18003
6649,18562,839,4,4100,10618
-2829,7408,717,14,-2829,7408
3341,22053,736,13,-1469,7162
14415,22319,845,7,9241,6201
20220,-667,735,3,1804,18348
-6254,15935,837,4,-3507,-8022
13442,20559,729,8,15660,22571
7490,17975,747,9,9432,21030
26364,5323,845,0,10423,2014
29134,2717,734,10,1987,-13583
19928,-3879,703,5,5311,-5624
28561,11257,743,0,-9446,10606
10148,24812,845,10,826,19823
19106,23540,831,15,3335,4177
25638,3544,718,1,-2572,15280
27484,-115,746,8,-9371,7886
13137,23338,829,9,3710,10761
8145,25177,748,15,-2066,16323
18754,23017,845,12,8864,19162
14372,25268,849,5,-5191,5688
1525,21797,747,5,5827,24370
15517,25637,834,14,2798,-13104
26932,11617,712,2,-332,738
21299,20912,834,9,19908,20594
15199,-448,733,5,4360,3687
27021,-2892,742,10,-10298,669
12689,23308,705,15,10820,22063
6906,-2266,709,5,-1885,8437
18750,24382,826,15,-2414,-5986
10916,25886,830,11,2033,-9314
8508,12236,714,10,9189,20389
24490,2932,730,1,2,17694
23311,20270,847,15,22057,19951
11606,25081,831,5,-317,-1065
18356,22075,844,9,13787,19802
18148,23450,827,15,10364,1618
8160,-5449,734,9,-3018,5654
6252,21044,745,14,5117,19548
12692,20215,745,10,14924,22345
85,8052,710,12,-635,11523
11798,19916,737,4,14410,22533
781,22293,724,14,781,22293
1445,21905,727,15,-3511,6019
684,19785,833,10,-1326,-577
11482,17854,840,1,12372,19244
28447,1823,718,6,-4479,-9374
21636,2045,735,10,3180,5601
588,3666,824,1,-1052,10269
16401,24574,836,5,3189,20709
9840,15728,724,1,13311,22576
9232,24905,742,13,1887,20363
7469,-10122,829,1,-2064,-4982
15217,-9812,709,7,-1246,-6920
25398,4598,719,4,1943,883
15260,22240,731,7,15844,22556
22115,-9365,717,5,-1790,-11929
22900,-8514,721,9,-5325,-9098
25262,3208,717,3,-3007,12157
9534,-246,715,14,9534,-246
25423,5577,831,0,11173,3557
20636,-6471,718,6,-7307,13660
27313,-2768,829,2,-4505,-4933
16606,3407,705,8,3629,15130
24504,-541,727,4,-5644,10306
25602,-5350,715,11,11028,-14184
13778,-13015,714,7,-5814,-7166
6293,19249,747,7,7744,20982
21729,20954,834,12,19908,20594
26671,12641,741,0,5394,3517
19698,4898,741,0,10093,22287
3952,23634,747,13,-4096,8600
12431,25755,836,11,-2265,-4485
25288,3356,718,10,1702,-644
8014,20641,830,8,5136,17364
8958,21178,739,14,8190,20237
11627,14170,742,1,13463,21621
28146,10179,737,0,-4718,15455
-1428,16347,715,15,3293,-728
-6411,3103,732,12,-7393,9872
11278,18503,738,3,14517,22519
19411,24029,837,15,-2758,-3814
29220,8931,726,1,-9185,-6788
5412,-6483,837,1,-1863,-174
-2105,22983,720,15,-8963,713
4228,10206,828,4,9336,1237
8691,14311,709,3,11372,22231
5879,7460,829,1,4869,11545
13025,23244,824,14,15762,-340
8004,17637,723,6,11614,22597
29290,5407,738,3,-9357,-1367
28663,9858,718,3,7400,-13402
27443,964,738,8,-8536,3769
28293,3575,703,6,3432,-12450
-2782,20372,729,14,-2782,20372
25984,5249,843,0,10334,2671
21185,21995,841,15,12504,19312
21802,17379,837,1,21773,17510
15245,22117,742,9,15998,22525
19218,19744,824,0,20350,20588
-174,13492,743,9,3542,20988
17067,22463,843,9,10375,18293
17688,24385,846,12,-2992,14593
21514,20577,829,15,19568,18667
20571,22064,842,14,15312,21024
27270,9591,705,1,3132,-5023
27949,-916,734,10,-7505,-5588
23605,5169,708,8,3061,4983
8874,4551,829,8,14096,1199
-8556,5913,748,12,-8556,5913
16852,21562,844,8,15553,21085
19668,21120,841,14,15788,17134
-4547,17471,827,6,4407,-11091
27004,9577,706,1,3559,-3564
28850,9324,720,1,-5179,-9368
19446,23232,825,15,5576,15090
23366,-7624,711,5,2307,-13274
26622,3867,728,1,-3236,15989
12673,-878,729,10,2020,18035
15125,22526,733,12,15391,22684
5625,6106,715,9,3122,15356
10840,17214,733,3,14073,22463
9363,25967,745,13,451,22420
8842,20322,847,3,8842,20322
27496,1192,730,4,-9083,4517
11251,-12750,722,12,2636,-12203
-5756,499,740,9,-4774,17459
-8508,18251,710,15,-1145,-11751
26639,11842,738,2,6143,2741
5974,-7789,744,6,-847,21013
27157,14170,704,0,8380,-14419
21166,22758,848,15,4364,20617
5836,-11752,728,5,-9830,7692
-959,13603,746,12,-959,13603
12504,22262,842,11,10543,2488
18845,23647,828,15,3879,2937
19371,-11844,715,7,-695,-12808
17559,23553,849,12,2830,11759
18604,21023,828,4,17834,20568
15561,22286,836,14,12861,5072
21345,22780,849,15,7319,23049
19729,4340,704,3,3522,14861
-2948,17996,841,4,-4502,-2527
27581,12980,719,0,-5469,-3486
28726,3779,729,8,-9931,-197
12915,-4062,733,6,79,18495
16889,22729,833,7,9021,16749
25583,-4806,710,11,12165,-13577
-571,-9388,715,12,-7127,-3613
3113,23770,837,6,-6794,2776
28900,4549,718,4,-3546,-10792
20051,23600,848,13,-4568,5941
9135,-1810,731,5,-415,8066
9845,26487,842,9,-1944,-10608
10435,-14958,735,9,-11410,72
27490,12340,718,0,-5934,2616
21421,-1056,709,4,-3155,11840
-5685,-6259,719,14,-5685,-6259
14459,9668,735,8,10110,17014
10671,22258,711,13,8760,20096
25812,12825,731,0,6816,7148
8392,20325,832,9,13635,49
-2516,22638,723,15,-7866,-1015
10725,22171,834,6,5119,15864
9766,25707,830,5,3886,-9736
29109,7689,723,3,-6986,-7430
7520,-2235,748,4,3570,21508
28273,1277,725,10,-8198,-3998
8659,20205,828,4,5404,14989
9881,15443,704,1,12249,22224
14931,23647,828,14,9336,1237
10374,24092,838,6,1328,17846
-1717,-2447,718,14,-1717,-2447
14748,-14457,731,5,-11806,-1291
-5963,7202,839,3,-5963,7202
20485,22855,848,15,2745,11374
9513,22665,722,15,6127,18729
27367,13083,719,0,-2116,-1841
-4868,-2038,705,12,-7899,4186
9825,23578,722,13,6474,21162
18122,19921,831,4,17424,19158
17891,24411,848,14,-5054,5168
27864,13315,721,0,-5193,-9255
28021,11126,725,2,-7469,4610
-1663,21659,714,13,-7396,6081
19392,24085,839,13,-4814,-5520
1117,-11092,744,5,-9920,5342
28466,6876,705,4,8668,-12775
20629,-587,742,3,1385,18303
2991,23023,747,7,5827,24370
27184,11519,720,2,-1500,3050
4667,19912,841,4,331,10039
7850,24485,834,6,-2827,14896
10046,7964,746,8,9043,20304
18559,23515,828,15,7205,2623
4736,13929,720,7,5736,18395
20107,23035,843,15,2510,9301
28683,10788,745,2,-8425,3375
25674,98,832,2,4389,-2072
22288,20125,846,10,22005,19973
27800,7012,711,3,-3596,-2378
15958,2579,714,7,9660,3967
9436,1659,744,7,5335,5140
24805,2569,730,3,-1741,15044
9237,26556,825,7,10954,-14630
17744,-12492,738,5,-1689,-11463
28534,10500,710,1,4176,-14722
13676,25873,834,7,-6736,-828
26625,10945,715,0,-1765,11279
15591,-4405,716,6,-2735,16037
-5674,3172,834,3,-5674,3172
9385,16002,725,12,9398,17111
5863,15905,731,5,7723,20307
5542,8418,838,4,12043,710
21579,20895,836,11,20046,20570
4290,-2981,711,12,-3,252
2134,16038,743,7,3822,19228
15577,24241,840,7,635,11421
18588,17938,740,10,18085,18867
18725,1129,719,8,1401,15242
1990,-14683,737,7,-9765,-4134
2490,21107,834,6,-1294,766
22097,20564,846,11,20943,20178
3427,-11087,737,7,-5997,-2479
29014,4400,744,3,-9905,5144
28779,7448,718,8,4916,-13278
-8204,17445,745,14,-10634,10683
20957,21896,840,15,13157,18413
11867,21747,728,9,13537,22865
18799,23210,832,15,8641,4364
-12263,5682,747,14,-9030,-4226
10488,-2280,741,10,1134,17988
22233,-7066,743,10,-8226,12381
27557,13535,718,0,-1892,-8819
12177,-4010,705,12,7584,-3563
22246,18719,845,14,22049,17443
11753,16483,736,2,15235,22616
6670,21280,723,14,6670,21280
-2837,22148,728,15,-6992,-2157
19932,-4489,704,4,-5280,15080
-8524,15957,708,15,2385,-10989
28937,6977,711,10,14446,-13581
13234,-6440,744,6,-2366,16874
-10608,-2847,746,7,-11336,10986
16938,23143,841,11,7958,17397
895,12692,840,1,2762,17645
28354,6479,704,4,7069,-12629
1038,10088,824,1,1641,15242
17965,-11799,730,11,-5257,-7908
21206,17914,824,4,21297,17567
-1556,6804,737,7,-1607,13257
13273,9634,725,10,9398,17111
28841,3569,715,10,-1020,-12202
16832,24292,843,7,1455,17575
-1114,9446,744,12,-1114,9446
26919,10192,741,2,543,8361
28850,6709,712,8,1763,-13425
26783,13108,717,0,2081,-1070
3295,6348,726,9,2505,17266
18132,287,712,7,10306,-251
10585,24261,841,4,4799,21845
28773,4713,724,8,-7644,-4843
28112,9027,737,0,-2979,18904
-4041,12795,745,14,-4115,7302
-4973,16669,708,13,-2439,-2433
5708,-14095,747,11,-8758,-2821
13881,1899,729,8,4585,18992
7403,458,739,10,3302,19546
15473,8345,712,2,10428,21135
15613,-12885,714,7,-4577,-9259
-8526,10055,832,4,3441,-12338
23028,-2,725,6,-2311,5835
20499,20822,849,4,19886,20621
13299,704,844,0,8202,19892
6307,-7914,709,11,-5957,4307
2141,1286,721,5,-1564,13773
11100,25833,830,11,1265,-7955
28476,3049,746,3,-8689,10234
24187,-2535,748,8,-5217,14288
6335,16919,845,4,5173,8065
21149,-8375,703,7,5639,-12498
29372,6541,744,1,-10905,2512
4475,24962,736,13,-6153,12887
13823,26018,849,11,-6895,-3133
17550,17911,708,10,16807,18935
20164,19692,836,0,21183,20332
16755,21925,827,5,11674,17146
21775,-3327,722,6,-5356,10090
-5969,4535,827,8,2829,-8948
28921,4139,721,4,-5193,-9255
14096,1199,829,3,14096,1199
26112,6839,703,4,8534,-3894
25313,13290,704,2,11763,2788
28244,640,729,4,-11924,4718
7866,1777,729,12,4837,3991
17047,22941,742,13,15998,22525
14678,1819,726,8,4058,18334
27422,13727,703,2,11311,-14457
13909,23005,734,15,11437,21196
2878,22616,846,10,-4895,3383
28517,9305,714,1,-3439,-7838
4600,22784,713,15,-968,13961
-1228,977,746,9,-2597,15488
28760,7519,711,4,11802,-13589
5535,8221,733,4,8504,22334
11581,25408,840,9,-3219,64
28341,3422,713,6,1989,-11297
28786,7653,717,8,6455,-13427
9708,12066,716,5,8597,15901
-10725,11628,704,13,2554,-12140
18431,7827,720,0,10021,20922
25915,8476,740,1,5207,4356
1419,4701,724,9,1107,17835
17006,21506,835,4,15577,20814
9455,15668,847,6,11479,6711
-4553,1856,844,3,-4553,1856
20502,22346,831,15,11047,18319
12431,23302,703,15,10530,21984
27783,1060,714,6,-5298,-6691
28378,4606,722,8,-6594,-3770
26555,9181,720,2,-1263,13505
15013,23899,842,11,2244,9790
14331,25375,842,7,-4421,383
10231,22394,826,6,4489,16285
15585,17631,825,0,17552,20558
23550,19988,846,15,22479,19697
5611,23727,730,13,-585,17499
4276,19818,705,13,2292,12474
10234,15505,738,11,10325,17393
28188,3437,710,10,-398,-10219
20603,21857,833,13,14199,18687
18904,23116,839,13,8089,4314
27514,7215,719,1,-5007,4684
20935,1991,726,1,3426,19532
16622,21704,827,10,14604,20561
15923,-3750,747,4,-135,17670
3814,4172,731,12,1739,7560
17581,23521,829,14,5539,15279
24072,2234,831,2,8650,1915
13294,-13764,731,5,-10976,391
11344,6910,836,2,9930,17685
-7488,-6195,747,7,-11014,7663
4820,-9021,710,7,-6973,3028
24996,3236,836,0,5901,5098
12848,22912,831,12,13984,206
13020,22268,746,5,14045,22840
27829,12150,717,2,-4414,-4958
6249,-12728,738,5,-8908,-131
11880,2330,831,2,6451,16521
20365,3721,715,3,3122,15356
17799,-3635,825,2,107,11469
10477,26349,825,5,-2982,-8109
4980,8137,828,10,14700,-221
19048,21808,832,12,14093,18642
-2090,-1694,707,12,-5424,3606
-24,24858,747,13,-9643,-1728
13350,25351,826,5,-4306,9929
4033,-4237,741,8,4096,23752
9971,6735,735,8,7602,19661
16391,24493,831,7,1939,18755
17425,9023,733,1,10128,17856
25648,-5730,706,9,2600,-14822
28143,12112,731,0,-9969,7961
27252,12552,704,2,1957,-7669
18975,22399,832,7,14001,20669
12804,25208,839,5,-2459,1145
-3886,17161,829,10,1919,-8425
16309,19004,836,10,15378,16813
10547,18691,713,8,13247,22500
26364,13286,726,0,6084,2155
385,8671,832,1,1014,14614
18625,-8791,740,10,-6470,16019
25711,3655,824,0,6678,2761
9682,1373,726,12,6510,3021
18947,2051,744,8,3355,14036
9873,18374,721,4,12940,22531
5984,10887,834,10,12920,1680
28646,1310,741,8,-10840,1224
28593,4158,732,3,-9270,10893
15233,22465,838,11,7931,10988
20680,20336,827,1,20837,20416
18435,23889,847,12,3797,19659
1219,25595,745,15,-8936,-3749
-4189,-2079,743,5,-6528,12674
9203,1379,835,2,6084,18627
223,4821,729,5,-186,16833
13368,7879,735,0,12626,22645
20121,2728,713,3,2340,16141
27747,11284,721,2,-6007,2733
27704,11326,717,2,-5718,1884
18973,20275,845,1,19266,20481
15781,23288,842,14,10995,1312
27046,12932,707,0,-1354,-2918
28242,-485,742,8,-12067,7090
10637,-9105,710,5,-6338,2021
19049,-1799,848,2,2745,11374
23790,-8149,746,6,-11336,10986
8582,16874,709,6,11105,21894
11553,-7627,728,5,-4052,3378
28870,3959,714,4,-5681,-9524
19221,-12578,721,11,-5018,-10950
12222,9049,848,0,13504,19815
26940,4637,744,0,4990,24116
6202,23590,732,13,445,17826
27941,7071,703,3,-3575,-4597
-2795,-5682,841,1,-8055,5324
27788,12898,722,0,-7534,-1787
4679,-8380,715,11,-7173,5787
12644,19229,836,3,12644,19229
28775,2958,726,4,-9070,-4198
16892,23979,846,9,6846,21067
14746,25034,846,9,-2992,14593
-443,-8676,711,14,-443,-8676
28490,11361,736,2,-8305,-1980
933,15402,741,11,3355,19670
26222,13160,727,0,6271,3257
16381,25036,832,14,-4119,301
11745,12200,716,0,13375,22619
11472,22038,843,6,6150,16148
9012,11631,716,4,9456,20570
16852,-6083,712,4,-3121,18666
2134,21036,844,8,-3526,13451
20157,21468,847,12,15601,19316
4148,-5106,734,9,-4549,8812
28757,5377,713,4,378,-12490
16784,23093,738,15,15438,22607
5149,8013,726,10,7218,21649
7487,23320,830,10,-793,14635
3038,23567,731,14,3038,23567
12735,-965,705,14,12735,-965
13015,22810,846,6,7287,18848
-1756,6384,730,11,-585,17499
1939,9727,721,14,1939,9727
465,18563,732,12,2001,20833
26762,5550,710,8,609,-2933
16153,24237,847,7,980,12860
27144,11972,714,2,-81,-1389
26120,11732,720,0,1948,9362
-49,12980,732,7,2962,19922
4705,5957,735,11,2817,11352
22171,-2997,734,8,-3715,14383
198,25023,742,15,-6945,-5799
13458,26073,845,11,-5960,-5984
-6463,15706,849,8,-8023,-2224
9849,17524,720,4,12563,22206
7845,-10392,836,1,-1940,-5263
18572,24615,824,15,-2281,-8774
-3691,-1220,741,9,-4895,15752
28701,447,836,0,-7321,902
13434,25567,832,7,-4119,301
-5078,15876,707,13,-1354,-2918
1003,1193,718,11,-2251,12935
28754,2455,717,6,-2501,-11861
11784,18539,747,10,14017,21743
23719,1397,743,8,-1147,8978
24773,-7018,743,6,-11854,8197
9336,24678,739,13,2420,20272
25172,424,712,6,-3368,41
26195,375,738,1,-2925,18978
18746,23063,841,14,7958,17397
-8744,10428,835,4,3299,-12679
27189,9055,739,0,31,17594
18623,-5961,744,10,-4359,14158
-92,13074,746,5,2385,19399
27061,9699,707,2,-4161,9937
16008,-3532,725,4,-94,19197
27297,361,733,4,-9705,7064
17355,19680,725,15,17483,18971
17523,407,730,3,4281,20311
22092,20592,840,11,20972,20256
22712,-2591,745,10,-4115,7302
19217,23660,829,15,646,5918
4388,10545,830,1,4631,14681
13535,25487,826,12,3618,-7824
17344,23894,849,7,3986,18083
14153,24602,840,5,-1289,8345
25997,-6044,705,11,11474,-15698
19541,-1913,712,6,-2779,10012
12019,3746,712,10,4486,16766
26111,13155,712,2,10306,-251
8565,-3051,736,5,216,3790
-672,-10892,741,11,-9927,3193
11232,3919,746,5,6819,8314
25929,6387,708,1,-2265,7559
15552,1324,716,4,2343,15779
16480,22943,833,11,8535,16969
-8055,-5309,748,7,-10897,8529
13030,21431,737,9,14107,22273
19559,22336,833,12,14122,20705
24194,1693,738,3,-1483,13725
22941,-1145,741,4,-3221,9613
23745,9332,704,0,3994,15700
-580,-11646,742,11,-10414,2913
27335,9598,727,2,-3279,12801
13342,26118,840,5,-9243,1477
29350,3911,748,3,-11084,6419
15373,21278,721,15,14840,20213
10506,4063,743,1,9427,22393
21578,-6521,746,6,-7565,10890
18553,23120,838,14,7205,17078
26123,13330,723,0,7267,2359
22106,-5141,740,8,-4774,17459
18699,24491,828,15,3040,-12079
26320,6086,707,3,-2030,3060
22204,21032,827,15,20015,20524
28754,6639,737,1,-8052,2787
11134,-14969,728,5,-12523,2281
18132,-10561,707,11,-1957,-9383
-4581,12132,708,14,-4581,12132
28018,4679,731,3,-7500,9166
15040,-9264,722,9,-7026,2264
21578,20084,842,1,21717,20147
10902,23556,743,13,6402,19908
19357,23202,837,15,5794,5422
-1081,14898,826,1,1533,19568
1254,14494,738,7,2760,18244
8102,-13039,837,1,-3507,-8022
10261,26470,827,5,-1768,-10277
471,21653,841,4,-7132,6229
18819,24268,827,15,-2174,-3102
27286,8664,703,3,4261,-5715
19323,23806,835,13,-2613,6726
7699,5184,832,8,12883,1039
7527,17804,845,6,7324,5900
26501,5311,843,0,10747,1479
4345,13801,838,3,4345,13801
12299,23831,848,6,4950,19839
8964,3909,830,3,8964,3909
-1607,-9004,719,12,-7957,-2614
4096,23752,741,12,4096,23752
29138,6501,729,3,-10397,417
8369,12940,716,1,12046,22618
7669,17669,710,7,8627,19988
15325,23386,843,9,4953,15342
4081,-14084,735,7,-7759,-5246
27565,3707,711,3,-8388,8760
25780,1363,736,1,-2773,17597
-10528,4366,744,12,-10528,4366
853,22729,741,14,-1590,20357
28631,10207,706,1,2600,-14822
7481,15172,841,10,9704,5380
9957,23045,737,13,5548,18332
22351,20173,845,15,20512,18685
12685,23270,826,7,6276,3400
13540,23805,837,5,2661,6743
773,331,746,5,-2554,11436
26662,9527,703,3,8534,-3894
2840,19982,827,8,-1432,13169
27838,2278,725,4,-8074,140
8302,25732,725,15,1080,22523
16988,24593,849,5,2294,21012
25672,3315,739,1,-2046,14456
26680,-3732,833,2,-6373,-1686
14097,25784,847,9,-8049,10995
12235,22826,720,15,10021,20922
3487,16832,724,12,4312,18819
-612,21667,742,12,-612,21667
27531,4896,715,1,-7259,11565
20767,-1820,713,10,-3353,10159
9431,-8046,714,9,-6222,7750
10650,22363,828,5,9336,1237
25512,8209,711,2,603,15425
694,24437,733,15,-9487,5844
28229,4733,704,10,5430,-12076
16937,22884,740,13,15856,22458
10692,365,742,4,3610,19001
16426,15613,727,2,15299,20238
20115,-3851,826,0,554,16993
21821,20815,839,7,20273,20513
17203,9053,737,1,10242,17278
11995,11316,710,0,12665,22525
12416,-3593,839,2,2513,17307
6266,-1964,715,12,2174,637
18447,-6948,710,9,-3123,-2990
17655,24867,849,14,-8023,-2224
28673,4875,717,6,6722,-13195
25754,7883,742,0,3610,19001
25219,-5993,703,11,10641,-14657
22684,5471,744,2,6594,20058
27939,8952,718,1,-1717,-2447
28077,7021,711,1,-8221,3089
27993,1575,837,0,-1869,-466
28492,11747,725,2,-11650,-844
6822,21193,838,4,1773,14196
9444,20635,834,9,12395,1273
8663,-7616,725,7,-3543,1864
21547,-2398,835,2,298,6984
21687,1320,735,1,2322,18550
27098,10834,728,0,-2317,13126
12565,-4928,719,11,-112,1128
10521,-72,735,10,2195,17149
13436,5425,744,1,9000,20758
18668,21034,827,8,18065,20778
8069,-3842,722,9,-2891,10091
16853,24549,846,12,-3689,5723
27141,14229,704,0,9032,-14046
27920,9479,746,0,-1797,17667
2179,17369,735,12,2179,17369
17627,24081,845,5,7014,22363
24844,5859,706,1,-812,9843
18778,17853,744,4,18205,18898
17148,21221,748,15,16540,20159
21763,16887,829,2,21480,17543
-5186,15229,740,12,-5186,15229
25072,1846,735,8,-2466,5448
-7792,12414,747,7,-3842,19432
22458,2768,747,10,4105,5304
-5229,-5460,748,11,-9071,9475
-727,24300,733,13,-11202,7989
9104,22803,834,6,1814,14679
27818,11554,719,0,-8489,9562
2262,23501,746,14,-167,21559
27764,11643,728,0,-6417,9818
-2752,18169,746,14,-4569,13697
10143,-5452,703,12,5097,-4528
15289,21273,720,15,14737,20189
18176,22863,830,14,9099,16789
15983,24963,839,11,-1316,17446
20743,21363,834,11,18663,20748
19000,24357,834,15,2798,-13104
20401,23311,847,15,-3744,6440
7,6832,720,11,252,16548
-12118,2242,743,12,-12118,2242
3119,13183,741,12,3119,13183
26269,7277,719,3,1061,2388
24171,4846,714,1,-234,12906
17307,23180,841,7,7683,17702
14945,8496,710,0,11244,21944
-9555,12096,747,12,-9555,12096
28139,-301,740,4,-10485,194
26267,531,704,6,-4093,-3932
2664,-3111,734,11,-3018,5654
14588,2630,848,0,9123,18597
6618,22243,717,13,2990,17215
14297,25333,826,7,-4306,9929
6153,25384,742,13,-4613,16246
17317,25021,839,14,-8726,3916
26263,13169,724,0,5972,2650
-127,3982,708,12,-1875,7929
-25,-2091,724,5,-4219,14148
-6529,3472,727,11,-4120,18300
1379,22301,840,6,-3919,-2471
23947,-2884,714,6,-7396,6081
2309,20535,730,15,-237,6016
5811,20157,711,14,5811,20157
14484,17883,719,6,14662,20167
-8990,444,839,3,-8990,444
-594,-11894,725,12,-8497,-5482
1033,25321,738,15,-9119,-2313
16985,22279,831,9,11948,18789
26758,4164,747,0,5827,24370
16905,23905,848,7,3287,16390
5628,225,707,5,-798,10283
14508,18246,842,1,15114,19116
17082,25190,848,14,-6292,-5888
24314,2600,724,1,225,17936
7922,22256,833,6,1221,12142
12528,20674,740,6,14727,22543
9587,20957,829,5,13635,756
18299,23330,849,11,9241,21051
28069,5821,705,4,4290,-10932
-4771,12172,848,3,-4771,12172
28902,4483,709,6,5802,-14612
15138,25456,848,5,-7418,11220
29205,7115,727,3,-9595,-2953
20156,20908,844,4,19501,20688
-8312,9605,845,3,-8312,9605
15463,-6276,745,6,-3202,15491
-4616,18588,745,12,-4616,18588
28344,11262,727,2,-10004,4412
3806,21178,824,4,-1946,11602
10269,20540,836,4,7187,16369
-8713,7104,743,11,-5383,17658
17030,-2552,848,0,4959,19243
17865,18393,728,9,17582,18975
-4616,9294,744,5,-988,18463
19975,20414,840,1,20351,20504
120,21561,704,13,-5123,9773
28168,8945,723,2,-5919,16550
9980,21931,828,10,5099,16326
18758,197,747,1,5271,21029
3279,-11595,748,9,-9581,8842
19369,-9465,714,9,-6617,-4432
23119,4304,747,2,6760,21555
9769,-10236,728,9,-8079,8531
16007,23369,835,5,6431,16868
9625,18789,717,6,12422,22444
12135,12656,714,0,13444,22429
26305,5971,719,1,-3057,9678
453,20653,838,10,-2544,-1306
28266,622,744,8,-10528,4366
8582,-6031,707,12,3141,-4363
8524,-14513,726,11,-11455,1499
27743,10628,705,2,-7899,4186
9522,25850,828,5,3642,-10774
29175,6400,736,1,-10317,2305
17570,1591,743,4,3279,13746
23769,-8507,721,9,-5018,-10950
-2677,7957,825,8,2330,-3422
12501,10061,717,2,12174,22161
7202,22748,834,8,2845,19677
-4211,17853,743,7,-242,21955
10954,25061,834,9,-1658,19
-3858,19579,834,10,-1633,-9077
-8849,4375,739,12,-8849,4375
26454,5475,843,0,10904,1654
20580,22218,835,13,11634,18765
27263,12434,714,0,-4621,1454
18666,24072,848,14,-2427,15679
19582,-4705,705,4,-5038,15582
12686,22407,840,7,10998,2135
20854,20658,840,4,20351,20504
-3891,17714,735,12,-3891,17714
2997,12593,739,12,2997,12593
28354,11286,731,2,-9455,5719
22992,4222,748,2,6962,21674
-6904,12860,734,7,-3501,19039
5465,13522,848,8,6033,6758
27390,7293,705,1,-5068,2222
-3963,-9618,728,14,-3963,-9618
27696,13404,718,2,7400,-13402
18600,24205,827,15,2742,-5948
28012,10669,731,0,-4593,16775
5264,16799,745,11,6787,19676
15767,8346,715,8,8525,15761
7333,16594,837,3,7333,16594
17394,24228,839,14,-1285,7774
29003,8293,718,3,-3646,-10404
28981,5844,705,4,3717,-15160
29138,5951,726,4,727,-13238
13981,25902,825,14,10400,-13171
7780,1421,732,12,4615,3781
14576,22655,834,12,10682,4071
28929,7803,714,3,-4577,-9259
20770,23144,848,15,-2427,15679
6371,-11952,727,7,-9084,1760
7651,18914,744,11,9000,20758
-11478,-756,709,13,16031,-13035
19211,22055,836,14,12679,18065
19430,23801,839,13,-2345,3922
15496,24166,840,11,1782,13434
5288,21650,835,8,480,16759
28050,12345,720,2,-5335,-7212
23776,-1401,731,4,-5104,12763
25027,2307,745,1,-668,16975
15277,25305,837,12,-2758,-3814
17472,21844,834,5,12442,17856
28957,-370,829,2,2912,-12192
-3343,8052,741,5,-1339,17434
26643,7583,742,0,3256,20813
24170,948,844,0,2519,9732
-5829,2512,729,5,-3398,19125
11130,-13864,740,9,-10044,145
100,11770,719,12,286,14923
27924,12907,708,2,539,-14133
22181,19256,837,15,21773,17510
-3454,22001,710,15,-8059,-892
17506,24212,831,12,1939,18755
7842,17128,703,9,9147,20489
14424,22952,736,14,14046,22757
-1634,20666,714,15,-3988,1321
-2405,20263,837,4,-7687,752
13535,-5618,705,5,-1294,323
12838,23783,833,5,3047,5043
8152,16313,847,10,9035,6625
17398,24157,843,5,6404,22086
-588,24373,732,15,-10547,2898
20611,23141,841,13,5795,21763
19408,23325,848,5,13260,23707
5703,-10262,740,9,-8178,6309
6843,-8607,745,10,-571,21805
-4311,22916,726,13,-11920,366
21697,-9682,716,9,-7148,-7844
28508,2104,723,4,-10570,-1345
-10978,4356,738,12,-10978,4356
11313,25635,827,7,3014,-7420
6909,2494,705,9,1238,12182
16447,17535,849,3,16447,17535
6116,10582,827,1,6077,14191
4485,19000,725,14,4485,19000
27869,13236,717,0,-7412,-8239
21129,317,739,3,1272,17450
29218,7833,727,1,-12185,1366
28013,7002,714,1,-7372,3519
16593,19544,707,13,16771,18938
-2237,9947,832,1,-799,16335
-3435,8030,709,14,-3435,8030
17643,23824,844,12,2462,15014
-9695,17327,713,15,1244,-13710
25030,1439,735,8,-3042,6237
5301,-7509,745,6,-511,21284
4995,-8677,839,1,-3512,-1806
23564,6695,721,0,6300,21026
11484,-192,707,11,3233,4649
-761,24987,739,13,-10681,-2177
-8077,5482,724,14,-8077,5482
19415,18387,828,1,19507,18650
28102,2639,720,10,-3235,-7546
-2455,-9390,710,14,-2455,-9390
24606,1386,738,3,-2225,13975
21129,22783,847,13,6831,22313
29240,7855,736,3,-566,-11102
27754,6523,716,1,-7232,6536
13944,21214,739,10,15743,22522
22202,-8734,714,5,-579,-12004
29032,4548,719,8,-8757,-6487
12720,22227,731,11,13867,22893
-1291,15544,724,14,-1291,15544
28584,2008,731,4,-10669,-347
11625,-2989,737,10,262,17190
13050,-2947,839,2,2764,16565
10785,14271,734,3,12662,21491
20525,22451,837,15,9567,17408
13000,22153,713,12,13332,22421
13381,22036,848,10,9123,18597
27159,10380,744,2,381,8118
17514,22790,842,11,9864,18432
-8919,-5175,726,14,-8919,-5175
18193,1782,707,8,1507,14343
12345,24656,840,6,4477,21645
28226,-336,742,6,-5637,-7598
20814,22656,845,13,8418,20034
-1769,-1555,712,12,-5051,3698
13635,25547,842,11,-4708,-932
27784,13027,706,2,1833,-14175
29125,4736,740,3,-9813,2259
29381,6224,727,3,-12238,1183
-5003,183,726,5,-4454,17840
28733,10264,744,2,-8983,8660
-5983,2869,731,7,-4593,16775
19347,19558,842,2,20350,20345
15482,24081,842,9,3459,17568
13294,21903,726,9,14495,22724
5234,7255,721,6,6300,21026
-5344,13192,832,4,455,-7617
810,23861,726,15,-8138,7003
5324,9714,721,6,7588,21415
14218,25492,824,12,-2107,-4462
20268,23335,833,13,3828,21427
18887,17586,738,3,18022,18859
-1042,19469,835,10,-1179,-4206
9215,20350,846,6,4949,10278
14380,-13579,730,5,-10775,-786
24352,6057,733,1,2516,13707
29164,5494,734,8,1327,-12363
10219,18381,710,8,12893,22447
10966,18844,847,3,10966,18844
27500,187,848,0,-4568,5941
18765,17945,747,10,18294,18900
2,17694,730,14,2,17694
9950,-13272,726,7,-8639,-2180
18168,19003,846,1,18475,19383
16711,24767,846,12,-5165,3395
10450,14065,736,9,10177,17138
22705,-6630,747,6,-8521,10017
29283,7252,740,1,-9747,-475
19231,-2567,827,2,992,9543
18557,23709,839,5,11397,23532
14477,-12974,724,11,-7952,-4619
22894,3051,716,3,-9,13653
22092,-4999,713,6,-7737,10166
19612,19593,840,2,20548,20290
26112,-4221,738,10,-10978,4356
-7168,19919,724,13,-7474,-6974
9803,11544,707,1,10845,21816
20551,-9903,706,11,700,-12068
20581,2647,734,8,2791,11031
7009,2931,829,3,7009,2931
2292,25724,741,15,-10264,1095
18232,20,725,8,1267,16913
3583,15516,849,3,3583,15516
207,11588,714,15,9863,-364
20915,-8047,743,6,-8226,12381
2518,-9859,739,5,-8291,4546
6619,21637,833,4,1199,15028
18774,23025,825,15,8366,7867
17726,24134,833,12,2531,19385
14566,22154,725,11,15277,22593
23453,-8348,710,11,4839,-14480
7630,19301,843,6,5276,7410
19296,24241,839,15,-2364,-8677
23436,846,728,4,-2569,9515
25167,4270,831,2,13136,932
3380,-11407,734,5,-9097,2545
10844,10705,742,2,13549,22779
5232,24368,747,15,-4096,8600
27797,12434,715,2,-2989,-7531
27715,9754,726,2,-4875,12384
19048,-12451,710,7,-1448,-13186
-6182,16234,729,14,-6182,16234
11944,21708,709,7,12771,22429
27099,10696,730,0,-2019,14040
10778,25607,828,5,-254,-5189
-7499,15987,832,10,4643,-13795
-2464,23491,734,13,-7505,-5588
26138,10713,714,1,9863,-364
12366,175,744,8,4054,19433
29124,3490,739,4,-2613,-10983
18776,22685,836,12,11274,19471
2072,19279,837,1,5145,22198
17550,23381,829,14,6303,14709
18232,23234,841,12,7477,18168
27481,9353,748,2,-884,12919
-5312,-5259,729,12,-9613,2492
9032,-3182,704,5,-1591,5935
23403,4919,703,4,4073,3318
8417,4363,723,8,6670,21280
26108,-4163,716,5,10172,-14208
17585,24923,841,14,-8803,5774
20970,-8719,714,9,-5298,-6691
27498,10781,731,2,-3645,8351
11279,26110,827,7,2013,-10313
28619,3275,716,10,-2358,-10859
11761,25675,835,11,577,-7618
22255,20992,833,15,20045,20402
27458,13943,712,0,2216,-14190
18294,-4916,704,11,4755,-5331
-11642,3306,710,13,12751,-13244
27116,10604,741,2,557,6775
28703,3611,710,6,2703,-13555
29077,6250,728,8,-3385,-10309
16887,24163,828,9,8772,22851
15637,9004,746,0,12990,21754
20941,21034,824,9,19761,20588
25766,14320,703,0,13131,-755
6872,20490,722,12,7756,21500
21990,18803,839,14,21842,17482
6905,18318,825,8,5056,14088
2110,20221,835,10,-1118,2024
25506,-4033,846,2,-5632,3102
11044,23322,744,13,6632,19517
28131,8494,742,0,-1231,20668
-5380,-4309,747,11,-8521,10017
5868,18075,827,4,3669,10046
24380,4905,719,4,3418,2955
7185,24395,729,13,1116,20189
14403,20993,710,13,13980,19961
19100,23747,824,13,1641,15242
14145,25136,827,12,1358,-3244
13771,22031,738,5,14517,22519
17894,24430,848,14,-5337,4896
10867,16315,736,1,14004,22249
3377,2357,747,6,4581,21533
11918,14110,849,2,14451,20054
8070,12531,825,1,8166,15239
17036,23421,846,7,5407,16208
15872,-7585,719,5,-2116,-1841
5683,-4059,706,11,-3328,6405
-239,18035,720,15,1642,1332
19711,1886,717,9,8898,1294
13360,-6893,719,4,-867,21012
14788,25321,842,7,-5104,4291
12220,23992,824,7,4788,1395
14052,22907,845,9,4907,9960
26121,-290,719,6,-6248,-75
-5092,19326,827,10,-1768,-10277
4248,10545,829,4,9104,1466
18629,22849,829,14,10248,18693
24900,2705,722,10,381,1228
21627,20248,845,4,21301,20107
-3710,13096,731,12,-2399,17198
13924,25562,846,9,-6668,10272
9092,8120,840,1,7955,11453
16095,25377,836,14,-2791,-8709
26530,1691,744,1,-2927,18140
28521,11992,740,2,-5373,-7402
21413,20833,831,9,20309,20456
14636,22074,746,7,15079,22364
24693,3221,728,1,-445,17010
3250,11600,729,9,5191,19769
28215,12438,730,0,-11804,5630
9444,20650,841,4,5830,15633
7342,17899,741,7,8364,19728
28349,8789,718,1,-4957,-4236
21773,4067,717,1,2496,16073
6680,2261,736,12,6680,2261
8144,25148,827,9,3484,-8185
17623,24355,840,14,-2611,9818
27695,12668,710,2,-38,-9868
-8737,914,832,8,4643,-13795
29298,6569,743,1,-11029,3863
26428,-4155,709,9,6296,-14934
10677,-14210,735,5,-7759,-5246
17108,19328,843,6,15950,17236
21653,21522,828,15,18152,20767
15492,25038,828,14,702,-3443
21617,20841,825,11,20704,20458
27032,4965,705,3,-6055,4317
9895,20496,707,7,10887,21747
6776,23563,848,6,-3302,9387
16749,2775,736,3,5411,18125
21169,22814,845,13,7662,23265
616,-1769,704,7,-5123,9773
16037,18350,743,10,16282,20124
26094,11864,718,0,2018,8634
1802,156,726,9,-1504,16063
6269,-6516,721,6,-188,21572
10209,23396,719,13,7228,21189
28589,11070,740,2,-9346,1625
3297,-2649,714,9,-3332,13488
27249,12350,708,0,-4223,1114
9345,21079,717,7,10763,22378
27270,13749,704,0,2554,-12140
11323,15006,722,2,14252,22607
28257,11094,703,1,10419,-14578
24304,-1963,720,8,-6209,14686
-7644,13527,736,12,-7644,13527
11587,22239,833,5,9101,2862
24913,-1909,717,10,-7644,5821
14358,25617,824,14,6446,-11224
6942,22634,715,15,2651,16690
-4068,15638,839,4,-1726,-5344
11397,24081,748,15,5682,20020
15867,23352,738,13,14264,22781
26862,8756,708,1,1062,-1134
11425,25791,741,15,4096,23752
-11425,6650,747,14,-8758,-2821
27318,-1685,738,4,-10978,4356
12388,1969,728,4,4386,18759
18449,23155,837,14,7057,16863
9409,20111,719,12,9883,20828
13793,9721,731,4,9911,17726
1199,-12755,723,12,-7251,-7245
3512,-9358,826,3,3512,-9358
21076,20522,831,8,20851,20444
28714,6533,705,4,7455,-14401
10042,19975,729,7,11251,21476
15437,23544,835,11,4999,13932
-10962,16763,713,15,2979,-15306
14541,23948,839,11,2181,8511
3153,21553,736,14,1578,19602
3332,22924,843,10,-5216,5041
26816,7546,719,1,-2052,4447
20293,2507,736,8,2857,11665
25446,3863,710,4,335,-214
17660,22643,836,11,10494,18682
27813,2001,714,6,-2676,-8208
-8729,5304,741,11,-6132,16583
22193,2770,707,3,46,14040
26020,13019,711,2,9666,256
-2133,715,825,1,-4391,9238
-442,3519,720,7,-1977,13835
9693,18536,837,10,7934,10747
-2055,113,725,11,-3998,14635
5560,24701,734,15,-4410,11826
11571,22397,830,11,9721,2217
28639,9636,717,1,-3203,-10228
550,15576,835,3,550,15576
-7708,5619,727,11,-3541,19636
28752,4827,736,3,-8343,2188
10977,18161,846,1,12157,19730
1764,585,839,1,-1285,7774
22568,-3009,832,0,-327,15527
25635,9547,707,2,410,11027
-3439,-7838,714,14,-3439,-7838
7243,16649,706,11,8122,19537
16303,22833,824,5,9536,18051
21489,20593,832,6,21084,20405
11127,-3715,737,9,31,4279
11962,12025,728,2,13522,22385
27730,6072,719,1,-7198,8749
5472,17250,832,6,6474,3826
24010,1688,741,8,-1164,7971
-455,8205,732,11,910,17902
6166,8330,834,4,12395,1273
13905,-11908,727,9,-10004,4412
2029,15430,744,11,4054,19433
29731,1267,827,2,9228,-14608
-7669,8773,711,14,-7669,8773
-1051,8888,710,12,-1353,12658
-313,22876,713,13,-7519,10214
16546,8760,729,3,9690,17466
4706,-7594,706,14,4706,-7594
12830,-645,716,12,9207,-114
18626,23347,840,14,6080,17489
3962,23339,841,10,-5548,7160
-3864,16814,741,12,-3864,16814
584,21768,838,6,-2984,-3906
12970,-14149,724,7,-7970,-6023
11660,21363,846,9,10330,3567
-695,14160,741,7,1272,18484
26363,-3249,705,9,8086,-14297
15262,21986,841,12,12184,5759
25500,-5550,705,9,2848,-14475
28972,6217,703,4,5768,-15506
-7922,20010,712,15,-3993,-11041
26618,8015,731,2,247,17509
12499,19129,835,3,12499,19129
17865,23793,847,12,1587,14551
12562,22317,849,6,7177,17504
14504,23540,733,13,12926,22902
23957,-2332,724,6,-6586,7049
21617,513,713,4,-1861,10355
11548,21444,705,7,12375,22243
9451,20273,847,8,6826,17079
4880,8265,840,3,4880,8265
10402,20859,703,9,11799,22361
27108,10765,729,0,-2169,13585
27708,-261,836,0,-5899,4799
6658,-2615,736,5,-764,5437
20941,21317,824,12,18989,20624
3527,21536,824,4,-2540,12202
10798,23112,848,6,3287,16390
12338,26169,843,5,-4654,-7683
24913,4334,745,3,544,10020
27906,1193,824,0,-2869,-696
5649,-10854,743,9,-8580,6580
219,22686,831,6,-5522,-3364
3770,22452,831,4,-3526,13129
23113,138,720,6,-2218,5000
9059,-10162,729,9,-7976,9282
16699,24637,830,12,-1297,15390
10167,22103,826,6,4805,15758
13540,24586,844,10,7336,23155
1878,17574,728,14,1878,17574
27181,13847,705,0,4095,-11627
2576,21219,734,14,1010,19109
13152,23051,838,5,5662,5756
24796,6351,712,6,10496,-565
13538,23311,831,7,5506,5089
11959,-14638,728,11,-10728,-1862
17104,24735,829,14,-3891,11899
8310,25504,824,9,959,-7800
27668,11473,711,0,-8388,8760
8285,24576,734,13,1010,19109
-1525,-4415,843,1,-6367,5661
7114,25928,827,9,4598,-12787
-4351,21576,722,13,-9676,-171
17745,23272,832,13,13394,1462
22557,19769,845,8,22442,19712
28954,3324,707,6,1642,-14590
20634,23016,846,13,4382,19368
27021,3675,719,4,-2116,-1841
25692,8952,730,0,3213,18256
14205,18899,716,9,14430,20104
20779,22958,848,13,2913,19162
12551,-288,737,11,6398,2495
10529,26018,841,9,-2665,-7558
16152,24877,842,12,-3965,552
12156,22190,840,11,10998,2135
12998,-12244,715,11,-7127,-3613
27615,10444,728,0,-3236,15989
11533,23050,826,11,7612,2064
28662,7274,705,10,16031,-12390
4098,9751,722,5,4022,17091
27141,-2567,703,9,10387,-15105
15673,18916,828,6,14774,16230
-6363,9766,836,8,-1919,-6086
28466,12187,740,2,-3859,-9022
11999,21226,736,15,10177,17138
4525,-4359,827,1,-1355,1830
18521,1064,825,1,15015,928
5148,2116,705,11,364,10294
28055,7004,738,2,-2618,19285
6393,-4949,715,11,-3631,5953
-3365,16765,827,4,-3580,-2356
28138,8909,718,2,-6515,15456
8491,13337,707,12,8111,14607
27353,7288,711,2,-3413,18249
10048,6012,830,1,8071,9071
10430,23499,825,9,3704,2386
21655,19975,842,1,21782,20046
20640,20284,846,3,20640,20284
8295,18609,706,13,8065,14449
6660,17432,842,4,4864,8949
-4499,13651,709,13,2137,-3596
26587,12925,734,0,7290,1452
26013,4966,729,1,-2169,13585
23242,19921,847,12,22551,19668
-7291,-6175,722,14,-7291,-6175
28680,4562,740,3,-8443,4062
17399,23289,833,12,6500,15981
15509,24781,849,11,-2565,10389
6946,21639,832,10,1153,11709
-5822,-3873,841,3,-5822,-3873
2028,21011,731,15,-1313,5844
26207,-3467,713,5,11691,-13435
13960,-6097,723,9,-3529,4274
26070,13593,705,0,7728,-1106
17139,663,830,1,13391,861
18402,24100,826,13,761,319
24346,5063,727,10,5865,2007
5114,19746,834,4,1152,10824
26839,-2381,704,11,17263,-11845
13946,5,831,2,4741,14979
8372,18230,712,6,11530,22507
5298,19923,846,8,1413,14123
-4699,5145,832,3,-4699,5145
15589,-13105,735,9,-7631,-5640
898,2404,743,11,-1395,10736
9863,18657,825,9,14472,3802
2202,8074,838,3,2202,8074
6354,26433,825,5,13236,-14547
19650,-10634,725,9,-8916,-3472
17553,2736,844,2,8067,12378
22341,19899,841,8,22219,19830
6146,13095,847,1,6942,16498
28345,12076,734,0,-9892,249
6001,25512,737,15,-5950,13501
20708,22926,846,15,3289,17149
24779,1999,747,1,-135,17670
-2714,6948,725,11,-972,17953
20673,20562,836,4,20265,20349
203,17540,826,3,203,17540
11697,21678,719,7,12678,22491
25856,6817,705,1,-1691,6452
13269,-3001,845,2,3068,16826
20994,-3718,707,8,-4538,16546
22273,21046,831,15,19682,20655
19281,23583,831,14,9512,23105
10009,22129,712,14,10009,22129
-10776,5919,746,12,-10776,5919
17892,24641,825,13,5358,-10390
12967,7844,712,1,8899,20192
2464,17290,729,15,4837,3991
3814,14348,825,10,7834,1781
10766,23794,736,15,5558,19471
27175,5287,714,1,-6257,10353
14398,23100,842,5,4864,8949
28833,3623,723,4,-6986,-7430
-2726,17881,831,10,1013,-6712
17880,-11053,712,12,11048,-13466
13731,10042,748,2,13220,21814
18318,22799,831,12,10533,18938
3185,13543,717,12,3370,15879
24972,-5302,747,10,-9820,8617
-3379,18459,829,6,2739,-9723
17636,22847,841,7,9703,18289
27583,12011,713,0,-7343,5329
1330,25171,743,13,-10442,3421
9518,25312,832,9,427,-5926
21482,-660,747,8,-843,14002
17853,22915,826,12,9823,18321
-1081,12443,740,11,1000,18210
27425,13468,703,2,9236,-13625
811,25122,732,15,-11232,7069
12409,-15316,730,11,-11388,-2272
-2550,10814,723,12,-2073,14847
28367,5332,708,8,-2733,-8795
29118,6877,740,1,-9437,1634
13390,-2771,740,4,1000,18210
28578,8781,708,8,13803,-13215
19256,23091,842,13,6673,4922
2418,25723,747,15,-9381,-250
21466,2215,745,4,2485,9169
2361,-5191,710,12,-2630,-1185
18830,21148,827,4,18065,20778
-1021,-6052,737,5,-7418,8482
27820,12535,715,2,-2184,-8800
-5219,15182,741,7,-1590,20357
16818,25012,847,12,-7807,1403
4421,15392,741,9,6593,20229
18204,18430,738,9,18022,18859
-3507,-8022,837,3,-3507,-8022
27251,2186,724,8,-8077,5482
23141,-7862,729,9,-4717,-8596
12106,26352,845,5,-4292,-8438
21181,-6358,840,2,-4344,10916
28745,7711,716,8,6754,-13620
-53,14808,744,7,1880,18874
27676,10176,716,2,-6135,9082
6657,22318,747,14,5271,21029
-9589,7670,846,3,-9589,7670
26060,9531,709,2,-694,11115
24905,-7428,712,5,4085,-15584
10611,19292,748,8,14268,22855
19543,23075,831,13,6518,15193
9644,23534,843,8,5616,21695
-423,8514,732,14,-423,8514
27278,-2442,736,6,-8591,-3711
11382,25804,841,9,-4811,-3159
20599,19815,832,9,19755,18687
11491,20073,742,8,14705,22825
2999,-11749,742,5,-9670,3369
10178,3196,842,2,7666,18358
28931,6308,715,8,-1020,-12202
26620,12014,735,2,7009,1681
14837,25790,840,7,-8786,4846
25444,-441,742,3,-3545,17268
6322,10525,737,8,9411,22032
14611,336,708,12,11453,303
6961,4327,840,3,6961,4327
-3775,-4617,711,7,-8217,11055
8629,13711,734,1,12509,22630
8933,22677,834,4,3754,18434
22339,19088,842,13,21953,17458
11692,-12197,730,9,-10024,7132
26353,5257,746,2,3050,21171
29238,3491,746,8,-8547,-5157
8817,20062,835,8,6431,16868
25979,6792,705,1,-1991,6052
9888,-3341,740,9,-350,5734
17067,25131,847,14,-5886,-4952
28703,11012,734,2,-10558,366
22273,19149,840,13,21892,17485
11280,-12838,722,7,-7336,-3777
10202,26202,831,11,5405,-12388
23556,-4547,743,10,-7516,8705
20069,22777,847,13,4986,10606
10774,107,739,7,5889,2988
28518,9760,704,3,8380,-14419
-975,-5261,706,14,-975,-5261
-7034,7824,730,7,-3039,19511
17000,-13150,712,7,-3993,-11041
21042,4632,745,0,9769,22535
22038,-9855,717,9,-7376,-8373
22733,20263,847,11,21998,20042
8726,3334,835,3,8726,3334
9893,18761,729,8,13637,22873
20194,19263,833,10,19806,18686
11616,21058,732,15,10035,17805
13993,-2563,848,2,3287,16390
13259,21898,722,5,14252,22607
27090,8695,717,2,-2776,14856
9595,23342,836,6,1816,16217
10859,-4315,729,9,-2466,8090
27941,9847,713,2,-7737,10166
8624,-14057,748,5,-9165,-1951
12929,23169,709,15,11105,21894
543,10989,709,15,10258,33
15505,25224,835,12,-4773,-736
16627,23047,738,13,15438,22607
17375,-2656,709,5,4338,-1627
29284,3919,747,3,-11014,7663
12770,-3326,733,4,2279,21043
28872,7529,715,4,11028,-14184
2349,-12750,748,11,-9646,679
14262,25455,835,7,-5822,3988
15689,23947,849,9,3493,16706
10271,17840,717,3,13495,22636
19695,24033,836,15,-8318,1490
12455,22572,835,11,8726,3334
18264,22304,839,11,12226,19145
28088,-310,728,6,-10028,-2303
-2586,12174,726,14,-2586,12174
17983,19292,839,3,17983,19292
14522,-4887,715,5,-170,386
9754,14697,729,7,9690,17466
3809,11735,826,4,7612,2064
20483,-450,743,6,414,7678
16766,24522,840,12,-2611,9818
13896,11040,742,2,13463,21621
-3737,85,739,7,-5726,9398
20590,22948,847,15,3213,14851
28727,8505,708,4,16761,-12739
-6954,9559,733,7,-2230,20320
15188,24082,843,9,2652,16139
-8503,75,725,14,-8503,75
-2174,13672,735,7,54,18358
12583,19822,747,4,15100,22335
-9632,15086,718,15,5859,-13071
19071,23665,831,13,459,6925
28095,-141,731,10,-10945,1114
28830,6892,722,8,1328,-12065
27562,12299,722,0,-6188,3475
2725,15077,847,1,4712,18986
24795,2497,726,8,-2698,8413
14853,25125,833,12,-382,-2604
4770,4962,729,7,2203,12457
5859,3524,709,9,1492,13551
-1152,-1426,729,12,-4407,4092
3334,8845,721,9,3717,18195
24476,3191,716,10,1879,1055
-12265,5712,707,15,15107,-12810
11911,20312,834,8,10151,18436
3459,20473,829,8,-1020,14161
21423,21525,843,15,15215,19145
28647,9831,707,3,7718,-14748
6180,16381,732,7,7700,19888
14652,222,849,0,7939,19419
28875,7416,708,8,6207,-14911
23005,856,744,4,-649,7683
9564,-4833,709,11,-1730,3018
-2414,17595,718,13,-1534,690
6792,1497,704,12,3868,3647
12376,16837,736,2,15461,22436
26474,12619,705,2,6047,-2799
12577,25502,839,5,-3512,-1806
4599,20456,746,12,4599,20456
13236,25837,836,7,-3738,-4900
26551,11422,727,2,2062,5976
9089,-12513,717,7,-7983,-1918
4818,23828,738,15,-3213,7900
8882,25772,746,15,-1956,19309
27295,14371,716,0,10172,-14208
19773,23853,840,15,-4335,-3937
28442,1466,724,10,-7964,-5459
6284,16742,734,7,7203,18930
18487,17977,738,6,18022,18859
10398,-8797,722,5,-6188,3475
22328,-4811,725,6,-7125,11497
-2202,21708,841,6,-1814,-9630
28578,1065,740,10,-3859,-9022
7379,-15229,725,7,-11627,-671
13059,-757,731,9,1739,7560
6108,-6186,734,11,-2320,1193
4542,25384,747,13,-7347,11585
27542,1143,737,8,-8440,2990
20448,-10187,725,11,-1352,-10885
26797,6540,721,3,-1686,3613
5650,3827,738,12,5650,3827
7212,3012,741,4,5476,20747
25559,835,745,3,-3202,15491
5414,19270,729,7,7761,21937
-6047,1305,730,9,-2416,20705
27818,11074,716,0,-7758,12329
25803,-1407,825,0,-4391,9238
18429,17940,735,10,17890,18841
12473,11287,704,0,12249,22224
-5986,10850,827,4,2829,-8948
28208,10342,734,0,-6611,14135
3092,21938,707,15,-1595,11316
25668,7580,745,0,4254,19643
26278,-4970,737,6,-11800,2166
18501,527,710,8,453,15087
-2845,22899,739,13,-4773,-7493
28717,8699,713,3,204,-11537
18891,22679,845,12,10352,18826
-10798,12780,704,15,6624,-13197
16169,23600,836,11,5411,16420
8399,25872,739,15,-2568,19379
-5981,12536,745,12,-5981,12536
11795,21348,724,9,13311,22576
5926,8389,847,8,9806,2258
29012,5517,720,8,-4983,-9813
3932,14036,709,12,4084,16102
-3810,-1272,729,9,-3398,19125
22619,-685,830,2,2814,4525
18839,23701,831,12,9512,23105
9132,-3936,727,7,-769,3715
12574,25700,837,11,-2472,-4595
2288,10873,703,5,3040,17929
27179,-1706,738,4,-10525,4214
-9920,5342,744,12,-9920,5342
8644,14243,713,12,8415,15477
-3472,18697,717,15,-1291,-3025
15634,23000,720,13,14767,22572
20216,-6365,745,8,-2960,19623
15193,-11535,725,9,-9731,2645
26453,2824,747,1,-2667,16381
1985,11136,725,14,1985,11136
11302,1971,841,1,7816,4834
-2567,3759,731,12,-4002,9183
822,-11401,706,14,822,-11401
28607,11184,736,2,-8789,-1553
9750,23174,832,3,9750,23174
28745,11256,737,2,-9301,-2633
3552,19391,740,15,5646,2874
-2251,12935,718,14,-2251,12935
18088,24183,844,14,-2162,12192
-2960,-6531,746,5,-8689,10234
28056,3597,724,8,-8079,295
12559,20849,729,6,14808,22725
1592,1490,717,14,1592,1490
1914,-12314,738,11,-9392,368
12811,22755,722,14,12811,22755
11316,10150,729,1,11251,21476
26010,6942,704,1,-1874,5541
28375,2776,739,3,-8942,9371
17453,22651,837,7,10069,17818
6559,-7090,723,5,-5846,7672
11174,-13955,733,9,-11755,8305
2952,25523,746,13,-9945,7769
28546,802,721,10,-9890,-4767
12608,20103,746,8,15340,22572
15813,18149,739,4,16024,20172
14950,-11211,724,11,-5288,-4731
5073,17567,713,14,5073,17567
18769,-11291,714,12,11900,-14098
16433,23449,834,7,6269,16613
11096,24184,841,6,2228,18818
9977,26203,831,5,1239,-11446
17637,23685,827,14,4950,16030
9231,13142,848,4,11360,6880
20949,20328,832,1,21084,20405
27747,1739,727,4,-9084,1760
22378,-3445,741,4,-5006,12474
18017,-12159,717,5,-7786,-6946
857,-10165,737,5,-9391,5290
14676,-13184,707,12,6631,-14479
20742,21756,843,12,16512,20985
14337,22918,740,13,12283,21520
28868,6306,722,4,3952,-12855
27997,12399,713,2,-3770,-9956
16149,-4575,832,2,-64,14247
4591,-13034,736,11,-8309,-2105
20942,5099,716,2,6670,20849
22921,1515,849,0,5085,11242
19872,20835,834,11,17633,19195
19289,4842,708,1,4430,16561
20777,19092,845,4,20512,18685
12678,-9641,726,9,-7550,5373
13284,5599,744,3,8741,20076
26305,12482,710,2,5962,62
14191,1989,715,10,3122,15356
27793,12325,708,2,-2733,-8795
13829,23988,833,7,3047,5043
5565,24002,846,6,-5339,7255
11185,-266,742,11,5159,3415
27538,7061,707,1,-5655,2920
22529,514,733,3,726,18657
-8613,15522,714,13,-1410,-9382
10330,11838,733,2,14100,22938
16791,24880,835,14,-4910,2539
20039,23027,834,15,5119,15864
21941,20645,842,7,20680,20219
12320,7854,708,2,10992,22372
13032,18330,839,3,13032,18330
13882,23317,840,9,4139,10972
25808,1383,733,4,-4372,6400
6792,25534,737,15,-4718,15455
-3483,21011,827,6,-1768,-10277
18670,23657,830,13,3496,3768
24400,-7641,748,10,-10960,12558
1083,-13499,714,14,1083,-13499
16958,24954,841,14,-4811,-3159
73,21136,835,6,-1874,-4540
16074,1222,840,0,7511,17495
20620,23192,841,13,4799,21845
14176,22306,730,7,14914,22729
24805,4146,713,3,-1861,10355
3871,-9981,736,5,-7881,2897
26834,10446,720,0,-1977,13835
22285,18716,846,14,22085,17451
12594,22590,842,7,10995,1312
29150,5737,748,1,-9581,8842
28948,6029,710,4,3460,-14697
25866,13230,709,2,11177,383
10947,24533,743,15,4265,20375
-1303,16843,837,4,-1869,-466
19458,24078,836,15,-2985,-7768
-1477,10235,742,12,-1477,10235
18878,22186,843,7,12794,19469
460,-12606,717,12,-7786,-6946
-4596,3290,729,7,-3661,16281
26851,14029,704,0,5937,-8099
7395,4873,835,8,12919,558
24767,-4960,747,10,-9227,8692
28353,-1468,839,2,-2364,-8677
-2418,21122,827,6,-2449,-7976
1239,16968,839,8,-1285,7774
26235,5126,726,3,-2698,8413
4407,-2352,709,11,-2838,8439
-1394,24682,741,15,-4565,-9809
28857,8635,726,1,-8907,-2838
-58,7486,734,5,242,15714
27842,6708,738,1,-3258,3693
18275,20738,837,11,15467,16892
14315,-4648,719,11,1345,-181
12776,22176,842,9,7487,6923
8348,1897,737,4,4567,20039
27081,11072,725,0,-2688,11680
24638,1853,748,1,118,17989
14123,375,727,7,6271,3257
25079,1693,716,6,-839,-384
19504,23082,841,15,6811,4626
20740,21788,835,13,14402,18798
9027,23459,842,4,2529,19128
-5428,13814,737,14,-5893,7997
25231,-4811,747,10,-9738,8019
28122,12037,735,0,-7677,2018
19903,-3113,836,2,385,9484
21000,21265,842,15,15868,17183
27529,7482,704,1,-4976,863
2090,21818,843,4,-5474,8661
27237,9128,744,2,-1186,12772
-998,-8533,743,5,-9030,7771
-3322,13738,832,3,-3322,13738
27691,13496,719,0,-5202,-9992
5209,17147,724,9,8117,21696
-3239,8480,739,12,-3239,8480
21057,-5946,723,4,-4912,17961
27779,5478,710,3,-6973,3028
9288,19425,723,7,10474,21124
12627,22162,840,7,11580,2490
25855,10239,720,1,8077,1777
18247,24247,844,14,-3526,13451
-1563,9428,738,14,-110,4762
-7330,19560,723,13,-7251,-7245
25651,5278,703,6,8534,-3894
18747,23974,824,13,-1835,8293
16293,15379,826,0,17071,19080
26262,9301,709,2,-1442,12217
15156,-9873,746,10,-4233,19025
-6062,21092,721,15,-5325,-9098
15551,23783,829,5,4981,17099
27446,13549,707,0,-223,-11637
28947,1837,746,4,-8547,-5157
6332,6445,727,4,7412,21748
5756,18929,844,4,2519,9732
18701,20130,836,10,17769,19254
-8689,15245,717,13,-1175,-9398
28028,10250,720,0,-5899,16512
29241,7778,736,1,-8317,-4238
-9339,14640,747,14,-10707,6837
-2772,11780,723,14,-2772,11780
12762,-2038,723,6,880,17516
-3815,15902,827,10,3484,-8185
20120,22352,847,14,12962,20396
18357,19063,849,1,18653,19412
12225,11074,724,2,13054,22293
8674,2881,840,2,7341,19216
27753,1301,840,0,-2703,1809
13940,25238,839,7,-2459,1145
-4729,12978,847,3,-4729,12978
10573,6240,732,4,7700,19888
15146,20004,726,12,15237,20260
26268,4475,720,3,-3861,8936
17778,-13129,712,7,-3339,-12011
12626,-11371,716,9,-9533,4376
16732,24329,844,11,2915,18837
17197,2437,737,1,5761,19665
28574,10627,742,2,-8550,5732
28860,3799,722,4,-6377,-8248
24328,-3300,718,10,-8595,8805
16177,24444,834,5,2845,19677
-7966,14935,703,15,2980,-9472
23218,19822,849,11,22648,19609
11535,21208,721,11,12704,22251
28648,11227,737,2,-8881,-1764
21421,22584,844,13,12470,23664
10504,10854,726,3,10885,21297
19227,23765,829,13,-1544,11141
14785,22648,727,14,14785,22648
27987,6467,718,1,-7682,6576
994,8660,825,3,994,8660
4669,19266,829,6,2964,4094
18196,24169,828,14,2179,20157
29141,7634,734,1,-7501,-4574
4507,14266,829,4,5795,4410
28977,5574,727,3,-10645,4455
18068,20458,839,9,15626,17007
985,414,723,12,-2035,4711
2078,-6172,839,1,-4572,2090
5072,-1240,719,9,-1832,12898
16348,23034,847,12,7144,6450
15163,24717,830,11,-793,14635
28443,5433,703,6,10251,-12767
10211,20621,845,4,6626,16026
20580,23336,849,15,-5224,9405
27439,13659,704,2,10464,-14576
26010,12885,716,2,9175,1160
9660,-7981,723,7,-3246,708
9827,24445,737,15,2801,19084
13210,20863,747,10,15418,22556
14781,23087,728,13,13481,22414
26435,7095,747,0,4581,21533
-2772,13467,708,15,6211,-2926
5238,11508,833,4,9101,2862
6874,23136,847,6,-2013,9404
11080,21432,722,9,12811,22755
11889,452,846,0,8555,20677
11182,4103,713,6,4623,16997
17993,-11550,728,9,-10106,-609
28175,12717,733,0,-11824,3298
18684,24563,825,15,-2982,-8109
-2340,-8436,720,12,-8351,-1765
18745,23832,844,14,2915,18837
28641,9115,704,3,4522,-13840
26645,10074,710,2,-2336,8571
21167,22076,837,13,14656,20883
15062,22234,729,7,15660,22571
6351,-14654,731,7,-11504,1329
27225,-1259,734,10,-7388,-3029
-841,658,711,7,-3773,12019
-4500,-5672,830,3,-4500,-5672
21572,20907,837,5,20125,20574
2660,14838,710,7,4289,19317
18145,-3541,824,2,38,10990
30033,4957,828,0,9522,-14054
8583,22011,847,8,4712,18986
20150,23534,845,15,-3511,5257
4419,15130,834,1,5888,18384
2031,15558,711,14,2031,15558
7767,26363,824,9,907,-11962
6287,23067,723,15,969,16052
28796,6061,716,8,-1976,-10758
24658,5753,707,1,-635,10017
18882,-8102,747,4,-3842,19432
18052,24106,830,14,1664,18434
16255,24888,843,12,-3993,2254
17440,23404,828,14,6189,14449
-3036,19916,717,13,-5718,1884
7557,-1709,737,10,1848,19849
18674,24315,828,13,-3989,-1616
24682,-6767,705,11,8873,-14792
26598,6746,826,0,14792,991
16391,-6114,737,4,-2494,18014
23342,4711,728,6,6045,3501
18884,24229,831,15,697,-5557
-8376,13337,741,14,-8900,6079
21026,21129,843,5,19127,20502
26631,6446,738,1,-983,6450
17430,18368,716,9,17123,18937
4302,-5769,839,1,-2459,1145
16540,23423,826,12,5970,13926
16068,23976,849,9,3986,18083
14885,23713,824,7,4111,12871
2965,191,712,7,-1895,9871
13509,24282,833,5,365,7971
17835,-5676,732,10,-2794,17557
16524,14774,717,0,14510,20125
27995,12417,719,2,-4626,-7943
6659,18254,836,10,5040,6851
-870,6369,833,1,-995,13255
26036,10430,723,2,1951,10444
17491,158,833,1,13451,373
1215,20972,849,4,-5191,5688
25078,-2180,711,6,-8221,3089
13791,25284,845,5,-4318,3728
16435,1211,708,4,1620,14647
13832,24929,837,5,-2658,7955
28804,2680,719,10,-5202,-9992
2251,18558,826,8,-898,11333
14340,25441,828,12,-254,-5189
-3122,19834,719,13,-5540,1253
23334,19850,849,12,22648,19609
16268,25099,830,14,-4701,-56
27460,5114,703,3,-7109,2842
27429,11185,741,0,-1539,9731
2370,24268,836,6,-8318,1490
19945,20915,842,10,19041,20499
27403,14031,711,0,3841,-14292
17576,21841,835,5,12564,17956
603,4014,713,7,-968,13961
4507,18014,733,12,5374,19719
14808,24313,831,9,3067,17573
20551,23334,842,15,-277,18727
16799,22536,824,11,10950,18016
26555,6165,733,3,-1514,6858
12436,21728,727,5,13655,22633
10998,19857,729,9,12574,21779
19412,-10698,825,1,10400,-13171
19192,22064,849,11,13642,19884
-2288,20730,836,4,-8318,1490
14723,22335,736,11,15235,22616
16994,-10592,711,7,-844,-9359
17645,22409,833,11,11330,18547
28438,7739,743,2,-3690,18837
2422,14139,739,11,3902,18335
6033,14063,844,10,10113,2865
26250,-2148,849,0,-4562,12815
-330,15312,738,11,2134,20049
18213,2681,840,2,7955,11453
28056,7305,709,1,-7774,1466
11119,26307,838,5,-738,-11159
27714,-1607,746,6,-8327,-3751
11151,23716,826,8,8264,22663
8750,9698,847,1,8211,13060
12831,13619,748,0,15236,22396
19023,349,826,1,15278,-61
16477,24436,836,5,4252,20765
9649,4266,741,8,6593,20229
3229,13619,730,5,5419,19947
16857,23708,843,12,2510,9301
16072,23906,837,12,2661,6743
26870,10079,704,1,6295,-4669
1310,12559,834,3,1310,12559
4285,-2088,724,5,-2770,11151
20228,21805,843,11,16512,20985
11046,24006,841,4,5795,21763
17864,19745,737,15,17992,18883
13158,6994,836,0,11783,18865
-2436,17201,705,13,-1560,1978
11509,25916,834,5,-2673,-6311
28882,4198,712,10,1843,-13509
11382,22812,828,5,7205,2623
5967,10431,841,4,10776,2316
10863,21404,710,12,11280,21867
-11179,6974,745,14,-8738,-2270
25211,4106,841,0,7816,4834
17736,23321,835,14,5341,13390
1976,-10169,835,1,-7056,-1176
27004,12810,716,0,-839,-384
18827,24077,826,15,-1094,1254
11171,17775,825,3,11171,17775
13382,25517,836,5,-5899,4799
11241,20487,747,6,14167,22850
10663,21993,709,12,11132,22397
9773,26288,827,11,4598,-12787
14384,25404,840,11,-5538,6386
13543,20903,844,8,11817,19532
-3739,17622,827,6,3927,-9781
1561,22242,843,6,-3615,-2705
22337,-7705,703,12,17821,-11249
28064,11667,717,2,-7983,-1918
21656,20915,834,12,20120,20366
18578,17474,722,1,17371,18940
8703,-5048,703,14,8703,-5048
-11804,7313,737,14,-9715,-1858
26868,6387,832,0,13708,280
11360,18922,727,3,14602,22729
25648,8794,726,3,6510,3021
8406,20216,714,5,10310,22239
-2500,-7214,738,7,-8536,3769
-5726,9398,739,12,-5726,9398
11051,11151,735,1,11548,21263
6838,539,748,6,3405,19767
18871,-11448,728,11,-4211,-9150
16524,23483,841,9,7549,19398
1571,9489,736,14,3068,5960
14200,21590,843,6,10375,18293
19737,-1502,721,8,-572,16976
7233,17651,745,9,9146,20856
20421,-4176,730,10,-4124,14474
18695,22201,830,14,11996,17470
79,12274,840,1,1789,17532
7561,21621,712,13,4942,17364
15457,25356,833,12,-5806,-661
20133,23456,841,15,-2525,10432
28116,11102,704,3,17194,-11591
21024,22951,847,13,6711,22801
25793,1585,717,4,-5282,3528
17685,23161,827,14,7782,15816
-4316,-6987,743,5,-9446,10606
28426,940,743,8,-10618,3028
16560,24114,839,5,4997,19707
24258,-5473,703,11,10251,-12767
26015,4948,704,10,6295,-4669
2673,23898,736,13,-5901,7288
27198,6314,722,3,-3350,3677
17993,24902,824,13,907,-11962
1047,-6778,726,5,-6957,12139
1224,955,842,2,6744,22930
-2254,19062,721,12,-188,21572
-2419,21793,727,13,-8126,2953
9423,25446,832,9,414,-6197
2840,-11641,712,14,2840,-11641
14700,25169,832,12,38,-3170
14709,20610,832,6,12221,17669
-288,12693,739,7,1272,17450
27785,12597,714,2,-1410,-9382
19203,-11455,733,5,-7299,-6675
1423,9844,835,1,1973,15085
13475,26057,831,12,4325,-12668
3560,-940,711,14,3560,-940
22301,20460,843,7,21167,20164
22272,-4533,724,10,-6468,12959
19060,22641,847,12,10665,19072
26010,8611,711,3,5625,339
18530,19776,834,2,19908,20594
18079,23420,837,12,6706,18595
28724,10517,711,1,5174,-15799
25273,-5411,710,9,2703,-13555
5024,-6317,838,1,-2186,187
17807,24247,834,12,2568,20181
11366,18730,723,3,14358,22609
4417,14898,737,11,5548,18332
28015,10461,717,2,-8646,8000
23736,-4444,739,6,-7618,5596
16642,-8648,723,6,-4912,17961
1838,17763,728,14,1838,17763
-5528,1764,824,8,5360,-10286
25328,-673,724,8,-6468,12959
16304,-5635,709,11,2137,-3596
-8993,6004,738,14,-6290,-1705
28908,3790,733,4,-7727,-5112
10925,11966,739,1,12135,21505
6463,21184,746,14,5298,19712
4802,20567,741,13,2619,7747
8883,20273,831,9,13136,932
20874,22942,846,15,2328,18563
18340,23935,830,13,5127,-2800
2817,11352,735,12,2817,11352
10019,20574,708,7,11015,21786
21358,21097,845,5,19573,20677
11891,26509,838,7,1583,-12800
-8132,15126,827,6,9228,-14608
18342,21441,838,9,14717,18945
10069,23030,845,10,3068,16826
6379,13026,843,8,7400,7198
26690,-3920,835,2,-7056,-1176
7666,-7983,703,7,-4597,836
8545,11845,712,10,8899,20192
5151,2975,716,9,1003,14268
1092,10363,833,3,1092,10363
5637,25370,734,15,-5658,13050
-5177,14733,841,8,-5813,-998
7624,19639,709,5,9556,21964
21454,19644,846,2,22005,19973
1095,25723,739,13,-12014,4183
28431,7885,742,2,-4058,18383
24175,7551,726,2,4627,17970
22462,-5829,703,9,784,-9079
9683,21883,829,9,9104,1466
7844,25639,828,9,3642,-10774
11666,20833,738,6,14264,22781
26512,1056,746,1,-1956,19309
-824,6178,744,7,-1186,12772
11218,19974,831,4,8786,16372
28724,6381,707,4,6283,-13915
28590,4626,738,3,-8194,3676
10042,16709,843,1,10943,18534
3893,-12087,705,14,3893,-12087
20518,23222,837,15,4565,20984
20580,22660,843,13,8494,18870
5044,20466,744,15,4444,5523
24631,2973,718,3,-2251,12935
26014,-4072,708,11,13803,-13215
17725,24618,847,14,-6377,2454
4203,9870,827,4,9584,1021
15385,21118,837,10,12782,19089
13646,778,849,1,9515,2813
16029,24209,831,12,1029,9437
28061,9221,709,1,-1246,-6920
21489,6698,744,0,9000,20758
2105,21984,839,6,-2907,-626
16404,20334,841,4,15021,19079
-7852,9456,712,14,-7852,9456
29163,5743,746,1,-9945,7769
7553,-10531,721,11,-7752,3116
5516,24620,847,10,-6476,11026
13651,21872,739,9,14635,22528
17104,20728,842,6,15114,19116
-1126,14096,745,11,1584,19448
28227,4531,719,8,-6109,-3910
25195,3194,703,6,3236,-3160
16507,24726,844,12,-3417,4552
15823,23071,840,12,7670,6388
5799,21749,825,10,107,11469
16941,23966,843,7,3699,17867
-6219,-2759,748,5,-7715,13847
11281,18168,714,1,14129,22548
18952,23885,826,13,-1785,9460
13962,25391,843,11,-4671,1140
1491,17768,740,12,1491,17768
16379,25187,832,14,-5424,-1499
23035,20561,847,15,20816,20361
22490,6139,723,10,7996,5459
10423,25739,739,13,3522,23491
27743,13246,718,2,4916,-13278
3928,23219,719,15,-2735,13101
-5358,11977,725,12,-4097,16541
28368,12166,725,2,-8299,-6131
14157,-10663,708,7,-2612,-6467
12691,7809,841,0,12504,19312
9307,18629,724,4,13072,22797
29312,5003,741,3,-10264,1095
16139,-5728,744,6,-3071,14530
19668,23400,836,13,1519,13399
30158,5305,827,0,11595,-14750
21313,-9223,722,9,-6851,-6368
10710,21491,718,5,12308,22664
14521,-11347,725,5,-7910,-1276
4199,23406,732,13,-2361,15191
-1736,10020,827,3,-1736,10020
-94,19197,725,14,-94,19197
16824,-2629,717,9,1592,1490
6570,2472,744,6,4054,19433
-1652,-11001,747,5,-11014,7663
20751,63,740,10,569,7943
27627,11081,726,0,-4875,12384
4291,20830,827,4,-795,11835
27332,13452,705,0,-316,-10431
16201,-478,721,7,7628,685
25690,-2217,842,0,-3975,12240
-6386,3487,828,8,3487,-10109
4828,-619,748,9,-917,11221
-3114,19133,714,13,-4621,1454
27209,-543,724,10,-9523,1774
16861,21911,828,5,11781,17253
13909,5102,741,1,8527,20468
-7744,13946,838,4,-738,-11159
-3143,15491,741,12,-3143,15491
15258,23061,848,5,5032,10938
17358,22347,827,7,11442,18025
19352,23908,839,13,-2937,-1592
8908,19411,844,8,6485,15793
20997,19556,832,0,21678,20066
14632,23427,827,7,4783,10891
7290,17167,744,5,8741,20076
19069,22602,841,15,12184,5759
28329,11077,732,2,-9019,7164
-11623,12031,738,14,-11918,3184
5388,19321,836,10,2744,6320
28849,6542,737,1,-8440,2990
22640,52,738,4,-1545,8185
14602,8199,708,10,8148,14750
17183,22832,738,13,16243,22430
15324,25688,826,14,-1692,-8659
15041,3906,825,0,8734,17073
9103,14173,715,4,10850,21290
11452,479,747,8,4794,20195
13068,16666,744,0,16209,22434
14090,21964,743,9,15039,22552
12777,23183,833,11,6311,4147
27699,-134,849,0,-5104,5949
-6575,21399,727,13,-9991,-5811
17780,1347,733,10,2516,13707
-1989,11032,741,9,1590,20105
5998,12210,845,8,7324,5900
21646,22429,848,13,13260,23707
25204,-3842,846,2,-4895,3383
11436,-12969,724,5,-10177,1692
25368,3065,746,3,-1105,12082
24527,2388,746,1,140,16966
28699,2138,837,0,-2162,-3207
18720,24404,828,15,1286,-9870
8990,6858,728,6,6972,19421
13688,10027,735,4,10110,17014
13014,-374,706,5,3435,4309
25046,50,712,4,-6197,6386
8504,22334,733,14,8504,22334
9942,16491,727,10,12266,21619
642,14820,849,1,3204,19446
27552,11362,722,0,-5356,10090
27570,13374,714,0,-3439,-7838
11597,26066,830,5,-5025,-4155
2173,22778,842,6,-4708,-932
8251,18206,716,11,9456,20570
-4493,10821,835,8,-1319,-3263
-1175,-9398,717,14,-1175,-9398
15158,22559,730,14,15158,22559
16579,-6001,707,11,2053,-4261
7747,25324,746,15,-2942,15953
12278,19788,824,8,10950,18016
25002,6049,736,8,6738,1896
9812,20493,837,8,7404,17775
17633,-6556,721,9,-2782,-555
18069,-7241,726,10,-4454,17840
14222,25149,829,12,1634,-5059
-658,5194,831,1,-1310,12209
-4663,3767,744,11,-4359,14158
3435,24678,725,15,-6275,13581
28623,11698,743,2,-7634,-4301
28314,11793,730,2,-10255,1048
1690,24684,746,13,-8545,4290
25928,2220,704,8,-5890,3637
28472,10596,708,1,5732,-14500
23122,7772,739,0,8120,19607
28405,3618,711,10,411,-11351
16144,-7497,745,8,-511,21284
11129,-9122,714,11,-4829,-304
16494,25201,841,12,-8373,4692
19779,5706,743,2,8855,20645
12236,23568,848,6,4959,19243
10485,23523,832,6,3290,17865
11958,-13331,710,12,3470,-13343
-3307,4232,739,12,-3307,4232
16092,25394,837,12,-8482,2424
19837,23093,831,15,5799,15843
21464,20163,840,1,21606,20228
-2884,-6464,724,12,-8079,295
9851,14578,722,8,11815,21520
8155,-3094,714,12,3669,-1095
15889,22929,849,12,9119,3919
19286,22221,839,5,14916,20940
20787,20612,824,8,20622,20488
6041,15441,734,9,7469,19539
19239,1093,706,11,11182,-245
-193,24574,733,15,-10720,3659
11838,21834,828,7,11695,3083
4459,5705,736,14,7096,3145
12942,22656,844,7,10504,1665
20162,23582,842,15,-5533,7916
23163,-7737,730,9,-4668,-8499
614,5479,704,12,-832,8961
4147,23632,716,15,-2988,14402
27801,3719,731,1,-5517,17290
26239,-3100,737,6,-8517,-215
24169,7019,722,2,3907,18406
-7887,-6364,724,14,-7887,-6364
4747,17534,731,9,8140,22143
21296,21043,831,11,19682,20655
7891,19296,744,7,9000,20758
17037,23707,825,14,4176,13179
16091,25096,830,14,-3421,-1106
21250,-2577,831,2,459,6925
16897,-888,718,9,3647,2608
-732,1605,742,7,-2852,9397
12146,2425,725,3,7037,21543
22261,20594,837,7,21403,20311
-1299,1606,741,7,-3221,9613
21893,20585,824,5,21157,20271
5598,4023,730,14,5598,4023
19153,22551,842,15,12046,5906
19526,-3082,705,11,7678,-4735
24502,-4482,743,4,-8226,12381
19367,-4839,730,6,-4124,14474
-2547,-1311,722,7,-5314,12751
9984,20771,841,8,7477,18168
21453,20531,846,6,20744,20382
25684,2,721,10,-6007,2733
4510,25039,730,15,-5192,15714
298,6984,835,3,298,6984
392,9717,834,1,1393,15442
11258,22439,710,14,11258,22439
20594,21842,841,12,16289,20979
8545,-11195,730,5,-9038,5500
10599,18666,729,8,13885,22659
2540,22871,710,15,-3887,11512
22725,19766,847,4,22551,19668
1793,8561,721,7,1700,15879
-417,17299,738,14,-1483,13725
17794,23498,842,7,7631,20063
1968,10793,724,14,1968,10793
26114,10004,718,0,246,14380
20287,22609,830,15,10390,18818
18157,24605,824,15,5360,-10286
11433,10063,711,1,10291,21066
5847,20482,834,4,1310,12559
11595,-14750,827,3,11595,-14750
10826,1267,825,3,10826,1267
4470,11586,714,11,4766,17211
14553,-6022,713,11,325,-1867
18174,22326,837,11,12773,19319
28442,11249,738,2,-6290,-1705
-5268,1495,844,3,-5268,1495
15305,25412,832,12,-5424,-1499
9822,-4105,707,9,-2791,7375
17718,22331,848,9,11635,19054
12899,18483,845,1,13885,19673
16866,23113,746,15,15340,22572
17228,24476,834,12,-220,17216
28513,9118,746,2,-5775,14488
-822,6524,748,11,-706,14426
12058,-4529,724,5,-1316,3757
14056,20974,733,4,16034,22570
26774,7111,725,3,-369,2717
16875,1677,717,8,2496,16073
29138,6744,741,1,-9615,2555
28011,6874,715,1,-7509,4297
28519,1291,744,4,-8244,-3306
-945,4163,744,9,-916,16604
-3773,14932,847,8,-5016,245
273,1913,716,5,-1823,15084
27260,8791,748,2,-706,14426
-10297,10862,824,6,14022,-14411
20419,20713,842,11,18193,19314
28213,4714,711,4,-844,-9359
17499,10678,827,0,14692,16169
28799,4459,709,10,3672,-13848
12094,25085,841,9,-2985,2207
12816,22571,834,11,8346,4857
27132,14434,711,0,11918,-13381
-2434,-5785,738,7,-7574,4800
24560,5192,725,8,2332,5219
-273,790,717,5,-2776,14856
11793,19695,724,8,14478,22637
-4323,2201,745,11,-4803,13128
28883,8537,727,1,-9293,-1955
10431,16556,731,3,13823,22408
-7209,4771,729,5,-2782,20372
10337,21336,833,5,12646,1145
13115,20612,848,9,11360,6880
24378,-3052,725,4,-7430,13836
20937,20316,849,3,20937,20316
7099,24146,725,15,480,18230
14863,-4060,728,9,-974,4258
27127,-1244,841,0,-5830,8756
26891,11696,714,0,-2997,6935
-6607,13762,706,15,4706,-7594
13311,22576,724,14,13311,22576
19720,-2551,714,6,-3297,10663
3212,6272,708,7,1401,13208
20062,20652,833,8,19696,20493
-1704,-3853,836,3,-1704,-3853
28089,7125,737,2,-2979,18904
20252,23235,838,15,2269,16942
26749,8614,723,1,879,2702
20192,23620,842,15,-7111,7082
8987,15226,834,1,9653,17402
20781,22446,842,15,9864,18432
13360,-3053,720,5,840,2854
27967,12167,718,2,-5304,-5535
19647,22908,849,15,9515,2813
27803,11664,732,0,-6336,10621
21263,690,711,8,-1247,13105
2791,2621,709,7,-694,11115
29238,6151,732,8,-5273,-9729
27284,-186,736,4,-8265,632
16431,23418,847,7,4702,13378
8814,9241,845,1,8107,12604
8377,15552,837,8,7934,10747
27370,10636,732,2,-2469,9678
9000,16475,714,4,11792,22076
6208,16731,829,8,4869,11545
479,17915,827,3,479,17915
7432,25975,828,9,3765,-12518
27764,3272,710,8,-8059,-892
27730,13035,720,0,-6766,-3364
24008,-4843,845,2,-5336,6523
27614,2320,741,3,-6925,11350
27939,7719,720,1,-5788,1988
22799,-769,717,10,-3781,7163
27289,14263,705,0,10342,-14930
1007,15723,707,13,3233,4649
25344,-6106,703,11,10726,-14996
5625,19806,836,10,2265,7194
12696,12380,847,2,13999,18940
20168,23421,835,13,2882,20452
15003,24889,843,7,-2753,6522
3044,19317,738,12,3044,19317
7318,24187,726,15,756,18506
21820,19494,842,2,22277,19789
8731,22399,716,15,5487,18082
8852,-9312,709,11,-6065,1302
11603,26350,834,7,1692,-11525
8537,3323,829,8,14512,73
13634,-343,845,2,5242,15927
18503,22748,833,12,10827,19161
26232,7065,708,8,6211,-2926
23850,8658,704,2,3522,14861
5573,21441,838,8,1256,16784
16935,23488,840,14,5494,6410
6205,14918,736,9,7525,19274
28317,3164,710,6,1290,-11759
23812,-5551,738,10,-9062,8563
22970,1946,735,4,906,5719
22009,-3435,728,6,-5548,10928
13559,19681,744,1,16209,22434
20293,-5638,731,10,-4898,16229
15460,23186,725,13,14403,22728
19394,23405,844,7,12470,23664
14025,20901,705,13,13618,19811
18417,18584,747,5,18294,18900
22241,20465,849,11,21132,20098
-2,13030,738,5,2578,19055
-335,3630,723,11,-1475,15125
6567,-6271,733,11,-4372,6400
29020,8981,727,3,-1014,-11581
10009,16963,741,10,12387,21527
14063,23986,836,11,2265,7194
-1980,2821,718,12,-3834,7766
28829,3762,715,4,-6446,-8705
-6761,-3329,707,14,-6761,-3329
1344,15016,730,13,5086,2814
764,21992,706,13,-4890,10986
27712,13261,719,2,5017,-12853
4593,-11885,705,14,4593,-11885
-510,4682,739,5,-1312,14191
16320,-11380,707,7,-1957,-9383
23291,19934,847,14,22551,19668
26150,12727,717,2,7898,1145
28256,-91,721,6,-9898,-4605
13057,19775,828,8,11579,18153
25806,7011,746,3,4233,4612
-4372,6400,733,14,-4372,6400
27769,12601,708,2,-864,-10496
11293,-8469,827,1,2742,-5948
27912,12834,709,2,-1195,-12891
-7249,-737,825,8,6258,-13232
15816,-10734,734,9,-4375,-4830
19828,-7298,729,6,-6182,16234
26713,-4286,735,6,-11410,72
19289,1050,747,1,4698,20011
19643,-11788,826,1,10093,-14646
14341,21312,845,8,12651,20256
18460,22671,849,7,10975,19308
-9691,14722,741,14,-11074,7004
15462,-6869,726,9,-3730,2466
19034,24084,827,15,-3818,1436
21821,-8765,721,9,-5811,-7311
21734,20290,845,10,21301,20107
15471,23392,844,9,5094,15634
-4647,22329,724,15,-7887,-6364
27619,11412,729,0,-5416,11542
12643,20877,740,11,13348,21559
658,19048,824,10,-498,132
18174,22534,825,11,13059,20310
17973,21887,837,11,12798,18165
25223,4665,829,2,14096,1199
7997,20049,830,9,14187,-91
20008,23357,847,14,8229,23453
7093,18648,845,3,7093,18648
27979,13395,733,0,-7299,-6675
1633,18141,834,4,-980,4878
-5720,-4205,743,7,-9035,7729
13691,25425,839,5,-5493,5622
-4376,15082,838,4,-1175,-5962
16562,24516,833,5,3828,21427
28730,6640,728,1,-9830,7692
21780,-3446,835,0,480,16759
255,4340,725,9,480,18230
9587,-7297,727,11,-3809,2943
-10864,3348,732,14,-10864,3348
10223,-2879,724,11,125,4779
25049,4434,724,8,125,4779
13612,25020,833,11,-2442,5475
-1469,6176,733,5,79,18495
21881,20802,840,7,20351,20504
28944,4773,732,3,-10433,8984
28631,10925,740,2,-9162,2527
25948,-786,731,3,-3113,20134
29331,2581,747,3,-11235,11741
8997,-11591,731,5,-9154,5377
13440,24229,841,11,1883,1687
-4293,5013,736,7,-4123,12938
-2264,4510,746,7,-2721,12244
29159,7453,729,1,-11924,4718
-2368,20360,712,15,-4018,109
-1096,12199,828,8,169,1395
23143,-5545,747,10,-7797,10903
-4808,3418,716,12,-6135,9082
27836,5319,710,8,-1900,-6350
29302,7487,739,3,-2960,-9577
9621,23723,837,4,3755,20439
13871,25503,842,7,-3181,-3392
6441,-8405,721,11,-6424,4846
22645,-225,730,10,-2468,8601
11726,25744,832,11,-303,-6415
26597,8457,744,0,2450,18858
-2143,-5563,715,5,-7347,13695
-2213,-4822,739,5,-7232,9953
1591,-10716,708,14,1591,-10716
10347,21906,830,7,14249,143
28363,5931,712,3,-8741,830
10196,21471,839,10,5523,15099
10975,13480,748,1,13220,21814
28208,9050,705,3,4290,-10932
16706,24511,826,14,-1785,9460
21203,20956,831,5,19899,20439
11366,21498,845,10,6626,16026
9837,-15079,704,14,9837,-15079
12027,26154,826,7,-2726,-7080
28759,7978,717,8,8274,-13459
15941,4507,730,1,7564,20177
28075,5807,719,1,-8489,9562
18775,-811,715,4,-661,14744
28447,-650,742,4,-11857,1058
22051,6068,722,0,7756,21500
15225,23526,831,12,5506,5089
21500,21080,846,11,19659,20669
20039,23868,849,15,-6864,-4979
26053,9488,718,3,8567,158
18763,23772,844,14,1739,17913
6170,25106,734,13,-3355,16732
-4762,12619,843,8,-3615,-2705
20966,22046,839,15,13067,19242
28903,3501,729,10,-3082,-9977
27459,14028,709,0,6296,-14934
4514,20085,726,13,2023,11474
3110,18275,733,15,4056,5184
24867,2866,824,0,4864,5077
17266,17267,846,2,18475,19383
868,14920,738,11,3044,19317
6348,24414,736,15,-2540,12981
28909,4826,706,6,8000,-15154
13046,9408,722,6,9057,16742
968,25013,742,13,-10296,2453
11313,25179,830,5,-174,-2345
4400,10740,732,6,8317,22240
26961,-1077,746,4,-8545,4290
-7807,1403,847,3,-7807,1403
15889,22836,747,15,14017,21743
14767,25019,842,7,-3312,5384
14650,23212,717,13,13495,22636
6818,21304,834,4,1814,14679
22859,20221,849,7,21999,20014
28673,4794,740,1,-8810,10152
21913,-7149,748,6,-8196,11631
14560,23603,829,11,4485,12033
21311,19747,845,2,21895,20074
739,-9308,720,12,-6026,-3986
13647,-14001,709,12,5147,-14902
22783,2844,727,10,2062,5976
4784,-12314,704,14,4784,-12314
29355,3925,746,3,-11248,6720
7617,14042,846,4,9147,6408
-7797,10903,747,12,-7797,10903
19391,23918,831,15,-4583,4395
1840,11719,834,2,10247,23290
29482,4162,825,0,7342,-11057
17147,24314,828,12,1105,17745
19956,21531,827,5,17741,20577
27506,3757,720,3,-7114,10361
27832,11367,724,0,-7266,10848
3674,26451,746,13,-11336,10986
19143,23490,843,11,12279,23650
-6795,14876,720,14,-6795,14876
11934,15069,735,0,15126,22592
-25,-10977,707,14,-25,-10977
6945,-6692,717,9,-5486,10231
-7901,19025,715,15,-1983,-11336
24625,-1617,728,10,-6661,7808
14669,21245,745,10,16306,22441
2075,22976,730,13,-4853,11739
15606,21225,826,8,14485,20526
2165,3647,841,1,331,10039
21261,19854,840,7,20243,18707
10671,20973,705,9,12053,22406
15354,17818,831,8,14996,16478
22453,-3967,835,2,-2613,6726
12285,23431,740,15,8341,20363
18202,23321,837,13,12298,577
-4281,-6701,827,3,-4281,-6701
9585,6824,834,1,7951,10019
15369,22304,740,11,15825,22542
19982,22011,849,12,13642,19884
13428,21049,725,6,15277,22593
15313,23852,844,11,2345,10620
10071,-9668,730,9,-7580,8434
15367,25117,847,5,-4729,12978
17012,21755,829,6,14839,20636
9652,7923,741,4,8364,19728
758,24828,741,13,-9905,2013
-6346,18754,720,13,-5516,-5346
5059,14968,721,7,6215,18910
7026,-11207,838,1,-3256,-5412
5213,25155,746,13,-5737,13158
23568,-2165,747,8,-4308,14220
14947,24805,826,7,-1627,12661
14625,24207,832,6,9750,23174
528,9205,725,7,1267,16913
19833,23402,833,13,3519,18144
19552,23539,839,13,244,9048
8346,15328,712,14,8346,15328
10430,25701,827,11,3494,-8456
16748,23568,842,9,7631,20063
2447,23695,847,4,-7883,11230
3699,-8913,743,9,-7516,8705
21585,21116,837,15,17847,19270
5641,1556,703,11,342,9548
12655,11698,747,10,11076,18092
1179,-4053,723,11,-5257,10685
28772,1981,716,10,-6672,-9081
3425,23020,844,6,-4553,1856
18506,17496,720,1,17302,18941
28019,-546,743,10,-7634,-4301
27723,-736,728,6,-10106,-609
17210,22450,747,14,17010,22381
10366,-4429,726,9,-2698,8413
22087,-5587,740,10,-7093,10673
2080,23095,728,14,2080,23095
1856,23029,844,10,-6612,1513
18456,24020,827,13,1318,2880
13661,23088,841,5,5414,6748
17133,-3678,722,9,381,1228
19459,17144,726,0,17521,18969
5970,13926,826,3,5970,13926
-7,-12230,742,11,-10455,2075
25114,6659,730,8,5080,3200
15708,-12882,733,11,-7727,-5112
28872,2689,746,8,-9160,-1767
-3145,774,716,12,-5472,6313
26218,-1079,730,10,-8462,5554
24338,1905,734,3,-1842,12951
20393,20836,825,10,19838,20565
9950,11861,706,1,10744,21683
9613,19720,849,3,9613,19720
3300,22453,728,13,-2317,13126
6767,17326,837,3,6767,17326
14668,25366,825,14,4780,-8872
12034,19362,849,1,13258,20502
10276,-4683,720,5,-2218,5000
2762,11293,724,11,3703,17898
17497,24086,847,11,4061,20393
4294,6007,737,14,6837,3370
688,-5107,713,14,688,-5107
20918,21053,831,9,19539,20529
13848,22271,841,7,9704,5380
11690,6374,845,3,11690,6374
21438,17761,829,8,21480,17543
11992,18474,745,3,14986,22365
-9180,13703,744,14,-10085,5959
28689,9710,707,3,7048,-15121
2696,25418,740,13,-9853,8133
26215,1030,713,6,-3325,-2931
-12850,5990,705,13,9570,-14676
8349,18437,845,3,8349,18437
2168,15247,736,5,4363,19827
28694,9575,716,1,-2844,-10742
15822,-2300,735,4,-98,15877
20807,20620,827,8,20572,20518
338,-11331,723,12,-7412,-5508
20625,370,846,2,5161,8400
8023,22839,724,13,4312,18819
27252,-1054,730,6,-9927,1660
19520,23586,829,15,565,13306
26413,-2938,706,11,15846,-12256
12026,21930,705,12,12375,22243
28784,10720,744,2,-9920,5342
29009,5819,712,4,3140,-14278
21868,-4785,713,6,-7519,10214
29094,4369,739,8,-4068,-8988
20338,23484,848,15,-5119,4921
5923,-8577,838,1,-2536,-2265
28858,10342,741,2,-10551,6963
24705,3587,735,8,1278,4115
-5054,19131,835,6,3299,-12679
28138,7801,748,0,862,22246
19652,22996,835,13,5341,13390
4925,4651,728,7,2126,12134
29503,7332,742,3,-5534,-9060
10425,24889,741,15,2983,20644
9327,8570,710,1,9710,22029
18804,22427,848,5,13106,20448
28272,12196,725,2,-8085,-5837
28833,1933,838,0,-3235,-3101
-2881,12648,718,14,-2881,12648
12671,24108,828,9,1004,9974
14651,25914,841,7,-9449,2533
12035,179,706,14,12035,179
28813,9437,719,1,-4393,-10103
13261,20695,726,4,15360,22586
28177,12066,732,0,-9897,8778
25736,10205,705,3,11492,-307
-1845,22338,847,10,-5674,-6768
13010,-13412,709,14,13010,-13412
-401,16639,842,8,-2699,5878
9027,19945,703,11,10276,21606
24472,-1699,719,8,-6444,14111
15653,21402,840,10,13206,19553
27558,3449,725,3,-7125,11497
22727,-8532,727,5,-1014,-11581
28623,5570,711,4,2014,-12359
27316,-1560,827,2,-917,-6205
11155,-1753,747,4,2637,19627
13423,2567,726,4,4627,17970
11815,21520,722,14,11815,21520
13796,-13876,724,7,-7365,-6698
-12884,9783,709,13,5147,-14902
3278,-5748,722,7,-5258,6698
5173,8065,845,3,5173,8065
28995,8479,717,3,-2501,-11861
19641,8101,708,0,8360,19767
21011,20972,830,9,19810,20460
25485,8161,739,0,3902,18335
-4452,-9527,746,11,-11114,6754
-1999,21180,734,14,-4523,17816
11432,25445,834,5,-674,-4792
28900,3807,711,6,3239,-14357
-4591,19621,836,6,2425,-12293
17579,23745,826,14,4489,16285
25696,-5790,743,10,-11854,8197
10995,3294,740,8,5843,19427
27500,8039,720,0,-538,21301
1312,15817,730,12,2225,18307
12302,21880,721,12,12695,22222
-3778,21145,725,13,-8074,140
20857,-8828,713,11,1989,-11297
15683,-7404,748,4,-1347,19946
29794,2912,826,0,-901,-10884
-2945,-10773,741,7,-10723,1962
-6205,19662,710,15,-4169,-7485
7250,7915,842,8,11127,2818
21741,16895,828,2,21455,17541
10754,21542,844,9,10650,1835
19057,8630,709,1,8195,14896
6019,22959,832,4,-799,16335
27445,13437,712,0,-1627,-8828
26146,79,707,8,-8748,8127
20367,-1609,741,6,-1164,7971
8179,-815,829,1,3682,3350
19146,23906,825,15,-997,10804
27300,8168,707,3,2053,-4261
1087,13605,725,13,6354,1908
27671,13668,715,0,87,-13029
22380,20358,832,11,21678,20066
-1997,-6300,711,11,-8217,11055
11617,23585,840,3,11617,23585
26504,8416,720,1,840,2854
-8354,-4328,736,14,-566,-11102
17355,-279,721,4,656,15409
9975,24116,828,6,1890,18547
2458,8166,709,7,1763,14959
15764,-3581,734,6,-1842,12951
3827,21191,838,3,3827,21191
-1108,14447,837,8,-1491,3244
17911,22436,827,9,13332,20413
-5392,21309,727,13,-9554,-3284
16397,-5708,830,2,-793,14635
28564,3662,745,3,-8492,8244
5134,10619,830,4,9721,2217
23822,2007,842,0,4864,8949
6551,7928,723,4,7924,21593
7009,26183,830,9,6521,-14248
23411,-7231,721,5,2202,-12416
6941,17529,838,3,6941,17529
14388,22791,733,13,12942,21838
21584,20826,825,5,20704,20458
27823,10059,747,0,-2334,15915
1418,25544,745,15,-8799,-2781
21778,-6757,713,9,-1889,-7581
9819,19419,724,10,13072,22797
15965,7953,703,4,7963,14007
14543,25315,842,5,-5721,9500
14598,-3155,835,2,1973,15085
14135,-1712,713,7,5003,928
25272,3316,728,3,-2317,13126
7101,-12090,843,1,-4022,-6070
20168,23543,846,13,-5117,10821
22235,-3518,745,4,-4803,13128
29197,6850,740,1,-9717,1075
14545,-13737,733,7,-7299,-6675
1688,19451,729,13,-375,7126
15576,9748,747,3,11076,18092
28131,12264,733,0,-9705,7064
-1241,24306,731,15,-10945,1114
11109,17556,736,3,14047,22250
11776,20197,735,10,14178,22482
13710,22346,848,9,7130,8543
27997,5662,709,3,-7774,1466
-5487,15324,728,14,-5487,15324
7330,-7591,709,7,-4460,1757
4791,5081,714,9,2066,15182
-9340,15539,706,15,3030,-11815
28278,164,730,10,-10724,-595
3098,-1796,720,11,-3019,10229
5346,-7154,718,7,-5457,4228
-3792,20491,715,15,-4706,-3078
26564,3073,733,1,-2522,17959
11597,-6110,745,10,-711,18763
12867,12133,737,0,14165,22284
28287,617,846,0,-5632,3102
9278,22254,731,14,9278,22254
27812,11736,717,2,-5549,-1598
15382,-5086,706,7,3559,-3564
16578,3127,707,1,5158,19571
-9029,10114,738,14,-8185,2341
24869,33,741,4,-3445,5172
17396,-12133,730,7,-3676,-9362
28423,8313,722,1,-6744,-1133
14923,25461,845,7,-6768,2364
12978,25126,838,5,-2719,2624
-2968,20432,715,15,-4203,-1596
13873,26109,837,7,-8307,-1632
5520,25536,847,6,-9459,8660
14315,-686,711,12,10814,-663
4203,22856,735,15,-1411,6649
27664,10634,723,2,-5846,7672
23740,1164,728,6,-974,4258
20586,-1703,736,6,-1469,7162
27386,12699,704,2,2252,-9134
2964,12366,713,12,2934,14828
6078,7918,746,6,7004,20368
13883,23618,826,11,3662,9692
410,24131,730,15,-9038,5500
13982,23325,716,15,12287,22421
7093,-7314,834,1,-803,-2019
12285,-3394,719,11,1061,2388
27179,4218,712,8,-4041,-1697
13464,23204,706,13,12183,22429
27859,10947,728,0,-5744,14620
11520,22080,829,5,9138,3685
28685,780,739,6,-2613,-10983
4016,-1121,720,9,-1977,13835
18133,23819,840,14,2091,15006
19708,19354,825,6,19331,18619
24424,5057,745,8,4497,4676
25869,220,739,3,-4435,15837
4609,-791,747,10,3319,21329
18601,23444,836,14,6291,18854
671,18147,733,14,671,18147
6938,-11748,733,5,-9658,7316
11804,19277,731,3,15012,22737
12517,17557,745,2,16113,22608
27706,1012,731,4,-9789,4304
20083,20238,841,1,20285,20374
27846,11665,718,2,-5911,-835
13589,20037,832,8,12110,18602
11152,19656,714,10,13444,22429
29265,6353,737,1,-10935,3458
26585,8085,705,1,-627,991
13754,5228,742,1,8693,20545
6342,25263,744,15,-4996,12539
7045,-4171,711,7,-2152,4102
5974,-13630,728,12,-3385,-10309
15247,25307,837,12,-2487,-5425
26448,5215,731,3,-2476,9129
-549,15713,733,12,726,18657
4778,24957,735,13,-5444,13639
14012,1700,846,1,10330,3567
15447,8440,703,0,10330,21518
15785,17280,736,3,15773,20121
17372,23091,848,7,7100,16720
27174,13944,704,0,5430,-12076
-421,13263,825,10,7113,-4412
-3849,21672,709,15,-7670,-1729
22775,20249,848,11,21933,20048
23340,20231,848,13,21933,20048
-185,17484,744,7,2501,20810
28799,3412,724,4,-7560,-6603
19806,23871,838,15,-7738,2665
-5018,-10950,721,14,-5018,-10950
22395,20247,834,9,21805,20002
26694,-3440,740,6,-9701,-1014
-10052,5603,831,4,8087,-14689
5035,1812,828,1,1902,6876
8350,23526,835,6,-592,14262
22799,-9148,715,9,-5917,-9873
16510,24518,841,9,4799,21845
12137,16468,832,2,15201,20751
2925,-5580,709,12,-2239,-1783
12526,5180,826,2,8602,16126
3524,-14089,728,7,-11964,3562
29369,7810,724,3,-7588,-8640
5624,26122,747,15,-8474,10982
21265,19809,841,11,20293,18695
19386,-2677,726,8,-714,18269
18727,24498,837,13,-793,-9958
25915,171,711,8,-7933,8754
27688,3716,716,8,-6502,-845
26812,7254,731,1,-2044,7534
8382,25464,829,9,2497,-9029
7892,23295,728,15,2853,17760
8103,8981,737,6,7727,19432
14465,24370,833,7,365,7971
18243,20461,841,9,15788,17134
20472,-10395,732,5,-5403,-8235
27136,-42,726,10,-8828,1375
15791,22049,747,9,16453,22431
2500,23441,839,10,-7059,4511
26523,13673,707,0,6645,-4358
20118,22848,845,13,4496,12705
6642,21589,824,6,838,10258
-644,24161,731,15,-10086,2597
26040,9789,706,2,-812,9843
4078,8776,704,13,11763,2788
7965,25780,741,13,-1590,20357
-4146,7974,746,12,-4146,7974
27621,4662,730,3,-6536,9282
27243,4284,708,4,-627,-5862
16909,-3142,707,11,5171,-2259
21152,22846,846,15,7295,22484
-1859,19156,746,14,-3850,15189
26172,13379,720,0,7050,1726
27618,-1409,837,2,-599,-6538
27969,115,825,2,4780,-8872
19097,-7216,741,4,-4429,17923
21319,-4982,728,10,-5744,14620
-4749,11300,741,7,-1877,17415
-339,9736,744,9,1880,18874
16698,25072,846,12,-7581,496
26750,8498,724,1,672,3176
27381,14019,704,0,4749,-15359
-8911,7405,740,14,-6840,-316
24494,6344,730,1,2274,12776
-2077,22759,718,13,-9655,6149
16514,22430,748,12,16514,22430
-371,3444,708,12,-2265,7559
22038,6039,705,2,4827,19251
-7845,6949,729,7,-3845,19373
10595,-12874,833,1,-897,-9671
18154,24385,826,13,1628,-4448
27097,-2179,747,4,-10454,7154
28124,12683,726,0,-11455,1499
15873,24433,845,7,-977,11149
18283,427,727,9,5816,2399
13947,16892,707,4,13766,19882
-11890,15265,711,15,5174,-15799
2739,25888,743,15,-10528,2284
-7066,6657,729,7,-3570,18863
25798,-694,839,0,-2649,9199
10229,20699,838,9,12011,2190
-9376,14493,706,13,-1149,-9928
28336,9270,704,3,5430,-12076
15411,1190,712,4,2181,15846
-5280,11172,828,4,2852,-8061
23631,138,826,2,4307,2150
-7713,17627,712,15,201,-10420
11091,20867,705,9,12375,22243
29196,7750,734,1,-7505,-5588
28565,-49,747,8,-12062,6685
21549,-9313,721,9,-6656,-7024
16541,-3907,717,5,2081,-1070
16356,19125,835,6,15307,16743
28292,3548,714,4,-5298,-6691
13844,-4463,720,6,-1594,17584
25613,9238,703,8,13377,-1007
5192,11142,726,6,8429,21877
16592,-7717,735,6,-5218,14418
21807,-8943,719,7,4649,-13071
13426,25312,849,9,-5378,5634
12737,16122,739,0,15760,22438
6500,15981,833,3,6500,15981
27919,11850,731,0,-7500,9166
12115,26342,838,7,667,-11372
7290,5999,835,8,12157,1395
-9821,6798,727,14,-9821,6798
6663,-7522,719,11,-5587,4915
15672,19919,838,8,14717,18945
5958,22121,836,4,-397,14718
-8297,13603,840,4,-199,-11805
10790,-5955,839,2,1358,19133
16538,25298,842,12,-9590,3576
28417,3566,703,6,3475,-13074
5837,16127,847,1,7511,19040
10645,20376,726,13,9493,17215
27867,5182,715,3,-7509,4297
12704,20752,743,5,13592,21695
-9227,5828,837,8,120,-11723
26589,5362,713,8,325,-1867
16778,-12948,722,11,-6679,-7768
362,863,718,9,-2160,16865
22969,22,739,1,1063,19548
1469,7116,705,12,364,10294
20141,-10327,723,7,1118,-12042
28982,3365,710,10,-1358,-13275
1682,3221,733,12,-464,7396
6425,13049,827,6,11883,2955
23976,2301,726,10,292,4089
12604,20739,718,6,14552,22549
12847,16167,847,0,16976,21058
28209,5311,724,3,-8077,5482
-8640,-5672,729,12,-12553,3569
25101,-6038,717,11,9309,-14235
666,20521,706,15,-2092,6559
-2913,4145,705,12,-4252,8837
-4981,17868,830,4,-5976,-4316
3433,-2550,711,11,-3428,9097
1027,6973,708,13,11776,-875
2011,24530,726,13,-7135,14468
18974,-11778,715,7,-1020,-12202
1669,2144,842,3,1669,2144
8996,5551,846,2,9056,19331
20459,22792,846,13,6651,16859
28999,6020,717,8,-2501,-11861
19498,22950,828,13,7902,16028
29132,8285,732,1,-10976,803
12231,26176,834,7,-1255,-9950
12048,22177,708,12,12424,22483
16789,-418,703,10,-367,12497
13396,23898,835,5,2306,6747
21990,-9585,722,9,-7474,-7513
3014,-7420,827,3,3014,-7420
13215,-14242,717,7,-7786,-6946
28945,4330,727,8,-9058,-4200
18062,3196,705,11,11530,2868
6970,22005,716,15,3246,15610
25978,8408,713,3,5003,928
26516,-3894,711,11,14446,-13581
5880,-11806,715,12,-2184,-8800
-10304,12393,707,13,2149,-11498
9809,23064,841,6,2256,15393
17467,23621,829,14,4543,14397
21969,-7174,707,5,2429,-11055
7411,-13566,744,9,-10528,4366
7075,22897,703,15,3040,17929
22579,20455,840,12,21661,20132
2832,8050,843,1,2556,13395
7031,17261,842,6,7672,5094
22040,20652,847,7,20698,20266
13106,25667,829,7,-4350,-840
-758,15649,740,12,-758,15649
28764,10586,746,2,-9902,6957
13930,7483,831,0,11972,18491
18159,24516,846,14,-6668,10272
13672,24987,847,9,-3357,8746
-10547,2898,732,14,-10547,2898
-1043,7326,715,12,-1765,11279
24860,2763,833,0,5275,5798
28974,3337,710,10,-1448,-13186
-6754,384,848,1,-7618,11998
5469,20528,844,4,584,11492
11083,20338,825,10,8166,15239
16050,23267,844,14,10504,1665
-7607,15453,707,13,-1971,-7055
21704,20783,838,7,20415,20312
26404,2845,706,8,-5454,2229
19909,23311,849,14,7401,22566
26397,-224,719,10,-7358,1514
27245,3641,711,3,-7669,8773
27264,13282,716,0,-854,-3586
2384,6300,834,3,2384,6300
27878,870,742,8,-9391,4316
28641,10241,723,1,1118,-12042
22494,20783,834,13,20528,20372
23949,4765,726,6,6084,2155
-2753,6522,843,3,-2753,6522
326,22902,836,10,-7394,-226
8149,22448,839,4,2513,17307
-3842,19432,747,12,-3842,19432
-6485,17845,706,15,-1320,-7611
13979,-12682,724,11,-7694,-3939
28396,4419,704,6,6624,-13197
7445,-5910,725,11,-3854,5525
28334,2459,831,0,599,-4056
-976,19899,839,4,-5846,2406
16658,-3383,848,0,4950,19839
23871,-6996,716,11,6754,-13620
-1842,12951,734,12,-1842,12951
11374,18075,741,6,13390,21571
21547,-8184,705,7,6222,-12525
-301,4462,709,12,-1885,8437
21255,3414,706,3,1389,14011
9284,17746,716,4,12287,22421
20920,1234,730,3,2225,18307
14968,-2064,744,8,1880,18874
20525,22852,840,15,6080,17489
2112,21227,703,15,-1691,9489
8083,-5547,709,7,-2503,2419
15985,23545,837,9,6706,18595
10934,20604,720,9,12566,22241
-865,-3453,706,14,-865,-3453
8239,-4908,736,9,-2574,5974
12321,22240,739,11,13209,22746
16432,24434,840,7,610,16440
27342,11079,746,0,-1039,10357
21017,1663,739,10,2782,7032
5498,12543,843,1,6150,16148
532,1915,729,12,-1925,6485
17713,-12268,735,5,-1014,-11398
1270,-9909,738,11,-8185,2341
20475,19237,838,10,20098,18692
8783,-14051,742,9,-10893,2911
23259,5015,836,2,12861,5072
-4714,7967,742,5,-1578,17776
10552,22854,731,13,7723,20307
21570,19595,848,2,22103,19903
15220,25120,828,12,-4058,2160
26015,8984,715,2,-212,13473
28536,6697,735,1,-7193,2263
28098,691,721,10,-8986,-3430
27622,10363,729,0,-2966,16404
17223,21524,837,4,15810,20870
14474,15908,824,3,14474,15908
29017,7753,726,1,-10745,1293
9319,24013,836,4,3189,20709
27564,1393,729,4,-8999,3637
14207,22078,734,9,15036,22595
4810,22772,848,10,-3756,7144
22111,21463,845,15,16753,21019
26674,1125,733,3,-4002,17748
28184,246,738,4,-9421,-1786
10777,-10324,719,11,-6248,-75
2140,-262,725,9,-1702,15673
-65,11921,826,8,1522,2368
-4747,3162,744,9,-2927,18140
7735,26467,835,9,4361,-13903
10450,-10473,715,9,-8664,6394
9104,-7973,706,7,-3632,-131
6727,-9346,712,9,-7852,9456
28144,2853,719,10,-2575,-8202
4607,12142,712,11,4942,17364
11995,13350,847,2,14156,19779
-1469,7162,736,12,-1469,7162
15031,25729,841,12,-1814,-9630
24292,-7611,748,10,-10763,12633
9113,12344,705,1,10820,22063
-4614,21651,735,13,-1811,-10235
21738,18397,836,9,21735,17500
13417,19638,824,1,14222,20446
-5237,5927,824,8,2082,-7122
28775,6638,727,3,-8567,443
8537,13430,720,10,10021,20922
3559,12324,735,9,4853,18453
17808,-2912,741,6,-1560,11473
15547,-3524,737,6,-1607,13257
13642,22943,826,14,14792,991
-2311,4306,733,12,-3610,9591
28285,6878,705,8,4095,-11627
-1296,20654,741,14,-3582,17348
19164,22672,835,14,11129,19376
-9229,13646,710,13,770,-10208
11519,24419,828,7,5887,-3492
28796,10012,706,3,10483,-15845
-3385,18922,830,6,2126,-9994
8670,24009,734,15,1995,17085
28264,6327,744,2,-920,21530
14579,23146,845,7,6303,5826
17311,24270,837,12,1006,16392
-7084,1750,733,11,-4836,18298
19772,23615,843,13,-2753,6522
11457,18730,738,8,14217,22257
5484,21139,708,15,2465,13406
1767,21180,728,15,-1873,5964
29390,8282,746,1,-8547,-5157
19582,23820,833,15,-4773,5910
17100,24848,842,14,-4922,-1738
28470,9674,731,2,-7193,15904
28361,942,735,4,-8091,-4227
4691,19081,717,12,5560,20460
29205,2852,728,4,-10757,-4592
27795,466,716,6,-7045,-5528
24839,2933,711,8,-2699,5263
-2159,10332,731,12,-1849,14502
20501,3794,714,3,3029,15094
28784,6708,736,1,-8416,1796
2764,14048,742,5,4511,18977
2939,-6696,709,14,2939,-6696
-8871,-270,726,14,-8871,-270
3906,24676,732,13,-4616,16730
12516,24245,836,11,3146,-454
18140,23327,833,14,6764,16971
9574,16750,737,6,11848,21415
28374,4711,736,3,-7350,3126
27350,-2429,849,0,-7352,12760
9627,4506,746,8,7004,20368
5060,-8175,829,1,-3029,-1797
27637,3332,703,10,784,-9079
1742,8690,832,3,1742,8690
-5259,17570,829,4,-5729,-4781
18853,20987,831,4,18108,20564
11441,18314,744,10,13715,21721
27417,2913,721,1,-5574,17039
-2391,-9901,840,3,-2391,-9901
2848,-14475,705,14,2848,-14475
26980,13511,703,0,2629,-8052
-2608,4561,721,12,-3831,9521
13629,-463,746,9,4233,4612
10269,22341,824,9,6678,2761
14696,23124,849,11,5960,7071
-5388,10359,703,13,5311,-5624
6276,17160,843,1,7984,19721
15213,23747,825,11,4677,15459
18046,21878,845,6,15677,21085
27744,12263,715,0,-9416,3482
28853,6690,706,4,7513,-15236
284,24538,739,13,-9219,699
3302,19546,739,12,3302,19546
-4481,18298,844,4,-5649,-4761
19834,-11012,715,11,-1983,-11336
29069,7551,735,1,-7884,-3066
13745,23178,716,15,12053,22134
-9406,18630,710,15,-1448,-13186
-373,22159,727,13,-6626,7089
4248,-4299,731,11,-4002,9183
13321,25608,848,9,-7051,4882
29025,6717,740,1,-9162,2527
12682,-1044,725,5,2332,5219
17625,23486,832,13,13708,280
26957,8050,720,2,-1594,17584
28793,9578,718,1,-3413,-11042
15463,25200,842,7,-5721,9500
25814,4640,726,8,-577,3226
18099,-2881,825,2,854,10740
14701,25384,844,11,-6397,6475
-356,11673,729,7,2240,19228
19833,22924,845,15,6303,5826
1189,23939,713,15,-7737,10166
19931,22017,847,5,15931,21137
-9966,-628,738,14,-3773,-8692
18861,21272,831,14,14996,16478
-7155,-2576,721,14,-7155,-2576
-5403,10958,844,3,-5403,10958
28879,3919,723,4,-6724,-7511
-1627,-8828,712,14,-1627,-8828
13759,21987,730,9,14914,22729
3551,-9388,723,7,-8001,4683
14517,25460,824,14,4888,-8534
25184,3162,729,3,-2169,13585
521,10638,708,15,10562,-77
-9680,15248,709,13,-1961,-10612
20095,22005,845,14,13885,19673
19920,23394,846,14,7947,23358
15227,25328,824,14,-698,-4900
9142,19905,717,12,9606,20666
19363,-7944,704,11,2252,-9134
26451,-1682,729,6,-9501,3688
1940,-7284,719,9,-6561,13980
27587,1103,732,4,-9419,4977
-4710,12922,727,14,-4710,12922
26548,7338,736,1,1115,4580
16372,23233,837,14,7975,5618
15682,25243,829,14,-784,-4629
16854,23837,847,6,13081,23704
5444,22545,743,15,414,7678
-2202,6167,826,1,-2202,13337
27953,11357,712,2,-8741,830
9569,20288,709,12,10001,20949
-2614,-5926,709,7,-8522,9636
542,2104,736,7,-1780,8924
5,-6296,716,5,-7223,12166
26555,6230,730,1,-2531,10500
12457,22002,842,11,11127,2818
28669,2296,729,4,-10446,-879
24045,8667,722,0,6127,18729
11455,-11885,706,12,3747,-11653
5079,23973,731,15,-2562,14751
20429,23292,832,15,3489,21193
13055,22282,736,5,14046,22757
-5971,4116,827,8,3251,-9272
2396,22070,831,10,-4583,4395
17003,18572,708,7,16807,18935
27320,-1923,836,2,-1940,-5263
1064,21905,725,15,-3854,5525
-4902,-6510,839,3,-4902,-6510
20381,21765,845,11,16753,21019
4093,24017,733,13,-3484,15896
4080,3165,706,7,386,10666
2209,24746,735,15,-7193,2263
7931,-3348,733,5,-2096,8634
25876,-2013,841,0,-4173,11583
15195,21120,720,13,14737,20189
14686,25725,843,11,-8390,6631
27110,14396,704,0,10464,-14576
7434,21367,838,10,1977,11351
6949,24595,724,15,-375,18916
25085,7239,732,2,3582,18719
23637,1171,704,8,-3642,9125
26264,7338,738,2,1039,17148
3382,10144,703,15,12005,2696
18694,-11802,723,5,-7251,-7245
24150,-5808,704,5,6624,-13197
8735,19724,703,12,9147,20489
-6393,11193,746,7,-3361,18105
20958,-1321,727,8,-1292,16443
11413,17126,740,1,14493,22306
12310,22193,718,14,12310,22193
12447,22127,840,9,7670,6388
14283,90,732,5,4236,4878
17617,23344,834,14,5226,13096
19937,19161,831,4,19686,18676
26284,2229,720,3,-5311,13958
5826,17403,837,10,5794,5422
28687,9885,715,1,-1020,-12202
28494,9415,713,1,-2726,-8510
-2989,-7531,715,14,-2989,-7531
6503,-13432,745,9,-10572,5316
28900,2552,729,8,-12553,3569
24917,5867,711,4,5625,339
9185,-14002,741,11,-6240,-6029
27992,12541,718,2,-3617,-9488
4135,8487,703,13,12005,2696
7292,17624,742,11,8472,19818
2972,21730,835,8,-2567,15447
7428,4230,712,10,4652,19654
27994,7689,709,1,-6199,-319
22139,20787,840,14,20548,20290
5691,22581,724,13,1135,16401
25090,2570,724,1,-1204,17589
9733,19269,716,5,10993,21328
16147,19088,833,6,15140,16623
25939,13223,707,2,10877,-167
11009,21372,849,4,7177,17504
11187,25584,827,5,-2174,-3102
21153,4219,709,3,2548,13694
9850,16983,721,8,12695,22222
-1680,16855,722,14,-1680,16855
14165,25438,836,7,-5098,3296
16910,18516,705,11,16670,18931
11772,-14047,735,7,-1542,-10663
22350,-1689,829,0,565,13306
28835,9018,723,3,447,-11693
15254,25510,832,12,-5975,-2549
13130,20543,747,6,15157,22365
1557,14561,746,9,5012,20897
14967,-6353,831,2,-1045,15860
-3201,21356,703,13,-8725,4913
10573,20910,841,8,8107,18530
130,11153,718,12,246,14380
3428,22022,844,10,-3510,4309
16288,21530,843,6,13638,19734
10437,-13662,726,7,-8907,-2838
20122,-8818,721,9,-6083,-4561
9996,24971,746,15,1858,19699
-5186,15908,824,6,6446,-11224
1095,21995,837,10,-5362,803
20566,19652,826,0,21302,20217
13800,2668,745,3,6801,20225
27441,13630,710,0,-398,-10219
28004,12355,732,0,-9185,6222
15752,19437,738,9,15941,20170
5025,23300,723,15,-1266,14598
14079,24933,825,9,-77,17133
-257,5112,849,2,8798,23604
-919,11336,738,9,2134,20049
18364,24443,830,13,1619,-7179
27456,8942,705,1,-361,-3972
-99,15462,713,15,5003,928
8716,14526,715,12,8525,15761
-1592,9797,732,7,482,18346
11797,24800,825,11,1085,-186
10529,5542,723,4,6488,19227
17250,751,718,11,8617,1451
9246,24087,831,4,3159,20958
18545,21560,837,5,14607,18904
3221,17912,739,7,5027,20426
14212,19349,716,7,14430,20104
-8214,17204,705,15,-316,-10431
15834,9650,732,0,12854,21742
3297,-5650,719,11,-5510,8250
21575,22508,844,15,12470,23664
3213,18256,730,14,3213,18256
9150,12733,846,4,11577,6539
25466,-2865,736,10,-7881,2897
26000,-1477,830,2,-174,-2345
28999,4340,732,4,-6315,-7455
-2688,23372,734,13,-7084,-6157
8176,15812,704,10,10418,21664
23566,8049,734,0,7203,18930
20086,23602,836,15,-2275,15968
26269,13493,721,0,7628,685
9183,25361,825,5,4780,-8872
11157,-10457,714,9,-8618,5575
26090,6925,742,2,1981,18321
28350,394,729,10,-10438,-1619
15061,-12118,720,11,-6280,-5463
18227,19087,833,0,19696,20493
16145,24075,842,7,2087,14244
18130,21162,827,12,14692,16169
16510,24973,837,14,-2741,-3201
16284,24452,839,7,352,16038
1084,-1927,828,3,1084,-1927
6083,17100,731,7,7723,20307
27694,13499,718,0,-3646,-10404
19563,23437,839,15,2350,822
13645,23144,704,15,12249,22224
12487,22128,742,5,13549,22779
17529,25058,826,13,8683,-13648
11727,19693,714,8,14129,22548
20940,22901,834,15,10247,23290
17541,24548,848,12,-4771,12172
-5932,17970,712,13,-4826,-3832
1365,-7263,715,7,-7411,6816
20180,23337,837,15,-142,15180
20289,19910,829,2,20976,20384
27330,11153,745,0,-1084,9909
1615,22131,839,6,-3512,-1806
28935,7108,724,8,2121,-12516
1918,7787,719,7,1401,15242
-7952,11104,737,14,-7492,3955
-2461,11039,731,14,-2461,11039
-5768,18908,839,10,669,-12315
6532,-13131,709,12,-1961,-10612
2957,24483,847,6,-8566,860
11776,18790,733,1,15226,22752
-771,12533,828,1,1105,17745
27326,8205,741,2,-1631,15348
-6633,13799,824,4,-1396,-8335
13841,2482,740,3,6409,20117
23207,-7712,718,11,4916,-13278
9929,18332,711,8,12778,22540
15322,24323,830,5,2853,17266
28313,-788,828,2,1286,-9870
13015,20721,748,9,14088,21750
24453,6155,714,10,8765,659
15094,-12121,712,7,-3940,-8107
27853,11489,720,0,-8371,10314
12973,7354,703,2,10315,22142
7653,-14025,733,11,-11031,3211
3885,-6752,825,3,3885,-6752
17047,23455,841,14,5414,6748
18235,18561,741,5,18103,18887
11921,21402,725,9,13419,22615
10206,-13735,712,12,1344,-12914
-7496,-1299,833,3,-7496,-1299
17443,23565,848,12,2745,11374
28428,12228,734,0,-10988,-830
28733,4074,720,6,3096,-12736
28834,2829,720,10,-4565,-9845
15964,24458,837,9,3755,20439
20253,20926,849,14,16447,17535
-923,21959,706,15,-6178,5003
-4650,5823,724,12,-5147,11271
27069,9004,731,2,-1547,15469
16473,23002,844,9,8459,17944
28976,5934,730,8,-4668,-8499
20779,2595,710,9,10892,478
8304,-13637,732,11,-10555,2691
6722,5239,844,1,4887,9622
15180,2578,718,7,8902,4582
25312,10392,705,0,1238,12182
10227,-5063,747,10,365,19320
1542,7921,733,9,2855,19099
-6781,-6500,748,7,-10711,7042
13929,22741,735,12,13929,22741
756,6539,728,9,1976,18968
26771,3506,743,1,-3688,14523
5774,-8387,722,7,-6188,3475
28630,12050,744,2,-7321,-7202
13275,18491,841,3,13275,18491
20285,23651,844,15,-8324,7577
17329,3846,718,3,5396,18008
290,13776,744,11,2450,18858
9281,15885,724,12,9290,17009
25624,4101,735,1,-1826,12310
16652,24921,834,14,-4681,1797
24893,-1847,719,8,-7048,14258
25419,7521,741,3,5944,4337
27163,-1438,744,4,-9920,5342
-7767,11464,842,8,-4448,-6428
28073,-1792,824,2,-2281,-8774
29001,8910,718,1,-8071,-7508
7939,10505,836,3,7939,10505
21005,-1537,730,6,-2531,10500
4028,-9519,842,1,-4922,-1738
25488,8278,713,8,9994,-153
-3201,-11416,743,5,-12026,8069
-7382,15235,830,10,5218,-12939
-1703,8855,723,7,-43,17618
20437,21439,831,5,18401,20771
-993,6830,725,5,480,18230
28978,4388,737,8,-3346,-8813
25922,13502,705,2,12496,-715
13592,2407,731,1,8140,22143
9030,23680,734,15,3003,17067
12781,20282,745,10,14986,22365
26995,12597,719,0,-1272,2508
7885,21174,728,12,8770,22025
10137,-12929,838,1,-1589,-9341
21581,-9980,710,7,3799,-14115
26657,13401,712,0,4218,-2982
28775,11067,734,2,-11076,-1027
15494,23737,827,11,4950,16030
25854,-881,738,8,-7335,9238
1770,18648,841,1,4799,21845
25414,1229,711,1,-3413,18249
4567,17055,845,8,2565,10145
9904,15903,725,1,13419,22615
28058,452,846,0,-5165,3395
27817,12860,723,0,-7866,-1015
15170,23787,846,5,2486,11425
-2869,-696,824,3,-2869,-696
-2215,3602,708,14,-2215,3602
16693,19129,840,10,15710,17074
8393,24425,741,13,1272,18484
19023,17461,738,1,18022,18859
15887,458,703,12,12917,66
20539,20571,824,3,20539,20571
28782,7495,705,6,18809,-11589
-8223,13187,826,4,-901,-10884
23809,-3490,835,0,-2567,15447
22502,20408,842,11,21717,20147
15086,23957,842,4,12049,23624
2752,21811,828,4,-4049,11262
26260,13439,722,0,7218,1249
28768,8690,713,8,12770,-13961
11254,26334,824,7,-66,-9886
16795,23730,827,14,4360,11367
19620,19742,848,2,20854,20338
22213,-10118,707,11,1561,-14505
16135,22675,741,14,15905,22536
-2629,16890,740,14,-3879,12474
6616,3601,738,12,6616,3601
6340,-2601,844,1,1286,3073
19598,23174,835,15,4045,9158
28174,10166,707,1,3223,-11312
26322,6121,834,0,12920,1680
13177,3819,825,2,7539,15408
19289,-4683,704,5,3704,-5392
19199,19173,845,0,20555,20281
4215,24664,845,10,-8223,8503
17098,22905,826,12,8270,15417
11717,21300,703,9,12883,22437
15153,-2292,729,10,262,16914
24784,-5326,736,6,-9965,4573
9561,23254,715,13,6501,20729
21758,20944,842,13,18193,19314
20108,2139,707,5,11750,243
20719,20889,848,6,19809,20631
14414,23405,837,9,4255,13469
-1406,6331,732,14,-1406,6331
11262,3950,842,2,8111,17591
14497,-3050,735,8,1293,19362
-1804,13282,846,3,-1804,13282
-4361,6462,741,11,-3143,15491
28504,1379,840,0,-3846,-1089
12556,4966,727,8,6891,19247
11010,17454,719,1,13997,22486
13647,25585,842,11,-4748,-95
29297,7900,733,1,-11859,2292
24187,8563,710,8,10468,3431
8332,-1847,737,5,962,5026
28079,3352,719,4,-5888,-4777
27849,1979,707,6,-1957,-9383
-2940,12097,833,8,-1326,-577
13859,-3619,741,6,-940,15070
17320,25045,849,14,-6895,-3133
20744,22530,847,13,8969,18448
2855,-4813,842,1,-3196,2897
21705,-490,845,0,2879,14144
20897,22927,844,15,3141,19672
18272,17950,731,6,17706,18980
13063,22306,724,14,13063,22306
20333,23641,849,13,-9093,10545
23860,1272,704,4,-3159,5296
20204,23178,841,13,3220,17249
28132,-822,831,2,1321,-8866
18964,22173,828,11,14732,20594
9695,-12847,724,7,-8192,-2021
28577,11076,738,2,-8770,711
-3157,18276,832,4,-5424,-1499
29186,6385,710,4,6284,-15925
21067,20581,829,8,20894,20468
10249,23451,739,13,5652,19267
-3073,-3667,831,3,-3073,-3667
29037,5386,738,3,-8908,-131
-1414,17765,830,10,1120,-4556
8240,-13725,845,1,-4292,-8438
13625,25199,824,12,2820,-4634
19953,277,746,1,4599,20456
11586,23469,748,13,7230,20097
2554,-12140,704,14,2554,-12140
24386,1774,711,6,-3,252
12876,22395,742,7,13549,22779
7935,21068,748,12,7935,21068
-7218,9090,827,4,4407,-11091
28638,7445,722,1,-9399,2470
28393,5276,711,4,1045,-10849
18594,23682,848,12,4950,19839
18287,17901,730,10,17667,18979
15152,-11161,724,5,-7495,-2098
27789,1858,718,10,-5304,-5535
25050,594,723,4,-5266,7350
3841,22886,835,10,-4809,7396
10054,-12802,740,9,-9346,1625
10369,20028,728,6,13537,22865
25933,9092,713,2,-337,12518
12147,20519,737,6,14410,22533
14173,23168,829,14,13635,756
20026,-656,745,6,361,8546
16214,24222,834,11,3754,18434
-9975,12628,713,13,1989,-11297
12500,-15576,727,7,-9991,-5811
23294,786,706,8,-3495,10252
-4670,-1489,705,14,-4670,-1489
25486,4256,703,8,-1005,899
10157,25867,826,11,3947,-9641
21793,-4627,704,5,5937,-8099
24936,-1473,712,10,-7258,4564
13524,18648,843,3,13524,18648
20251,-6744,719,6,-7048,14258
6295,20582,726,12,7218,21649
8589,17482,709,10,11372,22231
5029,19693,845,8,1248,13686
27659,4635,715,3,-7411,6816
23588,4651,724,6,5972,2650
12640,-9327,711,9,-7132,3797
27671,12191,708,2,-2612,-6467
4339,22648,712,15,-1104,13533
6752,-3703,704,11,-2539,5731
8072,19330,840,8,5675,15371
28675,2994,716,10,-2844,-10742
6757,13969,839,1,7636,17002
21073,21058,832,5,19636,20522
17200,23630,831,14,3786,11466
-6273,-3028,842,3,-6273,-3028
11179,12466,728,1,12389,21746
24958,-6446,714,9,252,-13445
23177,4520,730,6,5598,4023
10393,4112,741,7,7402,7229
10409,-3280,730,10,1415,20419
25111,8192,703,4,12115,-414
2872,16522,735,13,7332,2931
-4374,-7765,717,14,-4374,-7765
18130,23370,841,12,6266,17739
13800,-1685,714,7,4701,1241
7989,5940,747,4,7195,20481
21339,-5624,824,2,-4436,8538
25742,-6399,703,7,13352,-15275
21747,-5314,727,6,-6765,12764
18257,-6257,742,6,-4794,13046
-4922,-8863,741,11,-11074,7004
27828,13209,722,0,-6729,-7211
8459,-14428,729,7,-10446,-879
28900,4580,711,4,-3106,-11721
9566,3879,845,2,8219,18876
28337,10733,706,1,7590,-14520
18350,-7340,723,6,-5469,16150
28965,9684,719,1,-3207,-12331
10477,-5006,704,7,-300,532
28354,12682,745,0,-8799,-2781
8855,18744,716,6,12046,22618
-429,12110,712,14,-429,12110
-8983,1621,739,12,-8983,1621
14731,15094,827,1,14692,16169
16812,16000,839,0,17983,19292
7296,25805,736,13,-2753,19792
-8349,10077,828,4,3040,-12079
1153,11709,832,3,1153,11709
27690,4796,714,3,-7396,6081
26783,-373,824,2,2667,-5347
12457,26135,838,11,-4220,-7287
-10785,6612,736,14,-8309,-2105
20105,21025,825,6,19228,20738
24775,9322,719,3,8710,4749
14158,22594,721,14,14158,22594
27921,-64,827,2,3494,-8456
3652,24277,737,13,-5629,9948
14253,23130,846,11,6217,6142
29301,7473,736,1,-8936,-3570
19835,23268,846,13,956,4003
4702,13378,847,3,4702,13378
-1305,3622,843,1,-2311,11604
4104,19126,709,14,4104,19126
14519,8248,834,0,12442,17856
11432,21540,705,7,12297,22332
29002,5693,719,8,-4255,-10375
27492,12356,708,0,-7480,667
28465,10784,720,1,5673,-13163
-14178,5175,706,13,10483,-15845
21960,2118,706,8,-812,9843
3364,-13443,738,11,-9357,-1367
9136,13404,711,3,11392,21973
16179,21519,842,6,13494,19668
18851,17479,732,1,17731,19003
12161,20125,740,4,14727,22543
8614,13934,707,3,11101,22164
-7365,-1529,723,14,-7365,-1529
13466,-6764,725,8,1080,22523
27979,12406,731,0,-9154,5377
18498,20770,832,3,18498,20770
-132,-8491,734,7,-7438,1169
2756,18064,839,10,2350,822
4207,22119,744,13,-649,7683
21592,21269,839,14,19072,20732
2816,8725,717,11,2496,16073
-802,24339,737,13,-9166,-1911
11554,-13907,841,1,-1089,-11233
21164,1498,711,8,-561,11911
19442,23581,844,14,6707,22228
-11031,3211,733,14,-11031,3211
9797,25516,836,9,-7,-7102
17235,22897,737,15,16151,22462
10051,720,744,4,4054,19433
25993,5637,738,3,844,5472
28560,6941,733,1,-8471,7970
24651,339,736,3,-2644,15447
-7021,16374,740,14,-8810,10152
28019,-664,833,2,1857,-8555
27050,9738,723,2,-2772,11780
4683,23405,743,13,-2774,9967
3863,-2893,710,11,-3449,8577
7125,-3363,706,14,7125,-3363
-11511,7312,738,14,-9421,-1786
-9533,4376,716,14,-9533,4376
22457,20587,841,14,21023,20232
20908,21328,827,13,17138,19098
-5490,12181,721,14,-5490,12181
26327,-4165,741,6,-10723,1962
14010,21857,843,6,10025,18575
19574,23889,840,13,-4782,2821
-1207,23945,736,13,-8479,-2712
1501,-1686,709,5,-4391,12680
-1436,10646,825,8,1085,-186
-1826,12310,735,12,-1826,12310
19235,-1843,741,8,-532,16018
13496,18265,826,3,13496,18265
17618,-12651,721,11,-5708,-9037
12930,-13935,748,9,-9987,-828
28512,5770,709,8,-1662,-9958
547,-13800,725,12,-8459,-7784
12440,22968,835,11,7819,2935
11496,23719,744,13,7161,20629
23882,-7018,710,9,-1145,-11751
27953,-733,730,6,-10724,-595
-7350,-6916,723,14,-7350,-6916
26856,-501,743,3,-5383,17658
-7053,12771,722,12,-5257,17499
12708,-4627,725,9,-2311,5835
21215,22798,843,15,7048,23057
9743,67,734,6,2015,16867
16209,23865,838,12,2603,7174
-3752,22388,730,13,-10494,303
21841,21241,825,15,19441,20522
7238,4723,835,8,12817,334
4383,23208,720,15,-1977,13835
15502,23117,733,15,14073,22463
20798,-451,743,1,3542,20988
6511,15030,709,6,9556,21964
26019,5053,711,4,2857,-2491
15120,24289,839,9,2513,17307
-1116,-13644,743,11,-12118,2242
28212,12385,737,0,-8633,-1050
4229,10346,824,3,4229,10346
11695,3083,828,3,11695,3083
21838,17373,838,1,21796,17495
21357,-477,715,4,-2596,11515
572,22839,844,6,-4626,-5256
13394,1462,832,3,13394,1462
3141,19672,844,3,3141,19672
4061,21923,713,15,-337,12518
11652,13448,845,2,13931,19855
-7125,15701,710,13,-1900,-6350
12120,23168,830,9,4231,7279
20600,21381,834,7,18358,20552
21456,20866,826,9,20501,20544
22613,20367,844,7,21705,20136
9852,23002,838,4,4722,19465
7541,-12369,729,5,-10102,6279
11066,21854,710,12,11514,22258
15328,23870,825,11,4348,16001
-1931,9977,848,3,-1931,9977
10388,25520,832,9,-2248,-2797
28960,4803,721,6,5737,-14045
9988,-5391,718,9,-3834,7766
-5349,12224,839,8,-3467,-3188
13773,24517,843,9,-1153,10058
620,3896,727,5,-569,16110
24917,-2259,834,2,-1294,766
939,19504,844,4,-3510,4309
2979,23297,738,15,-3258,3693
20400,21786,844,7,16637,21016
15817,23466,830,11,6290,16294
15927,-13410,728,5,-10326,-2993
11692,468,836,1,7626,3199
24038,867,724,8,-3639,11211
13697,26109,825,12,-14,-11446
28310,11613,733,2,-8304,1815
22298,20033,838,10,22032,19916
28522,10217,710,1,2703,-13555
27190,5947,737,1,-3163,7329
1922,16376,837,8,242,8016
19955,23645,842,15,-4421,383
11792,22076,714,14,11792,22076
13252,25598,827,12,5964,-10636
5901,5098,836,3,5901,5098
15545,24511,839,5,352,16038
8610,19811,827,4,5734,14531
11854,25179,840,9,-2703,1809
6631,23311,724,15,1103,16606
2771,15550,830,8,1805,7785
18877,23323,826,13,4758,10566
5544,1425,743,6,3876,20019
6867,18959,730,12,7564,20177
2253,-125,734,11,-1739,7968
28426,5258,705,4,1688,-11790
29199,7240,737,1,-8881,-1764
15331,24683,831,11,-577,15093
23518,-133,825,2,3704,2386
6713,17385,832,8,5063,12495
14450,855,710,6,1589,13901
-5804,-181,824,8,6699,-11824
21300,21867,844,15,13753,19616
11340,16819,824,3,11340,16819
26145,-4429,735,6,-10782,1462
27543,-408,731,10,-10086,2597
26940,-810,736,10,-5613,-3320
18931,24143,831,15,1006,-6447
17096,23105,843,14,7400,7198
21360,-5923,716,6,-7758,12329
25342,-4768,717,5,8274,-13459
20288,20890,846,4,19659,20669
27166,4487,737,1,-4857,11104
15977,22643,830,5,8674,16180
-7916,14710,743,14,-9035,7729
14131,23100,844,5,5229,7744
18447,-10686,727,9,-9060,-1282
23014,-4653,710,10,-8391,10357
9485,21408,831,4,5577,17155
-4583,4395,831,3,-4583,4395
16099,23729,848,7,2745,11374
14571,25460,833,12,-56,-7845
8244,24105,734,13,1542,18094
15794,23692,835,9,6084,18627
25711,7330,724,3,2482,4841
7582,-11873,725,7,-8573,519
9599,16947,738,1,14264,22781
3999,25103,745,13,-7290,10198
19754,23887,837,15,-6794,2776
7907,22162,836,10,1519,13399
-3278,13018,713,13,3756,-2629
8135,17946,710,6,11258,22439
27310,13970,711,0,3675,-11941
26693,-1538,748,4,-8556,5913
28855,5906,704,4,3860,-14735
9611,16258,728,12,9659,17342
21383,20319,825,8,21238,20242
6487,-9968,708,12,-585,-7435
28596,8401,712,8,11048,-13466
8267,19487,841,8,5830,15633
26357,1339,715,10,-4203,-1596
13030,25236,834,7,-767,-2308
-3992,-2237,833,3,-3992,-2237
25242,150,736,3,-3224,15338
13993,22640,830,12,11347,3412
-2698,19876,731,14,-2698,19876
11578,15141,723,2,14443,22522
-2809,-1163,737,11,-5629,9948
10802,-6322,723,5,-3529,4274
8855,20645,743,12,8855,20645
24571,6781,721,4,7796,1964
25719,11196,706,1,12035,179
15558,22447,743,7,15929,22602
28101,9813,739,2,-5726,9398
21662,-9740,718,5,-2710,-11330
19795,23333,840,13,2178,12191
13044,25228,837,11,-1869,-466
27045,-117,727,10,-8620,1845
11413,-7472,715,9,-5418,5662
11317,21788,847,9,9806,2258
21562,20787,826,9,20763,20437
25748,-4947,838,2,-7738,2665
-864,-10496,708,14,-864,-10496
21885,21168,827,13,19591,20495
13366,23489,712,15,11530,22507
27120,-2431,703,9,10855,-14785
11399,20558,834,4,8676,17149
3740,9956,748,11,3703,15070
10646,-12529,715,7,-7127,-3613
13744,21913,740,9,14727,22543
-1010,24314,744,13,-8299,-3836
28358,12314,735,2,-1542,-10663
5602,17742,727,9,8605,21956
-2107,-10092,738,12,-2107,-10092
27682,13584,718,0,-3382,-11225
14523,24956,843,11,-2753,6522
522,6595,737,9,815,16796
12519,24407,833,7,4051,-1674
27832,9588,736,2,-4440,10110
16668,24258,826,12,2004,15969
27911,8242,713,3,688,-5107
4041,6784,719,9,2811,16627
14155,25889,846,11,-8306,-138
9262,25280,831,9,1006,-6447
18939,23623,839,7,11397,23532
19694,24015,836,15,-8245,1080
8345,-1356,744,4,3805,21142
26226,-1138,738,4,-8111,4625
26553,7606,704,8,8195,-4903
16136,4083,717,3,5640,18265
1562,19904,830,6,352,-873
37,303,713,5,-3508,14706
-7071,-2029,847,3,-7071,-2029
11168,21581,735,9,12626,22645
-11903,5974,703,13,9236,-13625
3314,14406,719,9,5929,20736
5573,24136,741,15,-3221,9613
9944,18918,705,10,12297,22332
25188,-2654,744,4,-7882,9429
27547,12422,705,2,-640,-8135
21343,21181,826,14,19518,20503
11171,-2881,738,10,504,17542
26058,-2581,728,10,-9830,7692
17422,23331,829,13,14096,1199
14200,23318,718,15,12556,22461
4788,8113,722,9,4022,17091
-1410,-9382,714,14,-1410,-9382
-158,-2233,727,12,-3809,2943
10298,20626,725,12,10756,21232
18070,-11974,724,5,-7560,-6603
23169,5830,735,2,5341,19256
110,19965,845,8,-5275,10111
19874,23728,846,13,-4895,3383
25892,7517,741,3,5395,3141
53,-1413,848,1,-3607,7313
29076,6415,724,3,-10163,-624
-3948,14737,825,4,-1217,-4334
-4883,14924,739,14,-5726,9398
25344,1174,747,2,5827,24370
6239,20814,704,13,3994,15700
13059,25832,838,11,-4664,-3389
-6989,2846,848,3,-6989,2846
27752,9326,704,3,5937,-8099
27216,12432,721,0,-3136,3070
18388,22813,832,14,9367,17108
26295,1594,716,8,-7232,6536
28786,4504,734,3,-9097,2545
-8723,15755,708,13,-2733,-8795
15358,24771,824,14,1423,-690
27303,-1304,710,9,12674,-13454
27832,3438,718,4,-4957,-4236
26213,-140,735,1,-3127,19413
15771,22233,737,11,16151,22462
-12210,10251,714,15,11900,-14098
366,15830,744,5,3805,21142
27048,-1985,739,4,-10569,5147
28553,8962,708,3,3053,-12445
29373,6417,743,3,-7634,-4301
17015,24231,843,11,2832,19392
11569,-4016,729,5,-1115,4803
28214,-741,727,10,-12238,1183
-310,-3846,849,1,-5191,5688
28438,6882,708,8,3600,-11907
14980,24581,836,9,757,17139
27444,776,741,8,-8516,4892
18842,23770,826,14,8264,22663
26042,13595,715,0,8475,810
5776,21678,716,13,2343,15779
9149,23653,841,10,887,16835
-119,-11116,738,7,-8955,-221
21428,20437,832,4,21154,20318
16031,2678,742,1,6787,20349
23209,-6780,708,9,-864,-10496
27216,11349,722,2,-1870,4160
14443,-6533,738,3,3215,23327
28552,5297,744,1,-7882,9429
13149,25542,824,12,4888,-8534
19453,22368,837,14,12773,19319
8021,-10753,706,7,-6807,-888
8011,-4046,716,5,-2762,6867
-3424,17724,825,10,325,-7299
21592,-967,717,4,-3007,12157
-5135,5076,743,7,-4586,13611
12794,1739,849,1,9119,3919
8455,22371,838,6,1511,12587
14540,4236,828,0,9191,17567
12678,816,735,4,3178,17329
14805,22751,847,11,7172,8276
-5707,21239,728,13,-9666,-3415
733,25431,732,15,-11759,7366
14711,23359,830,11,4936,11861
1519,13399,836,3,1519,13399
7963,-8168,740,6,-1939,20030
17675,3165,743,1,6487,19368
13253,652,733,4,3769,18946
28394,8058,713,3,-1889,-7581
-7307,13660,718,14,-7307,13660
28342,7320,748,0,1468,23006
28118,-755,743,8,-11854,8197
236,-3436,714,12,-3988,1321
-11943,11122,715,15,11028,-14184
-2899,23221,733,13,-11411,2370
17421,19272,848,10,16366,17495
15284,-4390,706,9,-924,1486
19245,23680,848,12,6989,22910
13289,1731,703,8,3040,17929
9091,-11793,730,5,-9414,4996
-3677,-10078,717,14,-3677,-10078
-6939,10082,834,8,-2673,-6311
8544,-3986,721,9,-2911,9568
15205,22544,744,14,14890,22340
23906,739,846,0,2626,10556
170,-11406,740,11,-9813,2259
11670,20922,726,9,13245,22340
18716,24392,834,13,-1255,-9950
9601,25443,826,5,3618,-7824
20133,18963,835,8,19936,18681
11668,3449,735,7,8281,6017
3077,-3124,732,7,-3646,8968
12314,20628,845,8,10352,18826
19814,-7678,745,4,-4616,18588
11274,842,848,0,9023,20936
12587,8179,715,1,9297,20480
19035,-5781,743,10,-4586,13611
23067,-8764,710,11,4054,-14398
-5331,17203,842,4,-4448,-6428
12999,21192,831,4,10533,18938
5935,25847,747,15,-7347,11585
-1411,8792,743,9,1032,18913
29181,4819,734,3,-9892,249
5989,22774,844,6,-2141,7589
25853,547,748,3,-3288,16123
-5668,-752,725,12,-8138,6239
28153,2987,715,10,-2184,-8800
5271,14411,844,8,5229,7744
17837,19600,843,2,19422,20706
22537,20339,842,11,21782,20046
19275,23879,831,15,-2167,4231
21887,3598,838,0,7931,10988
21528,17995,832,6,21603,17523
10242,13356,741,2,14599,22822
-618,-10640,742,11,-9746,3476
4243,7199,739,11,2997,12593
21335,-7913,746,6,-8291,12539
20131,23358,837,13,1034,17488
22414,2525,703,8,-822,8506
15432,24449,843,9,1455,17575
-1059,6953,739,12,-1059,6953
11492,24389,840,4,6104,22675
16380,-1511,706,7,7349,-899
6126,4581,746,4,6555,21438
-4550,5176,723,12,-5257,10685
14643,-5433,840,0,4477,21645
19075,22408,849,11,13258,20502
-2967,-1909,720,12,-6301,4104
27630,13133,708,2,4748,-13207
18837,20555,845,5,16110,17339
26107,5235,727,1,-2446,12659
11442,-14431,740,11,-4957,-8416
3856,-6484,735,9,-5755,8594
18327,24362,824,15,2667,-5347
6095,8781,738,14,7816,6590
8085,20569,832,10,3830,11814
3000,21645,737,13,-891,5942
15078,23459,728,15,13537,22865
27937,10752,728,2,-6661,7808
25609,5832,827,0,11883,2955
-9049,14187,828,6,10748,-14789
20315,23372,846,15,-2783,8475
-4112,12218,744,14,-3941,6656
18733,23075,841,13,10776,2316
12386,25650,845,9,-5922,731
20829,21244,826,7,19163,20596
20912,22804,849,15,3986,18083
13171,12691,829,2,13790,18465
26896,14731,704,0,16722,-12078
2008,17175,731,15,4847,3105
21769,-5413,741,8,-4429,17923
23149,19897,847,7,22551,19668
23694,6818,735,2,5274,17943
-8389,13604,747,12,-8389,13604
21234,17797,824,8,21297,17567
6333,22619,825,6,-997,10804
7392,20602,748,12,7392,20602
1712,-1987,710,14,1712,-1987
21305,22067,848,15,11124,18970
12999,22374,845,11,9903,3057
16308,-5458,847,0,4038,21336
17125,24610,840,14,-3086,3993
18495,1070,720,8,1543,15563
11561,24679,832,6,3489,21193
12067,19050,838,3,12067,19050
12320,19812,847,3,12320,19812
-9239,3968,828,4,9522,-14054
315,20991,831,10,-3788,-410
16450,-24,833,0,5936,17671
19995,23172,844,12,12470,23664
27480,6945,721,1,-5187,6025
11933,-4970,717,7,516,150
27278,2558,838,0,2606,392
28242,11910,738,0,-8734,3516
-1376,-8473,724,11,-9157,11096
28793,4066,726,8,-9353,-2525
8972,25471,833,9,1857,-8555
26676,-1687,830,2,-1290,-4038
5933,11949,844,8,7436,5632
17714,24062,829,14,2642,16962
20795,20521,838,4,20415,20312
24684,-6850,729,9,-2704,-11394
26023,10164,727,2,2075,11804
15248,8347,732,2,11677,21602
16719,23920,849,11,3493,16706
4897,437,705,11,-836,9402
2512,11094,721,7,3140,17174
16156,25301,838,14,-426,-9481
21340,21629,849,13,14232,19075
8929,-11912,724,7,-7741,-691
27091,4895,716,3,-5472,6313
-3281,23470,722,15,-10228,-2278
21524,19725,846,11,20586,18690
12172,21471,727,9,13655,22633
10970,4253,714,6,4766,17211
28155,6429,743,2,-1184,20713
7952,23710,731,15,2450,18386
12418,15351,733,0,15450,22589
28691,9641,707,3,7186,-14958
-3225,4504,745,10,5270,24226
28106,17,739,4,-9747,-821
6343,6300,831,4,13984,206
21052,21248,840,5,19175,20747
29668,2470,835,0,-2044,-9341
17496,22884,748,13,16524,22527
5275,18720,730,14,5275,18720
15285,23438,825,7,5510,13995
19310,23191,843,14,7858,20222
27567,13080,705,2,3893,-12087
22038,2561,741,4,2619,7747
27421,11218,725,2,-3267,4767
20633,22465,843,13,10025,18575
5593,10999,846,4,10194,2211
3997,20644,848,1,6989,22910
27332,5119,733,1,-4707,13896
8289,23344,830,4,2467,19164
5017,25365,849,10,-9093,10545
16300,21784,826,9,11564,17046
887,16835,841,3,887,16835
-8123,10879,829,4,2232,-11680
21311,20969,827,11,20015,20524
22011,16685,834,0,21670,17504
20052,22877,833,15,6500,15981
-8147,7095,741,12,-8147,7095
-2452,4393,715,7,-3013,15611
27145,4018,713,8,-4459,-1018
11041,25687,835,5,577,-7618
11927,20426,721,6,14158,22594
13523,1326,844,2,6485,15793
27458,-1174,736,4,-10317,2305
11367,-5113,714,11,-934,1760
-3843,12519,709,13,3766,-3231
24404,2412,742,8,-543,6701
27693,9454,740,0,-1629,17084
14739,4374,842,1,12046,5906
19026,24195,836,13,-2054,-6786
669,21246,728,13,-4033,7492
16527,18390,844,8,16043,17291
12032,22452,839,7,11889,1058
10650,25287,824,11,2667,-5347
22127,1322,745,1,2678,19101
24464,1906,725,3,-1702,15673
3350,-2924,710,9,-4186,13206
-1115,4803,729,14,-1115,4803
3962,17478,704,12,4654,19095
26458,3570,730,1,-2682,16812
2710,16866,730,15,5598,4023
27841,343,728,10,-9458,-331
16440,18688,840,4,15710,17074
13212,97,722,6,1849,16152
27578,11482,705,2,-5649,-804
7943,11228,839,3,7943,11228
-6111,-4847,841,3,-6111,-4847
21124,21910,844,13,13753,19616
27179,7432,715,3,-470,-894
20765,20712,825,4,20435,20560
8750,-8223,709,5,-5957,4307
-2202,13337,826,3,-2202,13337
2568,11972,722,11,3907,18406
-11123,4830,744,12,-11123,4830
4241,-11474,736,7,-5613,-3320
25842,3795,741,3,-1539,9731
25601,10531,704,3,12631,102
29035,8100,724,1,-10900,-408
27888,12332,712,2,-3940,-8107
20113,-10809,721,5,-5325,-9098
12930,16454,742,0,16012,22438
20655,-813,711,10,-2344,9082
27780,13161,722,0,-6595,-5625
14831,25977,833,14,6236,-14387
18176,22469,845,9,12651,20256
-2957,16804,737,9,2889,23195
23631,-2490,825,0,-2375,12780
18554,-3799,747,6,-2469,11921
22591,-6675,746,6,-8635,10288
28027,-1256,845,0,-8223,8503
3141,-4363,707,14,3141,-4363
21193,-8258,710,9,-4169,-7485
18364,24073,826,13,1522,2368
13081,17116,747,0,16443,22507
4907,2383,706,11,386,10666
28633,4998,748,1,-7585,11598
6993,20919,741,14,6019,19585
23981,-1332,743,3,-1285,18132
13361,22656,730,12,13750,22883
16221,24788,842,12,-3125,3177
18551,24665,837,13,2514,-13214
28175,4864,739,1,-7232,9953
11611,3427,717,12,9081,4422
6505,-10549,708,7,-7480,667
11836,10288,830,2,11841,18388
20126,-481,720,4,-1263,13505
11741,-5168,717,11,-764,1434
10646,19327,716,4,13375,22619
16217,24711,826,7,1533,19568
19875,22992,832,15,6644,15443
15382,21732,848,4,13106,20448
28725,6653,710,10,12751,-13244
18964,24084,830,13,-4436,3658
19825,23210,849,7,13457,23717
25968,8637,734,0,2015,16867
19400,17141,724,0,17461,18939
3873,-3955,716,12,-839,-384
18434,17495,718,1,17202,18939
28826,2121,748,3,-9276,12814
23496,-6338,748,6,-9071,9475
8439,-4009,704,5,-2539,5731
2178,24461,730,15,-7847,10004
12787,-11192,732,9,-9185,6222
-5178,22515,719,15,-8757,-6487
23977,7047,744,0,6594,20058
-206,20176,703,15,-2427,5177
17117,23513,837,12,4255,13469
26675,9784,713,2,-2318,10081
18761,19770,843,8,18269,19335
20596,22352,841,13,10088,18012
15066,4731,735,1,7602,19661
8879,18013,829,6,8130,8827
8706,17627,710,10,11514,22258
26935,13108,704,0,-403,-4632
12495,23218,832,9,4120,8027
6813,19651,824,8,4200,15700
29272,7445,730,1,-12631,4462
-4382,20834,725,13,-7910,-1276
14396,-14356,720,11,-9354,-5558
12802,10088,847,0,14156,19779
5610,9445,841,4,11403,1342
25337,7748,711,4,10814,-663
20721,23084,845,15,3209,19114
10272,23164,842,10,3459,17568
14157,24948,838,7,-1665,3865
26904,8813,710,3,5162,-3591
143,19767,703,15,-1480,5422
-1600,16418,836,4,-1529,-1105
20779,22333,836,15,10494,18682
5100,14592,722,11,6349,19070
19676,23153,829,15,5539,15279
-811,19370,841,8,-5830,8756
-521,15866,743,12,-521,15866
28643,2606,828,0,-254,-5189
16394,24461,836,7,757,17139
19278,24209,835,13,-8098,561
11364,15644,730,2,14914,22729
26237,5890,739,2,2420,20272
4623,16997,713,14,4623,16997
-12197,11389,704,15,9018,-14292
14065,20427,738,3,16243,22430
11966,12321,712,0,13129,22475
3166,20781,743,14,1635,18608
20717,22419,836,15,11274,19471
8285,24770,730,15,1415,20419
10824,19163,727,6,13409,22367
23876,5668,704,8,3868,3647
-6668,9809,744,7,-4006,17216
22821,-3854,743,3,-866,20996
26753,7870,739,0,2420,20272
21477,20997,849,11,19570,20466
24756,-403,714,4,-6222,7750
-1973,-1570,724,11,-4903,13851
8067,-11763,732,5,-9658,6217
26359,4731,710,4,1674,-3195
24877,5606,742,3,2572,8104
14525,22746,845,11,7271,7733
-3295,20479,833,6,-423,-10487
15222,23225,836,5,5435,13683
21481,18004,831,6,21566,17533
10513,16187,741,7,10664,17666
26028,-721,726,3,-3888,19256
22347,-9050,734,9,1327,-12363
19164,17190,717,0,17174,18935
21214,21063,831,5,19682,20655
25948,5533,739,3,742,5920
16409,-12504,732,11,-6976,-5948
21104,21700,838,15,14717,18945
15500,16065,839,1,15626,17007
24352,9131,716,0,5067,17626
-4226,14605,842,8,-4748,-95
1512,23573,728,15,-6661,7808
10444,3500,731,10,5433,18910
16462,22056,747,9,17010,22381
15183,24723,825,11,302,16584
11378,-14515,730,11,-10775,-786
26730,1618,846,0,956,4003
28500,11726,725,2,-11627,-671
12901,26091,834,11,-6655,-2121
22094,19876,839,3,22094,19876
7333,-14192,717,12,-1979,-11819
12099,-1433,719,7,3418,2955
14528,-8170,739,6,-4163,16453
-1398,19370,830,10,-1290,-4038
4199,26421,742,15,-11046,7909
19070,23411,825,15,3666,9329
28179,8969,708,1,-2612,-6467
14378,25467,848,5,-7051,4882
13965,22689,836,12,12466,1916
5162,-3591,710,14,5162,-3591
-5086,3846,725,7,-4097,16541
18185,23988,837,12,3755,20439
25608,5135,723,8,879,2702
15655,-13085,735,9,-7759,-5246
1530,25981,735,15,-11310,238
25471,2418,712,6,758,-2324
14704,21514,847,10,11509,18965
8086,-14297,705,14,8086,-14297
13911,20417,746,3,16370,22535
-8023,18920,715,15,-1479,-11471
13691,19844,706,14,13691,19844
12967,23629,824,7,4864,5077
18531,-4309,736,4,-2644,15447
17767,-3670,843,2,956,12804
28105,12542,720,2,-4983,-9813
13870,24272,835,5,360,8993
24643,6988,719,4,8338,1598
3385,18271,843,8,476,11022
-1787,19230,707,15,-1923,1346
20744,22568,842,15,7846,17882
19397,23673,840,14,6104,22675
9881,17747,705,8,12375,22243
11238,-4318,704,9,-2539,5731
19164,24081,834,15,-855,-3876
20456,20975,844,6,19501,20688
27393,5591,730,1,-5265,12158
24861,-1694,732,8,-5522,15645
17456,22597,839,11,10361,18080
28788,5497,713,8,-3770,-9956
9479,17770,717,10,12174,22161
153,14577,718,14,153,14577
12616,25332,835,11,-1190,-1417
27371,13998,709,0,5045,-14582
11486,20062,718,10,13811,22566
18484,24625,829,15,7430,-14412
21802,17701,839,8,21842,17482
17627,8238,708,0,9850,20885
-7867,10291,847,3,-7867,10291
28844,3164,725,4,-9301,-4785
26660,11116,747,2,3941,6444
15413,405,722,7,7528,2169
18050,-6396,708,9,-2439,-2433
17980,18399,731,9,17706,18980
13023,-188,740,5,5627,3250
-11069,14939,714,13,-635,-13204
27767,10717,719,0,-6444,14111
26214,-1195,722,4,-9449,9495
20648,4383,741,6,7402,7229
23354,-7297,706,11,6579,-13491
1754,14000,743,5,3822,19228
-748,3561,723,9,-694,18588
20198,19754,832,0,21084,20405
14903,4764,736,1,7747,19794
1494,1240,719,9,-1088,16259
26592,-2495,735,6,-7832,-2095
14730,25774,842,11,-8689,7038
19710,18988,828,8,19507,18650
9855,-1754,847,2,4712,18986
5616,20291,833,4,1221,12142
20485,1102,833,0,4800,13305
12564,23300,704,15,10678,22017
5885,18847,827,6,4486,6154
-8158,17726,719,13,-4376,-8813
7148,-8270,724,5,-6586,7049
7860,24505,732,13,2001,20833
27830,2602,729,8,-9001,4623
25926,4375,710,1,-4186,13206
1015,25283,742,13,-10893,2911
13975,22034,732,9,15108,22747
15780,24572,834,11,211,16361
21892,17485,840,3,21892,17485
21712,20414,838,10,21308,20281
21118,19543,849,0,21999,20014
20219,20878,845,4,19573,20677
2322,13506,838,2,11165,23495
13305,22961,736,14,12779,22680
15467,-8173,728,6,-3754,18737
4491,12812,738,9,5712,18510
26047,-287,704,6,-5990,-2417
20904,19856,839,2,21529,20242
18686,17779,737,8,17992,18883
22579,20393,843,7,21768,20135
6111,19884,839,10,2561,7619
-5141,9427,829,8,-784,-4629
28879,8904,724,3,-426,-11284
13332,2551,847,0,9251,19465
19997,21098,838,6,18990,20749
16635,21889,834,10,14263,20739
22469,7159,727,2,6891,19247
11016,23658,842,6,3292,18282
-8982,300,834,8,5304,-14167
3541,21445,735,15,1278,4115
19958,19352,829,6,19568,18667
22256,-1745,848,0,1781,14966
-1952,17866,713,15,516,-604
28488,1894,738,8,-9188,-808
11825,-11939,719,7,-6315,-4147
27669,13212,708,2,5673,-14392
19707,23234,830,13,5136,17364
-3919,-7224,736,7,-9330,4410
11952,19141,824,1,12914,20260
11915,19376,732,3,15108,22747
12546,20154,721,8,14878,22569
3644,26542,741,15,-11925,6270
-154,1895,713,11,-2462,13779
10970,19846,713,6,13247,22500
12922,8,712,9,2491,6429
27507,6864,710,3,-3274,-1182
10651,2287,707,4,3747,18773
22941,20591,845,15,20660,20388
20141,466,827,0,4351,13782
12494,138,844,0,8104,20379
5660,18182,736,15,8139,6192
21606,-4449,740,10,-5621,10060
21344,21099,848,15,16366,17495
18154,-10,830,1,14187,-91
23968,-6799,709,5,4412,-13588
1912,21633,721,13,-2959,10756
-4022,7649,746,5,-1797,17667
25962,6666,706,1,-2092,6559
14794,19862,843,8,13524,18648
28660,3098,731,8,-10743,2389
11670,6051,837,2,9567,17408
20179,22863,836,15,7187,16369
16297,22259,742,7,16585,22410
11719,26378,827,11,-4630,-6370
12172,16488,733,2,15450,22589
23143,350,707,6,-2030,3060
8331,8484,737,10,7727,19432
20427,22831,842,13,6458,17987
28050,10033,727,0,-4237,18027
693,11133,730,7,2262,18102
23162,3972,734,10,6575,2836
5818,4423,824,1,3679,8960
18581,-11248,727,9,-9744,-1585
25731,-1429,724,10,-8077,5482
13325,23058,839,5,5578,6092
14838,25344,831,12,-1784,-3443
26892,13951,705,0,5311,-7854
15968,23754,832,5,5488,17901
18316,1224,727,6,2075,11804
11490,15379,824,2,14222,20446
28606,11257,737,2,-8660,-1163
4231,18969,836,3,4231,18969
26039,9973,704,2,-832,8961
7234,17581,836,3,7234,17581
27822,10271,737,0,-3961,13483
23873,2410,735,4,1278,4115
17978,21795,839,5,13032,18330
21620,18790,831,12,21566,17533
20279,23423,846,15,-3415,8087
9928,18742,825,8,8483,15930
-3516,16543,837,4,-2758,-3814
1510,11776,742,9,3681,19213
9947,18717,710,4,12665,22525
-11892,7232,742,12,-11892,7232
-8654,-2550,731,12,-11234,6168
22455,-4007,721,4,-5949,15270
-6586,1482,708,14,-6586,1482
26772,12292,715,2,3293,-728
15826,23000,739,13,14307,22275
12632,24600,844,10,5758,22372
24271,2854,849,2,9515,2813
28604,5924,728,3,-8902,3738
370,7581,739,9,1272,17450
28520,771,725,6,-8299,-6131
18475,22943,835,14,8805,17318
21301,21161,830,12,19459,20550
27144,5757,726,3,-3947,6139
12484,22868,722,15,10315,21072
20057,19957,831,2,20851,20444
7628,685,721,14,7628,685
-450,18608,727,14,-450,18608
28731,9375,703,3,4866,-14950
16207,20118,742,12,16207,20118
5144,26019,743,15,-8964,10280
27498,-2061,745,6,-8799,-2781
792,25281,744,13,-10905,2512
13433,10576,740,4,10554,17601
28704,8584,722,1,-7336,-3777
4992,10878,836,10,12660,687
5716,20699,827,8,2205,16300
16206,25143,838,12,-6955,3650
3769,-3114,724,5,-3639,11211
15266,24222,836,7,1291,11710
10906,25621,830,9,-4701,-56
17223,20623,827,5,14692,16169
24969,8326,705,4,12336,137
21957,20901,839,14,20140,20405
17913,-5053,743,10,-3296,14034
8851,5626,748,4,7230,20097
11291,13388,711,2,13095,22372
1286,18127,725,14,1286,18127
26307,-2408,731,10,-9969,7961
8800,22269,846,4,3289,17149
-9743,12588,826,6,12429,-14662
-12133,10066,708,13,5219,-14040
14276,23043,723,13,12926,22264
23938,4062,713,6,5003,928
-6592,16379,825,6,6258,-13232
5178,24462,737,13,-3961,13483
21899,20263,847,6,21417,20075
27447,99,718,6,-7515,-3481
26088,-4088,846,2,-6161,1581
12461,21839,845,5,10515,3371
16491,22259,744,7,16777,22407
12008,25157,835,5,-1167,-1722
11018,24354,838,4,5465,22366
-1264,3908,719,12,-2901,8483
17897,-2931,708,11,6211,-2926
17044,24178,849,5,4375,20155
20994,-3903,732,8,-1966,19388
20948,22854,845,15,6580,20906
21452,21121,844,7,19501,20688
27476,8416,717,0,-1517,20431
28674,2241,711,6,-3106,-11721
19509,23344,825,15,4677,15459
27439,1102,717,6,-5023,-5468
10946,24356,747,15,4698,20011
12843,22349,844,11,10113,2865
21933,18444,840,5,21892,17485
21633,-4195,847,2,-2013,9404
11764,21944,836,9,8084,5355
-1718,13436,735,12,-1718,13436
12249,22224,704,14,12249,22224
5119,18744,729,11,7761,21937
26524,3304,736,2,2597,23004
11371,26206,834,9,-7821,-370
21235,21122,844,7,19205,20490
14886,-3892,833,2,1199,15028
23356,4177,742,4,4807,4921
20698,22340,827,15,13332,20413
19214,23215,827,13,6077,14191
-2155,19377,844,4,-6021,-663
27118,5594,727,3,-4049,6796
16528,24439,840,7,1789,17532
26466,8709,706,3,5607,-2537
-5593,17301,705,15,-379,-5762
28090,12390,733,0,-9487,5844
6078,14219,843,4,7549,5365
27292,7583,712,3,-266,-1954
21421,20915,833,7,20045,20402
13820,-8623,735,10,-3891,17714
5617,13853,727,5,6891,19247
11849,15830,728,2,14953,22564
8048,16763,726,4,12010,22703
12301,21612,712,11,13209,22397
14947,726,838,2,5666,14253
13913,22768,838,7,7856,5874
6135,20529,842,8,2437,15769
27704,12032,713,2,-3695,-4474
23061,-8354,713,5,883,-13113
-3087,15629,710,15,3312,-2870
15144,17772,727,4,15299,20238
28663,9792,716,3,7332,-13559
2806,22974,743,13,-3747,6102
12209,5384,833,2,9021,16749
10807,16445,737,8,13088,21579
28774,6997,714,4,8588,-13813
-1201,22316,711,15,-7132,3797
28348,15,724,10,-11257,-1650
15678,25523,845,7,-8446,9333
27551,5056,714,1,-7402,10903
29124,890,844,0,-7005,-1283
6474,21162,722,14,6474,21162
28754,3272,716,10,-2000,-11524
28513,10007,744,0,-4991,18141
10974,71,741,4,3434,19001
-1094,1254,826,3,-1094,1254
27713,10742,725,0,-4688,14365
16238,15533,724,2,15100,20257
-9446,10606,743,12,-9446,10606
27920,10922,736,2,-3043,2408
-1266,14598,723,14,-1266,14598
6011,19162,724,7,8117,21696
21571,20008,832,1,21678,20066
13966,21286,829,6,10762,18082
28218,496,728,10,-9894,-1748
29003,9798,747,2,-9555,12096
13145,-6268,742,10,-1578,17776
6411,17691,825,4,4732,10244
3131,17985,842,8,388,10531
-8527,12384,825,4,-14,-11446
27729,817,826,0,-3537,708
-812,9843,706,14,-812,9843
9640,19256,728,5,11102,21391
17367,23643,828,14,4445,14089
29169,4124,745,3,-10259,5758
11275,13501,735,1,12788,21542
4549,-184,721,9,-1123,13928
18678,23400,824,13,4724,9920
2148,18085,841,1,4998,21323
15347,25270,834,12,-4392,-1488
-5200,4360,713,14,-5200,4360
13009,-10071,827,1,3494,-8456
28713,5289,706,10,7144,-14251
7574,19357,842,8,4830,15047
-2158,-10509,738,11,-10525,4214
1816,-1787,735,7,-2466,5448
8194,16215,705,6,10552,21699
28718,6803,727,1,-9821,6798
27927,1584,736,8,-8265,632
27305,10771,729,0,-2959,13806
28737,2490,730,4,-10476,-1087
-6755,12604,736,14,-6888,6175
29190,1830,839,0,-3817,-4693
20948,-5828,734,8,-4523,17816
8370,13238,717,6,9606,20666
8062,21931,843,4,2652,16139
-1589,7907,735,14,390,3304
2812,-2988,706,5,-4890,10986
25758,-2056,732,8,-6872,16504
13734,22195,727,11,14602,22729
26579,11429,742,2,4807,4921
15063,25417,828,14,3207,-9429
17647,24364,845,14,-3621,5022
13075,22419,733,7,14100,22938
12024,24919,833,9,-2442,5475
7944,-12812,712,12,-462,-10872
-2472,-10401,748,5,-10897,8529
12673,24225,840,5,2123,1254
29234,7217,738,1,-9421,-1786
15363,24305,824,12,1019,8220
11458,21151,720,11,12563,22206
-9652,14473,712,13,-462,-10872
18648,23923,838,12,5465,22366
20680,-1644,721,6,-2911,9568
-1324,19671,736,11,2597,23004
2296,21981,843,10,-3993,2254
9151,13755,841,10,12184,5759
28749,5712,711,4,2519,-13038
17564,22848,747,15,16453,22431
26310,13401,723,0,7018,1077
4869,-11275,729,7,-8999,3637
11333,25835,839,9,-5098,-2611
-2966,21026,742,14,-5765,17127
5357,9361,714,9,4766,17211
16733,22231,747,7,17010,22381
20184,-5247,740,10,-5203,11878
25207,-1496,736,4,-6888,6175
1932,22475,844,6,-4020,-1984
22176,-7846,705,5,1688,-11790
16840,647,716,7,9175,1160
10933,20986,730,12,11405,21537
9206,18920,734,10,12509,22630
19016,-6600,745,4,-3685,17679
13544,25624,844,9,-6951,8712
11265,13985,736,2,14285,22510
10843,-3871,708,12,6211,-2926
28105,10359,735,0,-5218,14418
18047,24496,826,13,4132,-8541
3848,5255,748,12,3848,5255
12223,17109,726,2,15360,22586
7081,22612,719,15,2811,16627
26763,10689,718,0,-1948,12455
28717,2431,736,8,-8571,-3273
27611,10890,720,2,-5696,5607
12041,-8387,704,12,5937,-8099
10596,1430,826,3,10596,1430
6856,21422,724,14,6856,21422
8314,22049,844,4,2857,16485
10155,-3003,728,11,-14,5024
5420,-13576,741,5,-10027,422
28618,353,825,2,5693,-11007
-7604,-2092,844,3,-7604,-2092
10529,25823,827,11,2829,-8948
14453,24180,836,5,1291,11710
6475,4736,846,2,8555,20677
7931,14041,712,3,11530,22507
5301,23628,836,6,-4777,8112
-6424,4846,721,14,-6424,4846
13670,25725,841,11,-5813,-998
4116,20732,705,13,1282,13680
283,15730,748,11,3013,20210
14924,23159,711,15,13791,22526
19902,20235,834,1,20120,20366
5518,15023,728,11,6972,19421
16001,23320,849,5,4942,14002
24878,-68,731,10,-4359,5467
-9968,13948,722,13,2016,-12322
18581,7588,703,2,7747,19194
5049,10845,741,4,9050,22281
15065,2864,746,1,7539,20872
17970,22890,829,15,13850,4257
27197,-1696,746,8,-9837,11332
19315,22308,836,7,14519,20838
26966,11231,712,0,-3413,9626
19630,19155,826,4,19386,18627
8688,10952,827,10,14144,4021
-2243,21308,840,4,-9243,1477
9472,17453,719,8,12678,22491
28635,8136,714,8,9279,-13515
-841,17250,715,15,2174,637
2422,12208,707,5,3747,18773
21473,21864,847,15,14203,19946
21040,9816,722,2,9057,16742
3227,23267,844,6,-5268,1495
12624,-4025,704,12,8058,-3735
28539,9083,716,1,-4713,-6428
-4392,2612,728,7,-3929,15835
29030,4625,732,4,-5403,-8235
18641,24503,825,15,-2072,-7727
-3138,-11175,743,5,-11854,8197
7343,26221,831,9,5586,-14050
13545,25779,833,7,-5806,-661
-6407,-1652,705,14,-6407,-1652
16345,19484,748,9,16540,20159
11928,8119,709,3,8500,19877
12565,2792,735,1,7923,21697
27269,12944,712,0,-2831,-3565
21850,-7499,705,11,4904,-11815
-5215,18726,838,10,667,-11372
21260,-262,731,3,2128,19699
26615,6461,828,0,13878,659
10973,26422,824,11,-2281,-8774
268,820,722,9,-1680,16855
-6155,9642,743,11,-2932,18221
28286,8762,738,2,-5712,14094
28054,2136,719,6,-2575,-8202
814,3020,744,5,-1186,12772
12583,22200,730,11,13750,22883
-4716,9527,730,12,-4124,14474
19260,-4720,828,2,-1649,10600
16642,2022,734,3,4668,18246
10637,26347,826,7,4694,-12718
24876,3689,727,1,-569,16110
26933,9764,707,1,4753,-3868
26148,648,737,3,-4984,14778
9705,17559,838,3,9705,17559
-1747,7779,721,7,-572,16976
24733,-2462,730,8,-5860,16769
28790,2691,716,6,-1612,-12445
22396,-9187,711,11,2742,-13757
17576,24262,833,14,133,14707
1853,10508,729,11,3026,18003
15079,22274,832,14,13422,4580
21148,9875,720,2,8884,16457
11902,20734,734,11,12662,21491
29146,7525,735,1,-8019,-3662
1254,22835,839,6,-5098,-2611
7213,23227,842,8,2351,20078
8999,26237,836,9,6,-10530
9120,6099,719,6,5913,18583
-10295,10628,705,13,4095,-11627
4368,21112,832,8,-327,15527
29395,6094,747,1,-11153,5522
26241,-3771,833,2,-5806,-661
6622,-3847,715,11,-2694,6318
-2317,10738,734,14,-1339,6127
25952,7242,728,2,1976,18968
20643,2476,711,9,10614,559
15596,23844,827,11,4650,16562
11569,23074,827,9,4486,6154
17803,24677,825,13,7342,-11057
10872,24511,829,9,-70,1961
19324,23543,832,13,1153,11709
2433,25062,737,13,-9159,7737
13676,25391,825,11,-4391,9238
13962,25737,847,5,-7807,1403
18402,18632,747,11,18294,18900
20342,21971,829,13,13790,18465
26907,2517,738,3,-5503,10613
22463,-3724,733,10,-5618,13010
27521,6425,724,1,-5837,8363
28809,4940,716,6,7332,-13559
19857,23800,841,15,-4811,-3159
1133,9119,731,5,2450,18386
2892,24154,730,15,-6138,11169
16635,15098,723,0,14998,20241
24902,2646,706,6,1879,-1975
-6694,53,848,1,-7800,11786
28945,2034,737,10,-842,-11913
-9461,18663,716,15,-228,-14065
22600,20455,841,12,21515,20220
-12616,7712,706,13,7590,-14520
14255,-4741,706,9,-1802,2509
18982,22329,834,11,14263,20739
12001,25461,842,9,-4421,383
13710,21404,836,4,11274,19471
503,15326,845,1,3447,19923
13765,5518,843,0,10943,18534
11492,19921,723,4,14171,22687
27738,13750,728,0,-2252,-10940
15720,-6771,728,6,-3224,17868
28727,1456,734,8,-10988,-830
4625,22248,837,10,-2658,7955
16421,99,714,10,786,13565
-6740,14465,705,13,-379,-5762
19709,21767,824,15,14474,15908
-9658,6217,732,14,-9658,6217
8077,4623,703,10,4472,18936
28063,12265,721,2,-5982,-6423
-5446,14670,739,12,-5446,14670
21644,-4488,733,6,-5618,13010
16181,-1468,710,11,5962,62
22497,20888,837,13,20125,20574
27103,-784,745,4,-8425,3375
-3005,4390,735,5,-2889,15005
27812,13231,721,2,4816,-13006
19467,23327,827,13,4650,16562
20768,22306,828,15,13475,20473
19420,999,747,1,4794,20195
25520,12692,716,2,9278,4254
956,-9496,725,5,-8983,11873
25883,8212,723,2,916,16277
17529,18599,848,0,19494,20467
16643,25014,841,12,-7132,6229
16314,23320,833,7,6500,15981
10384,-8199,746,6,-1956,19309
22502,6477,717,0,6863,20985
5852,15031,732,9,7888,20435
26787,11353,704,2,-1292,1432
18935,24393,839,13,-2364,-8677
21230,-8990,715,5,-1523,-10528
24621,-2577,745,8,-6034,13902
26106,10251,715,0,-138,13284
4354,17179,848,2,13260,23707
9294,19646,708,9,10974,21867
-5212,18854,714,13,-5741,-2360
27017,12123,734,0,1451,3664
26457,7898,741,0,3355,19670
3445,10387,746,7,3529,14565
7369,14965,840,10,9843,5178
9779,20252,710,5,11244,21944
28434,10149,705,1,3558,-13623
6552,6895,733,8,8504,22334
27826,7542,742,2,-1578,17776
18258,24475,825,13,-1217,-4334
18320,17726,725,8,17483,18971
17215,22633,835,5,10326,18562
-5486,10231,717,14,-5486,10231
20828,-1575,735,6,-1411,6649
26117,8185,747,1,4105,5304
11213,21483,723,9,12932,22781
27118,4991,716,1,-6023,11615
-3706,11985,827,4,2530,-5687
14697,21149,739,4,16338,22419
7046,16669,741,5,8364,19728
23203,-4716,733,6,-7421,12061
28516,1323,741,8,-10723,1962
21594,-7943,709,9,-3480,-8149
14265,21118,849,4,11782,19164
2350,822,839,3,2350,822
1193,-12787,737,7,-9001,-2331
400,-2710,731,6,3038,23567
12664,5037,825,2,8483,15930
12568,23029,831,5,5506,5089
12966,23633,839,9,2561,7619
26652,-3980,746,4,-11336,10986
10421,7616,826,2,9823,18321
18919,23745,824,15,1019,8220
28016,12466,730,0,-9720,3410
12139,11705,731,0,14103,22671
24972,6458,836,0,12861,5072
28680,10382,725,1,1061,-12306
19421,24130,834,15,-6655,-2121
14282,-13470,730,5,-10475,-1276
16622,-12098,713,11,-5113,-7937
26691,3586,736,1,-4123,12938
18051,1848,712,8,1811,14546
21558,20482,848,6,20854,20338
4063,-1960,730,7,-2468,8601
5538,20654,824,1,7742,22435
3763,-12188,741,5,-9615,2555
21985,19862,848,1,22103,19903
11922,19857,722,4,14322,22522
14203,9166,717,0,12174,22161
12630,21993,734,9,13821,22721
17490,24348,825,14,1059,17514
-5708,-9037,721,14,-5708,-9037
28374,11494,745,0,-8137,9419
18096,22887,829,14,8969,16628
28415,10421,709,1,4412,-13588
24970,-6159,747,6,-11014,7663
-1163,5616,724,7,-1291,15544
-1197,143,717,14,-1197,143
22533,3069,746,8,2458,9507
27737,11210,713,0,-7737,10166
9369,-13154,723,12,447,-11693
27014,8189,739,2,-955,15234
23003,2172,839,2,8089,4314
19492,22023,834,11,15456,20797
13775,22730,727,13,12266,21619
-4517,16782,709,13,-2239,-1783
582,20911,747,14,-1511,18036
-1433,14908,732,12,-158,18155
7727,17157,712,5,8899,20192
14918,16417,830,3,14918,16417
4614,-11130,714,12,-3103,-7592
12799,-592,733,7,4360,3687
10822,20491,718,9,12320,22140
13932,23490,717,15,12181,22644
26680,-25,734,4,-6939,1395
10168,25140,825,5,2133,-4913
5105,7564,722,6,6474,21162
387,832,711,11,-2829,12826
15837,24708,832,5,1946,19586
-4306,9929,826,3,-4306,9929
2777,-4820,724,5,-5147,11271
6483,-14095,738,5,-10012,-885
1246,17592,720,15,3197,3325
13031,-13302,726,11,-8907,-2838
27257,13806,706,0,3747,-11653
-821,-2114,732,9,-2794,17557
25876,6330,741,1,543,8361
23575,-8479,707,5,1561,-14505
25744,6002,744,1,520,9616
13975,23312,830,14,14249,143
14339,25817,827,14,8778,-13066
28999,3050,727,8,-12238,1183
5992,16408,848,1,7726,19229
16318,24783,844,5,456,19476
4163,-10725,740,11,-6840,-316
8900,18892,721,11,10186,20998
853,-330,716,14,853,-330
27954,2300,712,6,-1973,-9122
20851,21965,846,14,15801,21112
744,22497,717,15,-5512,6969
15125,20287,842,4,13407,18564
29095,1968,838,0,-3047,-4736
25553,7458,738,3,5650,3827
18746,24184,833,13,-382,-2604
28735,4244,720,8,-8486,-4355
-2303,-3445,726,11,-6247,13443
-1903,16495,721,14,-1903,16495
4834,7915,830,8,8883,1693
-8667,18025,720,13,-5076,-9660
12024,17858,747,1,15157,22365
22932,-4503,714,10,-8097,10948
19540,23464,836,13,1291,11710
8636,-15004,733,11,-11859,2292
12922,9797,725,6,9398,17111
15797,24734,833,12,-2442,5475
3535,16025,839,8,2181,8511
16053,23037,827,7,7782,15816
11349,1483,716,6,2817,16951
-2071,8807,846,3,-2071,8807
20988,-8386,713,5,-622,-9927
4359,24955,841,6,-8743,6140
26027,133,727,3,-4120,18300
15758,9539,730,0,12721,21753
5373,-2971,719,5,-3057,9678
20552,22680,841,15,7958,17397
17327,23464,838,12,5395,14825
19459,1092,825,0,5056,14088
13824,25019,830,9,-1297,15390
26820,9204,704,1,2761,-2774
28621,8204,709,3,-1662,-9958
24180,-2099,748,1,862,22246
5806,14969,740,6,9919,22243
16310,24179,829,12,1165,12566
10425,-14557,728,7,-9666,-3415
14767,25487,847,11,-6999,4050
5008,1505,716,9,-9,13653
10538,-13883,711,12,1745,-13233
1842,6961,834,1,1310,12559
-6024,18237,825,10,-14,-11446
10001,1663,835,2,6325,18143
8729,26318,748,15,-3456,19809
4326,12030,843,3,4326,12030
9078,19971,839,4,5793,14530
5142,22670,842,6,-2699,5878
-4592,20992,721,13,-8713,-875
21665,-512,746,8,-959,13603
-956,-181,704,14,-956,-181
-3274,-1182,710,14,-3274,-1182
27949,2277,739,8,-6556,-990
6295,-15640,736,11,-9322,-5121
13552,24233,828,5,1004,9974
12755,26161,842,11,-4448,-6428
20514,22372,832,15,12079,18876
26679,-1889,745,4,-9454,7005
5178,22193,827,8,479,17915
22525,21028,845,15,19573,20677
19425,19190,848,0,20741,20252
4533,1753,825,3,4533,1753
-6135,2823,718,12,-7303,8997
28730,2061,723,10,-6708,-7763
17111,766,726,8,2505,17266
10429,20595,722,15,9057,16742
26269,3527,743,3,-2774,9967
29410,5857,747,1,-11097,7636
22988,-2276,717,6,-5512,6969
19114,23340,829,13,3710,10761
19284,2693,833,2,7969,9789
7960,10437,712,3,10009,22129
5771,-7352,706,7,-5270,2914
-5591,3472,830,8,3886,-9736
27712,13390,719,0,-4524,-9569
2531,1808,713,5,-968,13961
3030,21950,719,13,-1832,12898
29907,4463,828,0,6967,-13369
15577,20814,835,3,15577,20814
24962,-1133,726,10,-6586,6384
8016,23489,837,8,3498,20963
15703,23887,846,4,12878,23688
17791,24580,848,14,-5837,4706
2647,-11099,711,12,-4854,-6765
20992,19849,840,2,21606,20228
8464,-3115,711,9,-2344,9082
6553,-1751,747,6,2136,19928
10998,23960,726,15,7218,21649
14054,-11507,717,7,-4287,-6199
9595,20957,710,5,11258,22439
11320,-14386,730,11,-10475,-1276
4675,-5791,727,5,-5168,9868
27501,451,741,8,-8966,5078
15993,24323,830,7,2853,17266
15145,-608,748,3,5478,21165
13519,8829,716,6,8597,15901
6755,-3806,714,9,-3297,10663
631,-7558,747,9,-7347,11585
-1830,19808,832,6,455,-7617
10576,-13662,729,11,-10083,30
1833,-13716,713,14,1833,-13716
20911,20546,834,4,20528,20372
14631,23151,834,12,8915,3097
-9377,13549,709,13,770,-10314
20428,21104,832,14,17483,19184
22778,1330,729,10,-375,7126
16562,23253,841,7,6054,15061
6820,21033,737,14,5761,19665
14002,3715,704,4,3994,15700
17242,24389,836,11,4812,22026
23382,-8323,713,5,1244,-13710
-5146,16777,729,12,-2782,20372
28669,7750,717,8,6722,-13195
12938,20937,733,10,15226,22752
322,-12136,741,11,-10256,1941
-5354,9515,736,11,-2773,17597
18374,22135,841,5,13338,19404
5295,-3003,727,7,-2477,6985
21203,21918,844,13,12939,19541
-3333,-1746,745,5,-5981,12536
4195,16044,738,5,5997,19830
-799,16335,832,3,-799,16335
9197,20966,704,7,10450,22170
17351,22381,832,5,11173,18444
-7115,12739,725,12,-5288,17595
27935,6768,713,1,-7343,5329
28971,4653,710,10,4236,-14601
5842,-2070,738,5,-983,6450
12698,-13078,831,1,1239,-11446
15131,23143,713,15,14026,22550
5022,22202,721,13,656,15409
24027,2320,726,1,756,18506
13823,23041,837,12,12414,786
16026,23074,739,15,14307,22275
-6951,17547,744,14,-9235,11398
-2985,2207,841,3,-2985,2207
25437,6660,731,3,1739,7560
28629,11103,745,0,-8991,12174
12353,20286,727,4,14785,22648
29657,1915,849,0,-6864,-4979
25579,7406,747,0,4698,20011
16492,22424,741,12,16492,22424
11346,5801,826,2,8884,17243
22798,-585,829,2,2964,4094
27511,11218,716,2,-5090,2837
12246,20591,715,6,14228,22556
8600,-13492,714,12,-242,-11820
26407,5396,844,0,10650,1835
13221,9731,726,10,9493,17215
14455,-10841,715,7,-3224,-6338
26710,2973,734,3,-5097,9186
1146,12005,718,12,1270,14934
26618,2327,715,4,-5176,413
13495,-13600,737,9,-9051,-2760
25091,4150,712,3,-2348,9576
4330,23086,730,13,-1741,15044
15977,24761,828,7,776,18278
10091,9156,841,2,11317,19247
28667,7131,707,10,15109,-12571
7660,21510,848,8,3765,17775
10808,17195,835,1,11634,18765
-1448,15469,739,7,1063,19548
7385,9858,739,10,8190,20237
19871,22764,824,15,8581,16899
27520,11583,735,0,-3042,6237
15145,24170,838,5,1773,14196
26240,5575,713,1,-3353,10159
13383,19963,740,3,15856,22458
10767,22346,829,6,5248,16610
18151,24661,846,14,-8098,10432
22996,-2228,724,6,-5279,8013
-4269,18500,826,6,2749,-10751
-7687,752,837,3,-7687,752
15032,24688,829,12,-70,1961
16335,24445,835,5,3953,20524
14615,25784,840,7,-8279,3703
9125,11962,703,1,10530,21984
27832,8726,742,0,-943,19814
-1428,21625,742,14,-4058,18383
8265,21994,718,13,5396,18008
25624,-1578,743,3,-3690,18837
27462,11243,718,0,-5356,10843
29822,1662,825,2,10954,-14630
27216,13871,705,0,4593,-11885
13973,24979,835,11,-2613,6726
9507,-13826,713,14,9507,-13826
26080,12904,713,2,9070,518
13395,25955,841,11,-5822,-3873
1101,-11157,736,5,-9965,4573
1499,9522,737,9,2544,17725
27494,11569,719,0,-5510,8250
22565,1089,834,2,6163,4460
484,22863,738,14,-2049,20492
3950,-6996,705,7,-6055,4317
21949,-9259,722,9,-6693,-7391
6487,-14446,725,7,-11234,503
28855,7502,709,8,5802,-14612
7801,23425,844,8,3028,20632
26051,4725,729,3,-2549,9973
14688,18359,844,1,15314,19180
13003,11805,738,0,14217,22257
27375,14070,710,0,4176,-14722
26935,14677,705,0,16031,-12390
16138,17087,739,1,16024,20172
4799,24333,737,14,2889,23195
22450,-2420,737,4,-4341,10737
-2397,5270,722,11,-1680,16855
19010,17251,720,2,17302,18941
2568,-6746,833,1,-4414,1045
9054,10250,834,4,13129,4827
-3064,22465,730,13,-9927,1660
12183,-2879,723,5,268,4289
-988,10787,747,12,-988,10787
8078,23449,834,6,-804,13763
15431,23572,833,5,4985,15565
16489,24455,831,12,-1310,12209
16924,18780,709,12,16842,18930
8040,12147,843,3,8040,12147
4443,2146,718,9,246,14380
9066,-13106,727,5,-10645,4455
20561,1768,728,1,3838,19932
6238,1861,712,9,614,12840
10044,25864,830,5,2126,-9994
4090,9766,829,8,7009,2931
3762,20696,830,8,-793,14635
537,17869,748,14,-706,14426
27728,4363,703,3,-8725,4913
18554,24353,832,13,2520,-9003
26610,12290,710,2,3951,-1289
1986,-12896,743,5,-11029,3863
13185,20015,730,3,15743,22561
26217,4815,849,0,9340,2695
22424,21017,847,13,19410,20483
19584,19741,834,2,20528,20372
-443,-13315,736,11,-11539,1319
10898,16079,748,5,11144,18185
1513,-9736,719,12,-5485,-4756
12288,22972,706,13,10708,21750
-3742,14376,837,8,-4067,625
12017,21748,735,14,11548,21263
12115,6660,837,0,11425,19582
633,9486,726,7,1480,17016
25219,533,722,4,-5821,6997
19644,20739,824,8,19351,20545
17903,25010,827,15,11595,-14750
16960,23482,841,12,4199,11327
24647,1121,739,8,-2844,7675
25757,1671,747,1,-1511,18036
22170,20182,846,4,21943,20076
-3631,5953,715,14,-3631,5953
21881,20648,844,9,20615,20408
11442,18025,827,3,11442,18025
14289,23149,710,15,12972,22373
88,24411,733,13,-10339,9826
9354,-3378,709,9,-2304,8067
14219,23135,827,9,5734,14531
27844,8797,711,1,-2314,-4173
1236,8203,708,12,434,11384
-7554,19707,722,13,-7474,-7513
11580,23765,828,8,8772,22851
27546,10873,708,2,-5821,3617
12452,25919,835,11,-3223,-5625
19918,23900,846,15,-6647,-2963
28663,8333,719,1,-7957,-2614
27394,426,844,0,-3510,4309
-516,4392,736,5,-1546,13909
16215,1963,731,3,5648,20091
4024,-15504,735,7,-8817,-6256
28302,10706,706,1,7215,-14001
14151,25691,848,5,-8000,2314
6744,2115,743,6,3909,19436
26426,129,726,4,-8138,7003
9411,2355,846,1,6217,6142
13209,22397,712,14,13209,22397
22146,20521,849,9,20937,20316
14470,24774,828,5,-1243,13679
-1956,22151,704,15,-7750,3412
16760,24194,827,9,8512,22766
21025,22916,844,15,6707,22228
27876,3537,725,8,-7690,1300
15676,-5073,706,9,-1614,823
10367,25334,825,9,-3234,-17
2124,-8296,709,11,-8062,7281
21291,21949,844,15,13787,19802
4330,20805,837,8,-142,15180
10953,-15056,721,7,-9898,-4605
18817,19808,825,2,19838,20565
14959,24198,834,5,1814,14679
8193,21269,748,14,7230,20097
19560,1467,715,8,889,13917
7824,12294,720,3,11194,22503
3806,19720,736,13,3068,5960
22986,-4214,721,4,-6514,15450
24162,3043,703,8,-1749,5052
272,-4677,716,7,-6135,9082
28843,7351,715,3,-6452,-6375
18759,7860,717,0,9606,20666
13148,19445,740,1,15856,22458
7227,22428,723,13,3512,17668
10155,-13120,722,12,1328,-12065
22145,20119,847,8,21998,20042
20166,-6076,718,6,-6672,13505
26073,8618,723,1,2646,4455
19435,23642,834,15,362,6461
26490,5961,732,1,-2361,11573
5739,7566,731,4,8140,22143
12983,20555,847,9,11479,6711
21066,20444,845,8,20660,20388
665,23499,832,6,-7142,-2212
25801,8251,746,1,4960,5704
24441,6302,709,6,10258,33
12266,21619,727,14,12266,21619
29648,2671,833,0,-897,-9671
28598,11899,746,0,-11183,4559
11163,12166,725,2,13419,22615
15760,22679,843,12,9452,5777
9321,-4970,708,12,4237,-3563
27996,16,709,9,16031,-13035
24516,-6302,714,11,8588,-13813
7620,4619,720,4,6114,20881
14815,22296,734,7,15244,22514
27303,5800,721,1,-5424,9508
-173,2598,726,5,-1504,16063
8777,20803,847,3,8777,20803
18143,-2854,733,10,-1471,15355
11012,-14172,727,5,-11721,2452
9401,20804,832,6,5063,12495
29056,5267,715,8,-5917,-9873
12448,-14362,729,11,-10211,-2149
12488,21085,745,10,15041,22856
15514,24671,824,12,-1835,8293
11013,21895,844,4,6859,18438
8455,19631,842,8,5981,15900
28148,5473,714,8,-2573,-6975
12396,22782,839,9,5578,6092
19054,23647,847,14,2626,18885
27151,14008,703,0,6261,-12240
18922,1036,712,5,9365,382
27902,13011,724,0,-8424,-4371
25061,-6520,703,7,12208,-14638
14935,24984,843,7,-3388,6063
11535,-13196,732,5,-10555,2691
27698,4159,721,3,-7589,8778
18404,-8316,748,4,-3456,19809
20251,23684,848,13,-9293,9606
10927,24225,828,9,1119,3377
27651,13204,708,2,5348,-13786
13941,23102,844,11,6422,5522
24734,8583,731,0,5433,18910
17888,-5523,734,6,-4410,11826
27456,-564,720,6,-8985,-2020
21260,-3315,748,8,-2411,16807
17283,18783,718,12,17202,18939
24796,9414,704,2,2251,12161
14668,-1854,738,4,1039,17148
19224,21092,832,4,18498,20770
25759,10988,709,1,11177,383
21134,-10137,719,5,-3751,-10554
12802,20008,747,4,15157,22365
29311,5143,740,3,-10527,1013
13468,17518,831,1,13994,18580
-3288,22299,723,15,-7774,-2912
28734,4662,722,10,2636,-12203
19906,1190,720,3,2196,18085
20191,-7895,717,9,-4414,-4958
28323,10455,710,1,4522,-12183
20606,-1756,836,0,2165,15462
5632,13845,738,10,9585,22096
18039,-13299,723,11,-6737,-9456
10024,197,747,8,5271,21029
28293,12009,726,2,-9003,-3642
13793,21431,838,6,10226,17944
25268,10044,705,0,1282,13680
6920,2364,745,5,2485,9169
57,16172,824,3,57,16172
-3340,11203,840,1,-975,17885
13871,25687,842,11,-6112,-170
21494,20498,832,10,21154,20318
27852,8799,744,2,-3071,14530
2901,20502,734,13,1021,5267
-6031,14149,726,14,-6031,14149
17788,-2072,743,3,3542,20988
26358,-372,716,6,-6502,-845
28585,11970,743,2,-6499,-6727
16708,-5524,708,11,2630,-3987
28207,13005,740,0,-4957,-8416
414,-6197,832,3,414,-6197
1027,20094,834,10,-1658,19
15008,20570,847,1,15931,21137
25920,-4355,707,9,5586,-14219
4385,10875,831,1,4741,14979
14429,21581,841,4,12030,19962
9761,6412,728,4,7273,19926
4902,21539,826,8,554,16993
-5280,16906,703,15,154,-5128
7089,24611,728,15,-163,18922
20265,20349,836,3,20265,20349
14123,23613,826,11,4316,11037
-7289,-6250,727,12,-11721,2452
26433,3346,716,8,-4481,2660
-9193,6891,736,12,-9193,6891
20082,20913,843,4,19422,20706
13584,22896,842,9,4864,8949
26939,4377,731,1,-3910,14950
7424,-10157,725,5,-8138,6239
26654,9415,704,3,8058,-3735
20295,20778,848,8,19809,20631
17557,23872,847,5,7104,21224
-10648,9737,740,14,-9717,1075
12366,26286,830,11,-6232,-3948
10034,20957,838,10,5666,14253
10563,3762,707,8,5158,19571
22993,8000,705,2,4104,15914
-10720,-2113,740,14,-3590,-10437
-1703,10480,741,5,480,18269
23608,-4164,721,10,-8222,11063
4910,3300,717,9,1137,14606
27865,9935,741,0,-3143,15491
22629,-1421,732,6,-3646,8968
8746,1438,743,7,4616,5237
-9149,355,745,7,-8991,12174
-2845,-2579,739,9,-5446,14670
7129,21932,835,4,1597,15829
27854,10328,743,0,-3688,14523
18208,22563,828,12,11520,18472
17423,23529,826,14,5709,15339
25012,6128,742,2,3610,19001
-1263,-9546,840,1,-9243,1477
26718,8235,727,1,146,4544
13012,20831,722,10,14971,22570
-380,6938,732,14,-380,6938
19173,-12349,713,11,-4163,-11453
18153,24297,843,14,-3758,12844
17386,329,707,6,410,11027
10397,21599,832,9,9310,2631
15825,24021,845,5,2661,15366
18464,-6162,745,6,-4803,13128
26948,-3073,738,6,-9421,-1786
13112,2689,848,0,9429,19597
6326,-4589,719,5,-3853,8348
28249,10327,735,2,-6826,5397
18042,20297,834,1,18358,20552
27528,12965,707,2,3223,-11312
587,110,715,7,-3210,11154
28603,8795,715,1,-5921,-5920
27181,9581,724,0,-1204,17589
16322,12995,842,2,15868,17183
18877,23830,825,13,107,11469
29254,7062,721,3,-9890,-4767
27884,3676,828,0,5887,-3492
12308,22664,718,14,12308,22664
2204,24090,848,6,-7449,-1078
10027,20017,712,9,11549,21938
19789,1943,709,5,11177,383
27386,-2865,734,10,-10988,-830
28348,4021,704,10,2554,-12140
25430,3653,719,8,-2052,4447
22229,198,737,1,1848,19849
4850,-2665,708,11,-2838,7905
15766,-3273,718,5,2255,465
10407,11280,730,2,13750,22883
24204,7498,745,0,6787,19676
7753,25218,739,15,-2433,16646
27936,6198,703,1,-8725,4913
17279,21969,830,11,11996,17470
13045,22924,734,14,12509,22630
11486,22332,836,7,12561,441
-594,3462,729,12,-2466,8090
22632,20360,844,7,21838,20096
27309,14008,707,0,5586,-14219
10663,26518,832,7,6000,-13555
28996,10457,742,2,-12067,7090
18019,22164,835,11,12517,18887
28044,2918,706,10,-1149,-9928
21463,21327,837,14,18901,20762
29001,4500,712,4,-3339,-12011
18456,17747,730,8,17667,18979
12928,16318,848,0,17090,21058
2620,26189,743,13,-11854,8197
8378,-14599,733,11,-11411,2370
20560,22562,839,15,9406,17988
22453,-5343,722,6,-8049,11760
28900,6485,721,3,-9351,-1089
-4139,3679,736,9,-2773,17597
20992,19159,847,10,20621,18688
4410,8240,717,5,3370,15879
6198,15301,842,3,6198,15301
25885,3474,726,3,-3423,12292
29059,4775,718,8,-8071,-7508
9275,15860,718,3,12556,22461
8327,20534,845,3,8327,20534
6743,13430,833,10,10836,3893
14837,19688,830,8,13885,18518
29095,8523,731,3,-4485,-8863
-3037,23802,729,13,-12630,3423
9813,6068,725,10,6644,19039
9020,-14036,727,7,-9744,-1585
19091,17463,740,1,18085,18867
26168,-2133,742,10,-7428,985
4699,16608,728,15,7226,6510
27039,-2420,704,9,10464,-14576
2413,3627,748,7,376,9811
16036,21525,841,6,13361,19619
18775,21299,830,14,14918,16417
13935,25139,840,11,-3086,3993
8487,15499,708,4,10974,21867
28728,6055,741,1,-8370,6215
22249,-6064,739,4,-6780,15425
22141,20746,832,12,21084,20405
21792,20751,834,7,20528,20372
8867,18664,730,6,12546,22822
28538,11970,744,0,-10723,3998
11818,22126,844,5,10650,1835
1049,23662,717,13,-6904,12879
28359,12322,738,0,-9421,-1786
13495,23581,830,11,4231,7279
26532,10097,703,1,6951,-3272
-469,17548,847,8,-3744,6440
11889,26350,835,7,1884,-12699
25144,7269,707,10,12095,-903
20694,23074,848,13,4083,19908
-6736,13381,841,8,-5822,-3873
14738,22802,736,13,12946,21573
12088,20231,722,10,14322,22522
-3494,22756,732,13,-10976,803
26502,594,718,8,-8595,8805
24288,-1650,733,4,-5618,13010
14728,23335,824,11,5768,13382
16839,22317,824,11,11029,17637
-5868,12435,733,12,-4313,17226
28263,3492,728,8,-8889,1349
2345,-4357,843,1,-3377,3607
28414,5293,708,4,1273,-11123
16296,23804,830,7,5136,17364
-9217,16366,719,15,4000,-13023
12957,24410,827,11,890,4910
6847,25076,739,15,-3584,14530
-4205,12380,706,13,3559,-3564
-7163,11434,829,8,-4505,-4933
-11823,9944,708,13,5348,-13786
855,7030,720,7,429,15274
17553,24621,846,14,-4895,3383
8408,13334,718,1,12308,22664
26018,8996,730,0,2262,18102
12185,21077,742,6,14705,22825
16810,19532,712,13,16975,18932
27588,12865,707,2,2429,-11055
27792,1990,718,4,-8354,-1050
15554,23060,843,9,6335,15550
6474,3826,832,3,6474,3826
7672,15883,840,6,9843,5178
26139,5197,713,8,516,-604
9121,26174,827,9,-2449,-7976
20495,1357,738,6,2861,6675
14359,25982,828,14,6967,-13369
7750,2804,731,9,2359,13102
3475,-2283,716,7,-3086,8051
3957,-3068,738,5,-2787,7094
8662,830,725,6,3207,19311
-3413,20397,704,13,-7272,3612
-2540,12202,824,3,-2540,12202
10372,25768,826,5,-313,-6762
14179,25500,841,11,-6193,4018
-2024,18423,703,15,-1005,899
28759,9218,723,3,1834,-11988
13084,20970,843,5,11922,6064
26018,12259,744,0,7055,7871
29746,3156,830,0,1428,-11253
7457,3473,837,3,7457,3473
21300,-1079,746,1,3050,21171
25208,9006,705,8,12336,137
-4982,18734,848,4,-6292,-5888
23995,2288,734,1,-358,16086
13068,24827,825,9,-1796,12127
18882,-11476,731,11,-4485,-8863
6271,-14483,736,11,-8256,-4655
15510,8477,718,8,8741,16186
11056,20591,730,13,9793,17606
24608,3450,736,8,1115,4580
-6146,5699,711,14,-6146,5699
24087,4756,726,6,6157,1759
27786,12231,725,0,-7469,4610
10082,22018,831,9,8650,1915
25519,4015,709,4,693,-684
19703,17115,736,0,17935,18862
23320,899,723,8,-2772,11780
14687,24314,830,11,1254,12987
11643,22285,711,14,11643,22285
13035,-7446,712,9,-5051,3698
14936,23385,825,11,5510,13995
8484,715,730,12,5086,2814
11928,22701,835,6,6325,18143
20965,-1669,704,10,-3642,9125
5404,-13308,732,7,-10555,2691
27762,12514,712,2,-1627,-8828
14743,19376,723,5,14998,20241
580,5796,722,5,655,17206
19602,23873,839,15,-2907,-626
-4997,10064,739,7,-2433,16646
25719,5112,847,0,10130,3777
652,19304,843,4,-3288,3865
8465,18199,727,6,12135,22718
28291,1489,714,6,-4577,-9259
16909,-12797,734,11,1327,-12363
6533,25700,733,13,-1351,21651
8602,23444,833,4,2531,19385
18365,24482,825,15,4192,-9734
3889,5498,734,14,6575,2836
27845,8507,744,0,-296,20435
11857,13966,832,0,15201,20751
-3103,22941,726,15,-8679,-3094
29226,5832,713,4,2979,-15306
18372,20716,838,11,15546,16952
413,8144,831,1,850,14185
27137,-2775,737,6,-9051,-2760
4486,19286,745,7,6324,21316
21194,-3766,748,3,974,21490
2468,25133,742,13,-8977,6898
18982,23153,836,15,8563,3565
10540,16445,748,8,13220,21814
12745,22031,735,9,13929,22741
-7197,14789,836,8,-7897,-2641
13790,9921,733,4,10128,17856
26836,-2606,738,10,-9392,368
-6612,10301,736,11,-3286,18489
21806,-750,741,3,480,18269
24234,-2092,730,10,-6536,9282
9321,13515,709,3,11158,21831
-9448,15612,726,13,95,-11917
20083,-4390,710,8,-3711,17846
10869,-14591,744,5,-8392,-4892
19705,23835,840,15,-2236,-4736
12934,21711,733,9,14336,22697
1216,13900,737,7,2544,17725
18110,-4527,832,0,2229,19082
5833,1901,707,5,410,11027
1243,19631,829,6,705,-1395
11938,19069,744,3,15151,22562
26150,9152,717,1,3894,2250
-1649,10600,828,3,-1649,10600
-2726,20353,835,4,-8098,561
20783,-3510,843,0,1455,17575
1222,-12563,740,11,-10045,997
11589,21230,710,9,12893,22447
14839,25368,842,7,-6309,4845
18893,23777,838,14,4072,20670
27195,-1916,739,4,-11021,5231
24640,7913,713,2,2340,16141
2980,-9472,703,14,2980,-9472
26137,-2165,731,6,-9598,5394
8200,20096,826,6,4758,10566
12779,20581,728,10,14953,22564
19901,22758,845,15,7271,7733
5328,20174,828,4,1055,12108
16347,22708,828,9,10111,18564
19788,-3079,726,6,-3423,12292
-2713,16223,738,12,-2713,16223
27251,-412,720,6,-8351,-1765
12582,15737,844,0,16637,21016
23407,4692,704,3,360,9922
28455,11445,735,2,-7891,-2947
28291,12616,737,0,-8753,-3266
20712,23003,847,13,2626,18885
27400,13575,707,0,-25,-10977
23892,1456,734,4,-537,4437
12726,21925,708,7,13458,22511
17594,-3886,717,10,-2776,14856
28589,1719,720,6,-5179,-9368
-726,20534,833,6,-854,-5807
3661,20269,834,3,3661,20269
7310,7022,747,3,10091,22647
-6566,13388,728,14,-6566,13388
19599,1084,747,10,2454,9832
-144,23184,844,6,-5333,-6850
27489,12307,711,0,-6766,1194
6454,-2453,835,2,3953,20524
17029,21742,833,9,12321,17767
28974,5816,718,8,-3546,-10792
11534,19457,737,8,14410,22533
28424,-1718,835,2,-2044,-9341
16113,18421,830,0,18313,20770
28252,6007,741,2,-965,21405
20323,22787,840,15,5932,14797
18369,1748,830,0,6403,14953
21290,-9694,736,9,-566,-11102
29356,1034,836,0,-7897,-2641
-1125,13040,728,12,-382,16472
20428,-6717,842,2,-3975,12240
19957,23664,846,13,-5814,2351
5166,17016,826,6,6276,3400
11947,24242,833,11,4051,-1674
27143,9833,730,0,-585,17499
-1740,7228,720,7,-843,16623
9068,-4726,710,11,-1951,3548
25728,8754,721,0,2401,18344
-4539,2339,824,8,5457,-9161
-5893,7997,737,12,-5893,7997
11733,20096,725,4,14403,22728
2672,-10698,719,11,-9653,7000
11567,25170,833,5,-328,-2924
19668,22868,844,15,7436,5632
22451,20360,847,11,21417,20075
-1207,24392,732,13,-11759,7366
20499,23298,849,15,-3215,10032
19512,24139,839,13,-8990,444
23445,-2989,724,8,-5084,16879
29285,6442,732,3,-11671,2322
-7964,16362,719,13,-2575,-8202
27537,12083,712,0,-7258,4564
-1913,6029,742,5,-1403,15784
14877,25394,849,11,-6662,4176
13239,24261,824,6,7742,22435
-7643,7669,729,14,-7643,7669
19898,2118,741,1,4295,18782
14745,25737,830,12,-4500,-5672
-592,23126,710,13,-8391,10357
16218,25302,839,12,-8145,2726
28952,3567,713,6,2086,-13927
18311,22544,846,7,10814,18717
11756,1107,738,4,3703,18098
8259,13635,826,1,8602,16126
21060,20540,840,10,20548,20290
17998,-11917,730,9,-10681,-225
21517,21592,849,15,14232,19075
12061,-9230,704,9,-7272,3612
6204,19734,742,12,6204,19734
17770,23279,848,12,4824,13680
7333,13164,842,4,9581,5583
-3214,1726,723,12,-5266,7350
22706,-3954,710,6,-7699,8057
-7266,12091,703,15,6553,-8326
24025,1475,704,10,-1292,1432
15100,20257,724,14,15100,20257
11502,26160,837,5,-3507,-8022
10060,-13898,740,11,-5530,-6784
27990,3115,721,4,-6520,-3181
-635,18315,841,3,-635,18315
9193,3212,713,4,4837,19840
7784,24334,744,13,173,17109
-5123,9773,704,14,-5123,9773
2452,-825,723,12,-1116,3212
16379,24385,842,11,1163,17211
20041,23799,845,15,-5960,-5984
16616,24526,843,12,-2115,6972
11120,20673,737,7,11848,21415
12621,24846,841,9,-2017,5732
15932,23376,830,7,6103,15283
18106,-3131,730,8,381,19460
26892,9246,735,0,-98,15877
20093,23320,842,15,388,10531
17644,19429,849,6,16447,17535
10882,23643,740,13,6409,20117
20147,23555,847,13,-5330,7978
15792,7998,705,4,8023,14299
-3240,-9822,745,11,-10629,5833
-3265,1812,731,7,-3910,14950
13829,339,711,12,10614,559
-1352,24719,733,13,-12633,7380
18957,-10377,726,9,-8639,-2180
15455,24485,845,11,-977,11149
14857,23299,843,7,5276,7410
28172,12308,722,2,-6679,-7768
11232,292,728,4,3838,19932
2860,15724,846,3,2860,15724
10325,17703,728,8,13481,22414
13535,24085,832,5,1742,8690
28554,11607,727,2,-12238,1183
21614,728,833,0,3902,12173
13620,22403,729,14,13620,22403
15501,23495,838,9,5724,16956
19115,1568,713,5,10032,766
21385,-9952,724,9,-7887,-6364
10291,-3474,739,9,-236,5255
24715,2200,717,6,516,150
13406,19784,734,1,15873,22433
-6822,11689,722,14,-6822,11689
10277,7441,845,2,10352,18826
-2790,21499,726,13,-7917,2135
4984,18336,730,5,7955,22040
1322,19199,744,12,1322,19199
29119,7966,732,1,-11110,1744
13262,22052,720,7,14030,22592
26068,3428,716,4,-1759,162
12819,21721,731,14,12819,21721
14157,19199,715,11,14351,20088
12948,20417,747,6,15100,22335
-2790,13695,745,7,-224,18758
22684,2796,730,1,2225,18307
7782,-1925,734,11,1451,3664
-9458,8139,842,8,-1944,-10608
10844,25975,830,11,2126,-9994
17540,-3709,848,0,4083,19908
22670,-1035,743,4,-2774,9967
8444,20333,840,4,4576,14420
15590,3059,712,1,5974,20311
28514,8644,721,1,-6520,-3181
4219,-9683,742,9,-8077,7890
26540,7084,713,1,-2477,5217
2544,8885,715,7,2196,15479
87,17230,835,4,-1118,2024
-6397,6475,844,3,-6397,6475
16357,-9438,707,7,110,-7907
-2320,1193,734,12,-2320,1193
-2755,8208,747,9,365,19320
909,8349,726,11,1480,17016
16424,22056,849,6,13258,20502
16956,-12411,736,5,-1821,-10608
7433,-3561,730,11,-1983,7015
2364,17457,726,12,3426,19532
16089,24606,829,14,-70,1961
27973,13061,725,2,1061,-12306
28655,8646,741,2,-6132,16583
16390,8850,720,0,11551,21487
6301,23496,748,13,-884,12919
631,10818,747,12,631,10818
-3888,19256,726,14,-3888,19256
20309,-2173,828,2,1021,8034
-6783,20472,719,13,-8923,-5117
10807,-564,731,6,2444,18583
5489,22716,711,15,603,15425
15513,25087,838,12,-2544,-1306
-4743,2892,740,7,-5203,11878
25801,3316,727,3,-3279,12801
27216,255,721,6,-7155,-2576
15727,22321,747,5,16279,22587
19934,19714,827,0,20837,20416
19899,-11562,714,7,252,-13445
-682,17302,826,10,1890,-2943
11900,-14098,714,14,11900,-14098
22218,21412,847,15,16976,21058
20479,20540,839,8,20140,20405
15155,15683,834,1,15231,16681
261,18623,722,15,1114,2227
10750,21299,841,9,10776,2316
19953,23278,841,13,1928,13849
278,-2471,735,5,-4509,9460
10722,19674,711,6,13008,22463
12777,20674,727,6,14852,22549
19311,22513,842,12,12181,20033
18400,19933,835,4,17701,19206
-11033,-285,706,13,15320,-12684
26871,2868,723,8,-6327,4211
11976,24396,847,4,6711,22801
17560,-11311,713,7,-1311,-10344
27396,5567,715,8,-373,-4127
20648,2135,709,8,465,11752
15674,-7817,739,4,-2568,19379
16038,1924,707,10,2406,13114
14321,21096,849,8,12647,19958
24855,-946,845,0,-977,11149
25601,3949,724,3,-2770,11151
25048,-6589,704,11,9468,-15176
2298,14539,716,12,2817,16951
28621,7774,710,4,12751,-13244
22422,20506,840,7,21456,20248
23931,1167,723,6,-1116,3212
19787,-2317,830,2,1010,8981
15041,-1621,727,4,1747,18685
13331,22543,845,6,8219,18876
10442,22976,843,1,12279,23650
18519,24394,829,13,-784,-4629
7845,3790,710,10,4289,19317
12181,20470,715,10,14228,22556
24238,-797,711,4,-6417,8388
25021,-1031,722,6,-6188,3475
10176,25642,831,9,-3073,-3667
19421,782,715,5,9534,-246
27379,12083,727,0,-4049,6796
25538,2104,715,10,-1422,-380
17193,21977,837,6,14656,20883
18725,24399,835,13,1985,-11011
18375,28,717,4,108,14017
18563,17577,727,3,17548,18962
13324,24202,828,11,1902,6876
25876,12645,705,0,3635,3969
25455,-2638,838,2,-2186,187
28665,11102,737,2,-9125,-595
4012,20985,713,13,701,13209
28986,10205,744,2,-10857,9790
26936,6242,832,0,13635,49
12246,-4314,841,2,2053,17878
10514,20918,713,7,11658,22045
-7821,-370,834,3,-7821,-370
19848,23469,836,13,-397,14718
5374,19719,733,14,5374,19719
20530,1190,834,0,5226,13096
2167,15795,726,15,6510,3021
26514,12287,729,2,5333,2527
10593,22327,716,14,10593,22327
21620,20463,849,6,20937,20316
28296,7668,719,1,-7358,1514
-12731,12396,713,13,2979,-15306
27240,13009,711,0,-2314,-4173
19056,22850,849,12,9051,19116
24935,3633,717,10,2582,53
14688,25645,848,7,-6605,-1769
4984,-54,738,7,844,5472
8999,25657,732,13,3327,23709
14163,21742,834,10,10973,19269
5071,23467,828,10,-4049,11262
12070,19100,728,3,14953,22564
-1014,22175,830,6,-4500,-5672
19632,23256,829,13,4981,17099
-5156,8748,737,7,-2984,15786
23222,-7736,712,9,-2928,-10605
27385,14014,704,0,4673,-15294
26571,4,844,0,-2793,7168
3653,-13763,738,11,-9421,-1786
29183,4358,721,4,-5018,-10950
19163,20596,826,3,19163,20596
19660,23717,838,15,-2176,3284
13709,25788,840,5,-7986,4433
7700,24081,843,4,91,19110
11304,26249,833,11,-423,-10487
13631,-1221,722,5,2812,4083
14076,25509,834,7,-5674,3172
19734,23659,839,15,-2476,848
7511,19040,847,3,7511,19040
-3587,81,711,12,-6146,5699
28264,12514,721,2,-5018,-10950
-7358,1514,719,14,-7358,1514
27811,13712,731,0,-4254,-10345
21573,20552,830,15,19613,18684
27446,13908,711,0,3239,-14357
821,14307,716,12,1444,16977
18034,21634,831,5,13994,18580
28771,6401,722,3,-9013,-10
14063,21842,831,6,10533,18938
27114,1017,737,8,-7492,3955
21486,17939,831,10,21566,17533
9703,17106,739,1,14399,22813
14490,17692,718,10,14594,20140
5066,16934,723,9,7924,21593
19568,-1699,846,2,2626,10556
16323,21138,736,13,15773,20121
5914,243,707,5,-635,10017
-7580,8434,730,14,-7580,8434
27411,-986,709,9,13520,-13274
28782,6188,707,4,5586,-14219
16790,-204,730,8,2262,18102
7442,9316,734,6,7469,19539
-11655,9279,734,14,-10558,366
16201,25054,843,12,-5307,-937
-4588,7011,739,7,-3584,14530
16017,24791,839,12,-2937,3310
26300,-5188,849,2,-8949,2859
-6864,6122,739,7,-5446,14670
17175,21893,831,5,12111,17568
433,-449,845,1,-2801,7818
-9510,2278,747,7,-8389,13604
25999,9775,733,2,2516,13707
28810,5320,729,3,-10102,6279
444,-965,736,7,-3095,6776
24617,5299,724,8,2482,4841
22643,1857,719,3,52,16198
21254,-10202,718,5,-3382,-11225
15290,21846,844,6,11817,19532
28775,4368,726,8,-8679,-3094
18806,-113,708,10,-631,10444
19744,22986,836,13,5435,13683
28041,-2030,735,6,-8817,-6256
14910,-4451,724,10,-1204,17589
27737,10506,728,0,-3929,15835
25431,700,709,4,-5957,4307
27587,13455,711,0,-2056,-11212
4212,1287,708,11,-631,10444
14633,21093,830,6,11841,18388
-1908,22716,731,13,-9323,4103
8600,20355,828,6,4814,11210
8409,-13552,730,5,-11234,5253
8195,20305,830,4,4631,14681
11586,25689,832,11,414,-6197
20466,-10948,717,11,-1790,-11929
11965,21039,727,9,13409,22367
27839,1844,714,6,-3439,-7838
28148,8249,744,0,-508,21273
4515,-6479,722,9,-5314,12751
21148,19824,840,5,20243,18707
19836,17087,741,0,18103,18887
-1953,15441,710,15,3951,-1289
20900,-1430,828,2,1902,6876
-9078,8770,735,14,-7614,1057
10470,22156,833,9,8216,2411
-4095,9840,824,4,4481,-7098
6465,16522,739,9,8190,20237
5358,18310,742,7,6787,20349
14628,25951,831,14,6897,-13738
12088,1956,724,4,4312,18819
22938,2898,717,3,25,14216
3636,23023,848,10,-5337,4896
25200,7519,729,2,3026,18003
26961,13057,705,0,-361,-3972
4995,795,709,5,-694,11115
12717,-13699,738,9,-9421,-1786
17563,20752,829,11,14838,16335
28837,2202,829,0,-2064,-4982
12863,22914,840,6,7341,19216
16141,18581,837,4,15467,16892
11443,2671,833,2,6764,16971
9427,-2561,726,11,-109,5717
29328,4134,743,8,-6482,-8195
7225,15379,706,9,8122,19537
8216,3456,842,2,7770,19560
7766,6130,839,3,7766,6130
6325,19475,726,7,8429,21877
26392,4645,718,8,-1534,690
6998,19017,830,8,4631,14681
2131,22284,733,13,-3920,10405
22209,18272,848,9,22143,17441
-7716,11820,738,14,-7574,4800
8279,15319,837,1,9098,17666
1313,-8329,707,7,-8387,5713
11257,14708,720,2,14030,22592
4890,13471,743,10,9427,22393
11141,1753,720,10,3526,17946
22236,20621,839,12,20889,20273
1540,5422,841,1,730,11885
26335,7619,744,0,4122,20163
11418,24007,848,10,4083,19908
20480,23048,844,15,1098,13250
14118,-10956,730,9,-9083,4517
20425,23574,845,15,-8446,9333
27165,8839,703,3,5311,-5624
129,20026,708,13,-2838,7905
6851,-12231,706,12,-1149,-9928
15550,21119,724,13,15100,20257
21466,2875,712,10,2491,6429
7509,12025,847,8,9035,6625
20933,22827,848,13,7365,21367
14328,23751,825,9,4348,16001
16392,-11207,824,1,6699,-11824
6024,25580,731,13,-2055,21011
14902,-3426,739,4,31,17594
4191,23138,849,10,-5104,5949
22096,20733,844,12,20477,20308
22879,-6768,708,5,3600,-11907
4122,22525,739,13,-1553,8694
14357,21252,734,10,15873,22433
-9154,5377,731,14,-9154,5377
21231,22028,838,13,14773,20908
27817,-1650,730,10,-12564,4606
9748,25794,825,11,5358,-10390
14409,25514,832,12,632,-8380
11271,26179,836,5,-2791,-8709
7425,23017,832,10,-64,14247
9116,18563,825,8,7539,15408
13127,22710,833,7,8490,4613
16453,8112,707,8,8111,14607
7342,20772,745,12,7342,20772
-10302,14798,710,13,-1145,-11751
28736,2726,727,4,-9554,-3284
10264,7555,744,8,8741,20076
28307,1149,724,10,-8424,-4371
7819,12064,719,3,11042,22450
17471,4490,731,1,7582,19808
19281,23875,834,15,-866,1431
16150,21332,842,6,13477,19475
-9170,16774,713,13,-3770,-9956
28364,10559,708,1,5219,-14040
18598,22614,827,14,11378,18356
16485,24319,830,12,708,13745
4378,21554,848,3,4378,21554
-7954,16152,714,13,-2290,-8137
-4912,17961,723,14,-4912,17961
25663,-5236,705,5,9078,-14945
11674,17146,827,3,11674,17146
16560,-8510,730,10,-3473,19753
28879,8784,723,1,-7883,-5284
29178,7911,733,1,-11824,3298
25936,8806,736,1,6123,3315
-6780,-3298,741,7,-9229,8673
9560,26501,841,9,-1089,-11233
26370,3230,709,8,-4460,1757
13006,19566,740,1,15825,22542
22364,-3099,730,10,-5265,12158
25688,4491,831,2,13984,206
-5284,5779,844,3,-5284,5779
17093,23450,842,12,4250,11682
24552,5333,734,4,7290,1452
10686,-13664,726,7,-8679,-3094
15025,23709,825,7,4176,13179
-4539,21830,730,15,-5588,-7391
16379,20141,745,12,16379,20141
15344,22630,737,12,15344,22630
27911,12946,726,0,-8639,-2180
6078,-3985,828,1,169,1395
10483,21220,730,9,12546,22822
6550,16007,747,10,11030,22574
14901,24310,844,5,584,11492
23056,19871,847,9,22551,19668
15187,-3485,741,10,-940,15070
18959,-1194,748,3,2888,19851
16963,-10565,721,5,-6083,-4561
26094,2908,703,1,-5506,14567
23119,19942,846,7,22479,19697
9243,20555,834,10,5226,13096
26823,13215,709,0,2137,-3596
20033,20916,824,6,19351,20545
28174,9184,704,3,5111,-11162
13824,21248,845,11,11690,6374
28452,10707,709,1,5802,-14612
23119,3530,741,8,2619,7747
19824,23060,830,15,6290,16294
11721,24414,829,7,5504,-3150
-4304,20398,842,10,-1944,-10608
12330,21365,715,9,13546,22444
7477,18168,841,3,7477,18168
27616,13641,716,2,10172,-14208
13692,-7095,732,6,-1966,19388
279,20652,834,6,-855,-3876
4882,12833,828,10,10149,1809
11549,-3870,736,6,-632,16520
16869,24836,848,12,-5837,4706
8588,23263,837,8,4565,20984
19774,23808,841,15,-3740,-410
20957,-1763,716,8,-2735,16037
20985,-8958,713,5,-1311,-10344
17281,3259,722,9,8175,5280
8654,14124,708,3,11241,22199
17191,24712,847,12,-6244,8822
4796,22318,828,4,-1770,14394
13986,-11690,828,1,3642,-10774
17542,22628,841,11,10088,18012
25739,1746,744,2,4990,24116
27611,4977,726,1,-6247,13443
19346,23285,825,15,5056,14088
18275,24528,825,15,4792,-9180
19775,22315,826,13,11564,17046
7226,6510,728,14,7226,6510
11575,19102,729,3,14808,22725
3319,-7923,714,7,-7076,5032
25032,4115,731,8,-314,6479
22524,-3316,744,4,-4996,12539
28272,8039,716,1,-6502,-845
14901,25195,826,12,-3537,708
512,24858,736,13,-10317,2305
29026,8746,726,1,-9795,-3810
28959,10484,748,2,-10331,8535
24408,-820,731,6,-4359,5467
28500,11639,747,0,-9227,8692
1179,-1148,742,5,-3172,10190
13939,25810,847,11,-6190,-2671
13738,23904,837,5,2221,7622
17502,22850,830,12,8674,16180
17517,23355,833,12,6764,16971
26334,-2104,837,2,-2161,-1986
13634,19782,830,4,11996,17470
1763,20108,728,15,-14,5024
25524,4962,705,6,7584,-3563
22862,2925,745,10,4458,4302
20358,23609,849,15,-8023,-2224
3239,26484,740,15,-12072,5155
-4103,11824,705,15,7678,-4735
21390,21639,826,15,17661,20569
4731,25969,744,15,-8988,8582
23444,-2191,714,10,-6222,7750
11329,-4205,848,0,7106,22448
18122,18560,737,5,17992,18883
13732,922,711,10,2031,15558
16069,-4661,711,11,2857,-2491
10514,16829,735,4,12788,21542
20127,23566,848,13,-6109,4032
-2115,24476,726,15,-11920,366
15542,17990,735,4,15708,20092
23564,-3410,742,3,-1531,20383
6537,21534,824,4,1641,15242
17326,1110,834,0,6638,16220
-7651,11155,848,3,-7651,11155
7118,15027,704,9,7879,19309
21346,19000,824,14,21297,17567
4224,23442,842,6,-5104,4291
-6663,10885,828,8,-3548,-4586
20683,22812,840,15,7341,19216
18881,22918,830,13,8071,9071
5631,-1995,846,1,956,4003
28629,1785,741,8,-10027,422
14259,21717,747,9,15157,22365
29253,5433,708,10,8404,-16027
20388,22434,825,13,13059,20310
1593,5462,704,13,13067,-976
-8344,16380,713,13,-2726,-8510
26801,10288,723,0,-1266,14598
14699,24949,830,12,352,-873
22253,-3938,708,9,3507,-7017
-7750,8950,824,4,4301,-11490
24231,5550,729,4,4837,3991
11294,22133,838,11,12153,924
21423,21158,834,15,17633,19195
-3094,13498,739,14,-3239,8480
29132,7487,724,3,-7970,-6023
-1900,-6350,710,14,-1900,-6350
14789,-7493,746,8,191,21804
25384,7228,724,8,6718,1307
25913,-852,849,0,-2565,10389
14778,23748,828,9,4814,16832
27852,12518,720,0,-8963,713
-7913,7719,718,12,-7307,13660
28635,11713,742,0,-11892,7232
18885,23529,846,9,12878,23688
28951,3797,712,6,3140,-14278
27060,14544,709,0,13570,-13048
-402,19488,706,13,-2729,6829
16893,-4332,831,0,2753,19454
14862,25689,844,11,-8324,7577
20518,20688,844,11,18336,19340
27975,10431,718,0,-6515,15456
24623,7176,708,10,11453,303
21104,1945,705,5,12735,-965
15307,4286,832,0,9367,17108
9386,23868,842,8,5127,22028
26018,12218,745,0,6934,8087
10912,9613,835,2,11634,18765
15865,230,840,1,11659,1193
12702,25061,833,11,-605,845
26795,12785,722,0,1114,2227
21983,18311,842,9,21953,17458
23827,2566,706,8,-2092,6559
17999,22139,842,9,12669,19396
-610,20400,703,13,-4280,7689
-3416,9702,715,12,-3172,13941
13553,21513,834,10,10151,18436
28735,2360,729,4,-10438,-1619
10758,20254,722,7,11815,21520
24422,4484,848,0,8933,6845
12533,8153,843,0,12794,19469
347,10375,710,15,10944,-426
13721,22928,847,9,5134,8727
27011,-1071,731,10,-9789,4304
13309,2787,838,1,10105,4790
-3006,10899,732,12,-2361,15191
23501,6609,722,0,6474,21162
29843,3281,824,0,907,-11962
24787,1320,730,4,-3592,7753
3703,22028,714,13,-808,14352
-128,6906,730,9,1861,19478
16528,25047,838,14,-3235,-3101
22336,20498,840,5,21456,20248
25314,3233,711,6,2857,-2491
26637,608,841,0,-2017,5732
23196,709,742,8,-1477,10235
1474,22849,845,4,-7920,8797
27167,10457,733,0,-1471,15355
15030,23328,837,14,12414,786
18268,18908,746,12,18268,18908
22378,21115,842,15,19331,20702
17881,17945,719,6,17245,18939
10447,23691,737,15,5223,18911
15735,23179,834,5,6893,15913
4732,10244,825,3,4732,10244
20187,23290,826,13,8264,22663
26865,9191,727,0,1030,18759
13965,9478,729,4,9690,17466
14848,20983,838,4,12933,19381
-4337,20637,729,13,-7564,-1229
10323,21620,836,5,12561,441
-949,19768,845,4,-5604,1517
22571,-9150,715,5,-693,-12972
12288,23864,730,15,9105,22184
17689,-11088,711,11,-3208,-8776
-4314,10394,705,13,5760,-4435
3266,13252,704,5,4654,19095
9971,21709,704,12,10450,22170
15208,-11589,717,7,-3612,-7523
20291,-11196,730,11,-3361,-10820
28870,7426,708,8,5487,-15089
16655,24462,842,9,5127,22028
22639,-2666,717,3,-1517,20431
4419,25675,748,13,-8196,11631
14169,21065,848,8,12476,19888
10294,24475,841,10,2010,19777
13635,24985,841,5,-2588,5209
28398,12259,740,0,-9701,-1014
16745,22549,748,14,16514,22430
17937,24042,839,12,1625,18195
10632,794,745,5,4261,5818
22131,20503,827,7,21367,20192
19081,23683,846,12,7295,22484
16308,22350,827,9,10473,17820
22418,1135,828,0,3678,10406
23223,7475,706,0,4984,19410
-2413,-6016,720,7,-8371,10314
28595,9900,705,3,8482,-15231
3641,4589,716,5,1003,14268
19727,23934,837,15,-7538,1778
23848,7186,716,0,5370,20300
26009,11137,704,0,-590,8736
27069,8255,721,2,-1903,16495
2007,1999,728,9,-382,16472
29274,7721,737,3,-1328,-10581
28283,12323,732,0,-11759,7366
148,-8878,738,11,-8194,3676
-6671,-6624,747,7,-10707,6837
10915,20240,824,10,8064,15029
13199,23261,825,14,15499,-341
-7001,20666,720,13,-9354,-5558
15316,22522,735,12,15316,22522
5174,24030,720,15,-2128,16098
-3857,18648,745,14,-6034,13902
27167,7193,717,3,-1197,143
-1975,-8657,724,12,-8192,-2021
12653,3421,734,11,8428,5836
-3011,12717,739,14,-2844,7675
16032,21328,841,6,13338,19404
29265,5348,723,8,-6737,-9456
5527,9643,723,10,7924,21593
17589,24416,826,14,203,17540
17523,24143,842,11,5308,21511
4487,23862,848,6,-6109,4032
28570,8303,724,1,-7741,-691
-873,-2518,732,11,-4915,13333
12215,23188,741,15,8364,19728
-12077,7744,709,15,13570,-13048
13124,21625,825,12,14472,3802
20852,-1252,731,4,-1849,14502
22060,-8421,706,5,700,-12068
25877,4595,703,6,6812,-4907
-412,-603,708,11,-4581,12132
14269,-9914,721,9,-7752,3116
9008,23554,838,10,1256,16784
9910,10988,704,1,10418,21664
26704,13010,718,0,2255,465
-7588,-3199,848,3,-7588,-3199
-5678,10093,722,12,-4861,15037
18018,23871,834,5,10247,23290
4393,25884,743,15,-9030,7771
28798,5072,718,6,7400,-13402
15624,22542,738,12,15624,22542
18608,-5485,738,6,-4699,11729
23529,538,722,6,-1870,4160
-2360,-3426,728,5,-5487,15324
10151,316,741,7,5394,3517
11803,-14568,824,3,11803,-14568
1009,14953,839,4,2350,822
1571,20669,831,8,-3526,13129
23046,-4720,703,9,2980,-9472
-5017,691,843,3,-5017,691
20812,-7005,748,6,-7129,12246
22457,20457,841,11,21650,20185
21079,20680,828,10,20640,20497
-2153,7385,729,7,-819,17167
27119,14305,703,0,9894,-14018
28353,11150,733,2,-9219,7068
1514,-8491,843,1,-6376,673
21946,-2323,732,8,-2121,17571
27243,13894,707,0,4474,-12154
-3561,19573,849,4,-6895,-3133
14258,22223,847,11,9035,6625
28951,5817,715,6,11028,-14184
11841,26291,838,11,-1589,-9341
11111,946,738,7,6616,3601
3966,22352,743,14,2206,20597
8745,10911,707,10,8242,19655
18781,-10125,711,7,1045,-10849
-4884,17135,725,14,-4884,17135
-8387,5713,707,14,-8387,5713
9282,19702,846,8,6780,16274
16797,22107,829,9,11709,18263
-128,1743,721,11,-2410,14006
7692,19443,844,4,4404,12367
-4280,16981,708,14,-4280,16981
15214,23337,834,9,6269,16613
12810,20511,731,4,15180,22649
20037,20860,835,7,17701,19206
13932,16461,703,8,13483,19767
-3319,16772,825,6,4780,-8872
161,-2452,711,14,161,-2452
-8238,18295,720,13,-5240,-8983
9391,-6523,732,8,3327,23709
-886,22853,707,15,-8048,5759
12561,441,836,3,12561,441
21661,18901,831,14,21566,17533
-1270,15758,734,14,-1933,11841
19971,23788,844,13,-8324,7577
25951,-4496,739,10,-11021,5231
8064,19817,828,10,4814,11210
28573,11855,745,0,-10572,5316
28601,9516,706,3,6525,-14329
27382,9412,708,0,-4280,16981
5243,-11670,713,12,-2726,-8510
28166,3159,727,3,-8487,13348
28560,9010,713,1,-4648,-7416
-2997,-7917,738,11,-9391,6153
8009,20214,742,9,10248,22344
28286,6716,736,2,-2753,19792
13512,23107,705,13,12297,22332
9867,23904,839,10,1625,18195
29386,2985,745,3,-11743,9976
19923,23388,837,13,2041,16581
29127,5328,735,8,282,-11774
26939,1966,843,0,1468,2590
6612,18656,728,12,7273,19926
20073,20770,847,4,19410,20483
2269,25930,736,15,-10875,2518
21112,-9791,713,11,656,-12270
-5717,-5513,731,12,-10086,2597
18219,24612,827,13,2013,-10313
27104,2383,717,3,-7031,12786
13921,24300,830,11,1010,8981
1625,18195,839,3,1625,18195
-7773,-4314,729,12,-11251,4311
18819,22738,832,14,9826,18170
-12120,10437,703,15,9894,-14018
17884,225,742,3,3610,19001
18487,24445,827,15,3494,-8456
16432,24573,832,5,3489,21193
-6991,-1742,747,7,-8521,10017
27484,6481,709,8,2939,-6696
25097,4541,831,0,8803,4134
16435,19,718,8,1818,17550
27143,1365,731,3,-5517,17290
27154,10310,745,2,361,8546
19786,24022,846,15,-5003,-7631
17698,-75,715,7,9534,-246
13655,7666,716,0,12046,22618
23594,6651,737,2,5548,18332
15813,19793,738,7,15941,20170
13373,-615,714,10,1093,16386
5462,22825,843,6,-2753,6522
2733,14262,711,14,2733,14262
2131,-12956,739,11,-9799,28
-3915,4975,743,9,-1285,18132
25695,5754,714,8,2497,213
17854,22810,832,13,13422,4580
9161,-13642,731,11,-10364,1748
14794,22190,733,7,15450,22589
16755,21357,836,8,15699,20860
11861,19188,718,3,14552,22549
17671,24795,846,14,-7581,496
20694,19676,839,0,21529,20242
11958,-3544,745,8,2775,20993
10634,-2157,845,2,4198,18452
7183,-1782,732,7,-380,6938
8550,-11819,738,5,-6290,-1705
19591,20307,830,1,19810,20460
12894,9355,712,2,11519,22008
28313,4736,748,1,-6657,12231
16833,-3073,744,6,-1186,12772
20626,19917,835,2,21280,20314
12813,-12677,720,7,-6280,-5463
13515,20480,738,8,15661,22426
19817,20953,825,4,19228,20738
28647,4477,742,1,-8428,11651
11524,21124,843,4,8278,17766
9369,16906,830,1,10390,18818
27485,7702,704,3,-403,-4632
1183,18677,840,8,-2611,9818
-292,22429,708,15,-6364,6376
26381,-3060,718,9,7400,-13402
28877,5731,743,1,-9030,7771
26707,-2593,714,9,9131,-13724
11242,19837,714,6,13444,22429
21951,20207,841,4,21725,20097
24031,-6862,709,5,4264,-13831
8221,24099,740,13,1491,17768
27015,-4308,745,10,-12269,4610
8721,26543,828,11,9522,-14054
20138,22914,834,15,6919,17171
-668,9780,739,5,686,17340
22379,-1631,733,6,-3610,9591
15416,23096,836,9,7187,16369
15786,22144,745,5,16306,22441
9791,24378,748,13,3405,19767
16725,24437,829,12,-1020,14161
21786,21014,824,14,20539,20571
11150,19584,833,8,9506,17257
16655,-12473,732,9,-11160,2103
-1629,-12265,716,14,-1629,-12265
5378,25847,747,15,-8187,9806
28642,10063,713,1,1075,-13471
29165,4684,725,10,1761,-13590
21248,-2838,748,8,-2066,16323
1814,14679,834,3,1814,14679
26970,4314,739,1,-4044,11914
17921,19707,831,8,17424,19158
-1898,23764,742,13,-6945,-5799
28827,3747,729,8,-10262,-705
20779,19865,834,5,19874,18676
19109,-1658,717,10,-2056,12005
20943,20489,843,8,20537,20425
11593,25770,742,15,4399,23865
1399,24345,714,15,-8097,10948
25831,-4402,742,6,-10053,2958
28916,5632,712,4,2065,-13837
5254,10278,723,6,7924,21593
3351,22669,721,13,-2410,14006
22694,20500,841,14,21650,20185
-2621,15723,830,8,-4436,3658
25641,9895,703,2,342,9548
13108,910,710,6,1897,15264
6349,19070,722,14,6349,19070
20412,23469,847,15,-6999,4050
22933,-7251,708,5,3053,-12445
18101,22405,829,9,13598,20515
27323,-1990,748,4,-10711,7042
28371,3143,746,3,-7971,10165
16671,959,837,0,6767,17326
1,20243,849,8,-5993,10314
2111,23843,840,10,-8279,3703
1783,24711,741,15,-7120,333
1660,16271,732,12,2664,18639
22407,7334,733,0,8055,20549
27973,11027,741,0,-5495,10692
17498,24757,848,12,-7418,11220
26755,3904,716,3,-5595,9603
2421,-2893,719,12,-1830,1229
3644,18405,741,7,5476,20747
28854,6181,703,10,11311,-14457
19120,22906,849,14,7268,16948
-7654,-3295,748,7,-9645,9422
4005,25000,722,15,-5770,15644
28723,2243,718,6,-3382,-11225
21501,20741,838,9,20415,20312
27078,11727,724,2,-123,2231
2823,3845,718,5,246,14380
3796,17286,726,12,4670,19194
13872,21844,842,6,9864,18432
27003,10654,709,0,-4391,12680
22698,20700,845,13,20555,20281
27171,9631,706,1,3654,-4698
20247,23513,848,13,-6127,9583
1493,-14219,731,7,-12641,5437
20835,21162,828,5,19323,20571
20205,22417,830,13,10897,18206
13152,25589,833,7,-2682,-2137
17471,23953,844,11,6308,20735
13165,2780,743,3,6962,20492
17488,23412,848,9,9023,20936
12465,21396,716,9,13657,22457
28779,9211,721,3,2202,-12416
19860,21798,843,9,16512,20985
-3405,20631,705,15,-5649,-804
-7509,4297,715,14,-7509,4297
1844,19065,736,14,623,16443
19209,1171,718,9,7609,1341
14417,21321,734,6,15873,22433
12057,22478,839,7,11779,837
12344,22116,708,12,12657,22405
29531,2293,842,0,-3369,-6829
6220,25527,730,15,-3220,19257
2221,-5341,712,7,-5783,6999
16218,25048,837,14,-599,-6538
12960,2018,728,8,4995,19556
21352,20158,841,1,21515,20220
14456,20274,744,1,16777,22407
13400,-11417,731,9,-9598,5394
174,11693,709,12,318,14741
20095,22960,841,13,5830,15633
14058,23798,840,5,2535,8047
-9381,-250,747,12,-9381,-250
7737,2422,739,4,5027,20426
-11234,6168,731,14,-11234,6168
13015,26326,843,7,-2762,-9920
25683,-1867,832,2,-965,-1206
