class,state,frequency,frequency_bin,real_center,imag_center,gamma_magnitude,sample_count
0,closed,703.0,703.0,0.3650970458984375,0.6588287353515625,0.7532271605888259,12
0,closed,704.0,704.0,0.36138916015625,0.650726318359375,0.744343245071779,11
0,closed,705.0,705.0,0.3466796875,0.639434814453125,0.7273676427088299,31
0,closed,706.0,706.0,0.3498992919921875,0.6441192626953125,0.7330205584509804,42
0,closed,707.0,707.0,0.353118896484375,0.64886474609375,0.7387275639758201,37
0,closed,708.0,708.0,0.34710693359375,0.61383056640625,0.7051745795216059,46
0,closed,709.0,709.0,0.353790283203125,0.64385986328125,0.73465848394577,45
0,closed,710.0,710.0,0.3547515869140625,0.630462646484375,0.7234167796160991,50
0,closed,711.0,711.0,0.3596343994140625,0.633880615234375,0.7287945771009985,48
0,closed,712.0,712.0,0.361175537109375,0.611175537109375,0.7099178162063399,46
0,closed,713.0,713.0,0.369232177734375,0.65924072265625,0.7555995840938531,51
0,closed,714.0,714.0,0.3604583740234375,0.6038970947265625,0.7032936374110057,50
0,closed,715.0,715.0,0.371337890625,0.628387451171875,0.7299058965401705,59
0,closed,716.0,716.0,0.3763427734375,0.65570068359375,0.756027294205666,53
0,closed,717.0,717.0,0.372833251953125,0.624359130859375,0.7272062692588785,52
0,closed,718.0,718.0,0.3846435546875,0.658477783203125,0.7625900964048363,49
0,closed,719.0,719.0,0.3896942138671875,0.6578826904296875,0.7646379631489463,50
0,closed,720.0,720.0,0.38385009765625,0.6328125,0.7401300950690781,43
0,closed,721.0,721.0,0.3953399658203125,0.6609344482421875,0.770148059432737,54
0,closed,722.0,722.0,0.401641845703125,0.662811279296875,0.7750064284784823,47
0,closed,723.0,723.0,0.3979339599609375,0.643524169921875,0.7566206405880237,54
0,closed,724.0,724.0,0.38043212890625,0.63812255859375,0.7429192449320287,61
0,closed,725.0,725.0,0.3910675048828125,0.6411285400390625,0.7509857510152163,66
0,closed,726.0,726.0,0.380706787109375,0.630401611328125,0.7364399835127363,60
0,closed,727.0,727.0,0.4049072265625,0.655242919921875,0.7702552474539076,65
0,closed,728.0,728.0,0.41546630859375,0.6689910888671875,0.7875032257459155,64
0,closed,729.0,729.0,0.3977813720703125,0.6365203857421875,0.7505919140461903,68
0,closed,730.0,730.0,0.39959716796875,0.6588134765625,0.7705278019312561,79
0,closed,731.0,731.0,0.39642333984375,0.64239501953125,0.7548660977229196,76
0,closed,732.0,732.0,0.396087646484375,0.6475982666015625,0.759123796625346,90
0,closed,733.0,733.0,0.407501220703125,0.662567138671875,0.7778511799324936,87
0,closed,734.0,734.0,0.406585693359375,0.658447265625,0.7738635071209671,101
0,closed,735.0,735.0,0.4058990478515625,0.6516571044921875,0.7677310850043437,104
0,closed,736.0,736.0,0.4095001220703125,0.6569366455078125,0.7741163389224246,100
0,closed,737.0,737.0,0.4122772216796875,0.6467132568359375,0.7669488536292804,102
0,closed,738.0,738.0,0.415069580078125,0.64556884765625,0.7674906470898845,99
0,closed,739.0,739.0,0.4231414794921875,0.66485595703125,0.7880876570958186,102
0,closed,740.0,740.0,0.422332763671875,0.6555023193359375,0.7797744891476748,104
0,closed,741.0,741.0,0.42864990234375,0.6615753173828125,0.7883036466676249,104
0,closed,742.0,742.0,0.42913818359375,0.658477783203125,0.7859723732996248,105
0,closed,743.0,743.0,0.432708740234375,0.6536865234375,0.7839278823967324,101
0,closed,744.0,744.0,0.4364471435546875,0.6585540771484375,0.7900503665247401,108
0,closed,745.0,745.0,0.435882568359375,0.65533447265625,0.7870558331219015,110
0,closed,746.0,746.0,0.4428253173828125,0.6712799072265625,0.8041834215906786,112
0,closed,747.0,747.0,0.443206787109375,0.6617431640625,0.7964523032318154,125
0,closed,748.0,748.0,0.446197509765625,0.667449951171875,0.802858427769419,115
0,closed,824.0,824.0,0.615478515625,0.6365509033203125,0.8854438749654656,224
0,closed,825.0,825.0,0.61407470703125,0.636749267578125,0.8846114263205027,231
0,closed,826.0,826.0,0.614410400390625,0.636444091796875,0.8846249047428617,214
0,closed,827.0,827.0,0.6181640625,0.635040283203125,0.8862296369774648,225
0,closed,828.0,828.0,0.6170654296875,0.63470458984375,0.8852229441695136,216
0,closed,829.0,829.0,0.621337890625,0.6324920654296875,0.8866267462454742,210
0,closed,830.0,830.0,0.62872314453125,0.63348388671875,0.8925214995738519,213
0,closed,831.0,831.0,0.623779296875,0.63238525390625,0.8882633171351509,231
0,closed,832.0,832.0,0.622650146484375,0.632537841796875,0.8875794760031701,251
0,closed,833.0,833.0,0.6251068115234375,0.631439208984375,0.8885234945997835,234
0,closed,834.0,834.0,0.62445068359375,0.63043212890625,0.8873462263389462,237
0,closed,835.0,835.0,0.626495361328125,0.62982177734375,0.8883534820003229,243
0,closed,836.0,836.0,0.6308441162109375,0.629119873046875,0.8909299151002142,244
0,closed,837.0,837.0,0.62872314453125,0.6296234130859375,0.8897856116926415,254
0,closed,838.0,838.0,0.6224365234375,0.6284942626953125,0.8845520131399204,280
0,closed,839.0,839.0,0.629852294921875,0.6285400390625,0.8898182365646602,291
0,closed,840.0,840.0,0.6237335205078125,0.626861572265625,0.8843070368307612,284
0,closed,841.0,841.0,0.62957763671875,0.6279296875,0.8891927198870974,283
0,closed,842.0,842.0,0.63055419921875,0.6258544921875,0.8884213209641428,271
0,closed,843.0,843.0,0.622589111328125,0.626007080078125,0.8828941419288523,307
0,closed,844.0,844.0,0.6221466064453125,0.6265106201171875,0.882939384686764,306
0,closed,845.0,845.0,0.631256103515625,0.626220703125,0.8891775060403287,302
0,closed,846.0,846.0,0.633056640625,0.6233673095703125,0.8884523132280878,300
0,closed,847.0,847.0,0.634429931640625,0.625091552734375,0.8906406612441407,299
0,closed,848.0,848.0,0.632965087890625,0.622833251953125,0.8880124223381627,315
0,closed,849.0,849.0,0.6346282958984375,0.623870849609375,0.8899257895730847,308
1,closed,703.0,703.0,0.28509521484375,0.573211669921875,0.640195985664881,63
1,closed,704.0,704.0,0.3086700439453125,0.5204010009765625,0.6050573508739558,66
1,closed,705.0,705.0,0.3097991943359375,0.54425048828125,0.6262460657006756,50
1,closed,706.0,706.0,0.315185546875,0.527374267578125,0.6143822483295368,53
1,closed,707.0,707.0,0.301971435546875,0.573883056640625,0.6484816964151164,53
1,closed,708.0,708.0,0.33489990234375,0.57513427734375,0.6655354097007693,53
1,closed,709.0,709.0,0.30242919921875,0.582733154296875,0.6565373939516925,65
1,closed,710.0,710.0,0.307891845703125,0.54766845703125,0.6282818853647358,65
1,closed,711.0,711.0,0.34765625,0.530303955078125,0.6341034244786606,41
1,closed,712.0,712.0,0.365631103515625,0.572784423828125,0.679535208828925,41
1,closed,713.0,713.0,0.428192138671875,0.58087158203125,0.7216372374204933,27
1,closed,714.0,714.0,0.373931884765625,0.568115234375,0.6801323209297834,41
1,closed,715.0,715.0,0.3370361328125,0.555572509765625,0.6498108712760049,32
1,closed,716.0,716.0,0.300689697265625,0.59405517578125,0.6658196797288175,26
1,closed,717.0,717.0,0.2926025390625,0.57745361328125,0.6473553285154864,25
1,closed,718.0,718.0,0.30780029296875,0.580230712890625,0.6568170982345171,29
1,closed,719.0,719.0,0.3133392333984375,0.5504608154296875,0.6333944935900825,26
1,closed,720.0,720.0,0.3023223876953125,0.50262451171875,0.5865408987294123,24
1,closed,721.0,721.0,0.319549560546875,0.5938873291015625,0.6743990519811609,24
1,closed,722.0,722.0,0.32281494140625,0.523162841796875,0.6147429100299593,21
1,closed,723.0,723.0,0.327178955078125,0.503387451171875,0.6003707143451708,23
1,closed,724.0,724.0,0.3309326171875,0.592193603515625,0.6783875449648156,23
1,closed,725.0,725.0,0.3334503173828125,0.5702667236328125,0.660600673815582,26
1,closed,726.0,726.0,0.344940185546875,0.6107635498046875,0.7014384116764176,12
1,closed,727.0,727.0,0.33880615234375,0.510040283203125,0.6123158493423964,15
1,closed,728.0,728.0,0.3342437744140625,0.513885498046875,0.6130230059609864,10
1,closed,729.0,729.0,0.33843994140625,0.5494537353515625,0.645322400998796,28
1,closed,730.0,730.0,0.3312530517578125,0.55322265625,0.644813067242879,26
1,closed,731.0,731.0,0.344757080078125,0.526611328125,0.6294258774260645,25
1,closed,732.0,732.0,0.3551177978515625,0.5561065673828125,0.6598205548762768,26
1,closed,733.0,733.0,0.3515472412109375,0.607025146484375,0.7014734430236101,26
1,closed,734.0,734.0,0.317413330078125,0.605712890625,0.683841595678837,11
1,closed,735.0,735.0,0.3338470458984375,0.601593017578125,0.6880174480737153,12
1,closed,736.0,736.0,0.3324127197265625,0.6053314208984375,0.6905970933640914,14
1,closed,737.0,737.0,0.331390380859375,0.5565338134765625,0.647726385188134,14
1,closed,738.0,738.0,0.339691162109375,0.605010986328125,0.6938504011622018,13
1,closed,739.0,739.0,0.339263916015625,0.52093505859375,0.6216697997991625,15
1,closed,740.0,740.0,0.3590545654296875,0.5194549560546875,0.6314694231122193,12
1,closed,741.0,741.0,0.362396240234375,0.569061279296875,0.6746567827651382,12
1,closed,742.0,742.0,0.3462371826171875,0.5257720947265625,0.6295367203109323,12
1,closed,743.0,743.0,0.318115234375,0.524810791015625,0.6136967237226439,25
1,closed,744.0,744.0,0.317962646484375,0.538299560546875,0.6251932992637608,27
1,closed,745.0,745.0,0.333465576171875,0.54266357421875,0.636932528040066,27
1,closed,746.0,746.0,0.2840576171875,0.4906768798828125,0.5669678388883909,12
1,closed,747.0,747.0,0.294647216796875,0.659088134765625,0.7219516270187188,11
1,closed,748.0,748.0,0.2550048828125,0.580902099609375,0.634408968717181,10
1,closed,824.0,824.0,0.429473876953125,0.71014404296875,0.8299110631562576,287
1,closed,825.0,825.0,0.429351806640625,0.708953857421875,0.8288296241200147,268
1,closed,826.0,826.0,0.43023681640625,0.70806884765625,0.8285319614913085,265
1,closed,827.0,827.0,0.423492431640625,0.7086944580078125,0.8255868667002138,234
1,closed,828.0,828.0,0.43853759765625,0.710601806640625,0.835027036783262,209
1,closed,829.0,829.0,0.438995361328125,0.70465087890625,0.8302106891692985,221
1,closed,830.0,830.0,0.4370269775390625,0.7075347900390625,0.8316237479849578,230
1,closed,831.0,831.0,0.442138671875,0.70947265625,0.8359653432612022,207
1,closed,832.0,832.0,0.4408111572265625,0.7064666748046875,0.8327122185635403,218
1,closed,833.0,833.0,0.441436767578125,0.70037841796875,0.8278866758960629,253
1,closed,834.0,834.0,0.4452972412109375,0.7058868408203125,0.8346052151007404,264
1,closed,835.0,835.0,0.45001220703125,0.7083282470703125,0.8391900214342627,242
1,closed,836.0,836.0,0.4432373046875,0.710205078125,0.8371681797949424,277
1,closed,837.0,837.0,0.4483642578125,0.704620361328125,0.8351768443161792,289
1,closed,838.0,838.0,0.450836181640625,0.7059478759765625,0.8376250153094276,286
1,closed,839.0,839.0,0.44769287109375,0.7107696533203125,0.8400133373400939,334
1,closed,840.0,840.0,0.4471282958984375,0.705352783203125,0.8351324815653115,342
1,closed,841.0,841.0,0.45361328125,0.7059326171875,0.8391101649578468,344
1,closed,842.0,842.0,0.4505157470703125,0.7086639404296875,0.8397434244003662,372
1,closed,843.0,843.0,0.4512939453125,0.705078125,0.83713881013201,387
1,closed,844.0,844.0,0.456573486328125,0.706634521484375,0.8413035690945749,383
1,closed,845.0,845.0,0.45904541015625,0.704681396484375,0.8410104393743806,399
1,closed,846.0,846.0,0.46868896484375,0.705413818359375,0.8469226652408467,369
1,closed,847.0,847.0,0.4651336669921875,0.704803466796875,0.8444508600140643,384
1,closed,848.0,848.0,0.46563720703125,0.7098388671875,0.8489341705585283,439
1,closed,849.0,849.0,0.469146728515625,0.70880126953125,0.849998760332052,467
2,closed,703.0,703.0,0.3274688720703125,0.5763702392578125,0.6629015876260297,40
2,closed,704.0,704.0,0.3366546630859375,0.578704833984375,0.6695040306483517,38
2,closed,705.0,705.0,0.3346099853515625,0.6373291015625,0.7198279141540957,40
2,closed,706.0,706.0,0.31597900390625,0.5951080322265625,0.6737924761602472,20
2,closed,707.0,707.0,0.3009033203125,0.5611572265625,0.6367418951964791,25
2,closed,708.0,708.0,0.293182373046875,0.529144287109375,0.6049376665788679,11
2,closed,709.0,709.0,0.3104095458984375,0.5824432373046875,0.659995614278488,14
2,closed,710.0,710.0,0.3118743896484375,0.62994384765625,0.7029188332364884,12
2,closed,711.0,711.0,0.31610107421875,0.6146240234375,0.6911458451794008,38
2,closed,712.0,712.0,0.31756591796875,0.55633544921875,0.6405913239443407,35
2,closed,713.0,713.0,0.3186492919921875,0.58685302734375,0.667782784286662,46
2,closed,714.0,714.0,0.32275390625,0.564208984375,0.6500014323438855,55
2,closed,715.0,715.0,0.322509765625,0.6181640625,0.6972369447253899,51
2,closed,716.0,716.0,0.338470458984375,0.576751708984375,0.6687337178739312,71
2,closed,717.0,717.0,0.3383331298828125,0.5815582275390625,0.6728144460359603,62
2,closed,718.0,718.0,0.3502655029296875,0.582763671875,0.6799260399483311,62
2,closed,719.0,719.0,0.351654052734375,0.606719970703125,0.7012629290462398,63
2,closed,720.0,720.0,0.3485260009765625,0.5693206787109375,0.6675300806440092,62
2,closed,721.0,721.0,0.353790283203125,0.5897216796875,0.687705768466714,57
2,closed,722.0,722.0,0.3665313720703125,0.5894317626953125,0.6941001725873932,66
2,closed,723.0,723.0,0.366485595703125,0.589080810546875,0.6937779855345928,65
2,closed,724.0,724.0,0.3926849365234375,0.5734405517578125,0.6950075724571068,50
2,closed,725.0,725.0,0.3858795166015625,0.5884857177734375,0.7037175863625788,48
2,closed,726.0,726.0,0.3695526123046875,0.624298095703125,0.7254772536473951,62
2,closed,727.0,727.0,0.3727569580078125,0.58843994140625,0.6965696766192374,60
2,closed,728.0,728.0,0.374114990234375,0.594757080078125,0.7026364708874168,65
2,closed,729.0,729.0,0.380584716796875,0.58612060546875,0.6988433950567263,65
2,closed,730.0,730.0,0.385589599609375,0.593292236328125,0.7075839293074326,53
2,closed,731.0,731.0,0.39178466796875,0.585235595703125,0.7042697839133631,51
2,closed,732.0,732.0,0.384765625,0.593414306640625,0.7072376725736649,41
2,closed,733.0,733.0,0.408721923828125,0.59033203125,0.7180149846190639,42
2,closed,734.0,734.0,0.398101806640625,0.59490966796875,0.7158229959237256,43
2,closed,735.0,735.0,0.401641845703125,0.589691162109375,0.7134786884621839,39
2,closed,736.0,736.0,0.406036376953125,0.6025390625,0.726580251071827,35
2,closed,737.0,737.0,0.417724609375,0.602874755859375,0.7334519892467382,40
2,closed,738.0,738.0,0.41461181640625,0.593170166015625,0.7237083695486007,35
2,closed,739.0,739.0,0.39764404296875,0.59820556640625,0.7183109943387721,40
2,closed,740.0,740.0,0.406585693359375,0.598419189453125,0.7234759514664318,37
2,closed,741.0,741.0,0.42071533203125,0.601409912109375,0.7339586316609207,35
2,closed,742.0,742.0,0.4019012451171875,0.5955047607421875,0.718436170368221,44
2,closed,743.0,743.0,0.421051025390625,0.597686767578125,0.7311042594052399,39
2,closed,744.0,744.0,0.4329376220703125,0.6025390625,0.7419489918062263,42
2,closed,745.0,745.0,0.493408203125,0.5959625244140625,0.7737072995758947,26
2,closed,746.0,746.0,0.424774169921875,0.593597412109375,0.7299253270683003,43
2,closed,747.0,747.0,0.4154205322265625,0.5962982177734375,0.726736391764702,40
2,closed,748.0,748.0,0.419036865234375,0.599945068359375,0.7317964057538046,41
2,closed,824.0,824.0,0.466827392578125,0.6510162353515625,0.8010929741001427,138
2,closed,825.0,825.0,0.459014892578125,0.6512451171875,0.7967527058435812,169
2,closed,826.0,826.0,0.470123291015625,0.67413330078125,0.8218708024851505,165
2,closed,827.0,827.0,0.471099853515625,0.67425537109375,0.822529864157657,206
2,closed,828.0,828.0,0.46673583984375,0.6790771484375,0.8240073529554558,219
2,closed,829.0,829.0,0.473876953125,0.6795806884765625,0.8284861367900564,216
2,closed,830.0,830.0,0.4765625,0.68218994140625,0.8321628041207518,226
2,closed,831.0,831.0,0.470916748046875,0.679290771484375,0.8265582470793461,253
2,closed,832.0,832.0,0.481109619140625,0.6866607666015625,0.8384327486563742,252
2,closed,833.0,833.0,0.487518310546875,0.68927001953125,0.8442554488678702,247
2,closed,834.0,834.0,0.48480224609375,0.6821746826171875,0.8368963588290999,250
2,closed,835.0,835.0,0.48443603515625,0.683197021484375,0.8375180250735079,263
2,closed,836.0,836.0,0.490966796875,0.681976318359375,0.8403214232879613,260
2,closed,837.0,837.0,0.493804931640625,0.6827392578125,0.8426008572693038,237
2,closed,838.0,838.0,0.49285888671875,0.6906585693359375,0.8484804898256705,232
2,closed,839.0,839.0,0.496856689453125,0.689727783203125,0.8500535187719748,239
2,closed,840.0,840.0,0.497802734375,0.691986083984375,0.852439031707991,251
2,closed,841.0,841.0,0.50384521484375,0.692138671875,0.8561050996377918,275
2,closed,842.0,842.0,0.504730224609375,0.6917724609375,0.856330390296733,296
2,closed,843.0,843.0,0.497955322265625,0.69354248046875,0.8537919390503806,291
2,closed,844.0,844.0,0.4834442138671875,0.6967315673828125,0.8480290000403132,268
2,closed,845.0,845.0,0.496307373046875,0.69775390625,0.8562601954008044,291
2,closed,846.0,846.0,0.506591796875,0.693695068359375,0.8589808475904217,309
2,closed,847.0,847.0,0.499969482421875,0.69586181640625,0.8568507168027597,318
2,closed,848.0,848.0,0.4514617919921875,0.6923065185546875,0.8265023080803278,346
2,closed,849.0,849.0,0.4937591552734375,0.6935882568359375,0.8513887322704318,330
3,closed,703.0,703.0,0.247955322265625,0.5418701171875,0.595906927078923,25
3,closed,704.0,704.0,0.2701873779296875,0.4760284423828125,0.5473612126831116,28
3,closed,705.0,705.0,0.27508544921875,0.550048828125,0.6150005834904283,25
3,closed,706.0,706.0,0.2774658203125,0.424530029296875,0.5071617367433136,27
3,closed,707.0,707.0,0.2619781494140625,0.429779052734375,0.5033314861397741,26
3,closed,708.0,708.0,0.267578125,0.4454345703125,0.5196248737387358,28
3,closed,709.0,709.0,0.292022705078125,0.54913330078125,0.6219522829832337,13
3,closed,710.0,710.0,0.2796630859375,0.5613250732421875,0.6271341798103758,14
3,closed,711.0,711.0,0.29083251953125,0.579345703125,0.6482476364371069,12
3,closed,712.0,712.0,0.3050537109375,0.454986572265625,0.5477869544802638,15
3,closed,713.0,713.0,0.2877960205078125,0.5124359130859375,0.5877219703570318,12
3,closed,715.0,715.0,0.283721923828125,0.5169677734375,0.5897065446759588,15
3,closed,716.0,716.0,0.2750244140625,0.3853759765625,0.4734480664676137,13
3,closed,717.0,717.0,0.27899169921875,0.40399169921875,0.49096401219500646,11
3,closed,718.0,718.0,0.28887939453125,0.531646728515625,0.6050616072154209,11
3,closed,719.0,719.0,0.287139892578125,0.415740966796875,0.505262178856658,11
3,closed,720.0,720.0,0.2800140380859375,0.41607666015625,0.5015253220446325,12
3,closed,721.0,721.0,0.291412353515625,0.5551910400390625,0.6270233255000738,12
3,closed,722.0,722.0,0.3077239990234375,0.49249267578125,0.5807263514540665,14
3,closed,723.0,723.0,0.28582763671875,0.4407958984375,0.5253555576859814,15
3,closed,724.0,724.0,0.2880706787109375,0.5029296875,0.5795886355871963,12
3,closed,725.0,725.0,0.317901611328125,0.5704803466796875,0.6530767645788623,12
3,closed,726.0,726.0,0.307525634765625,0.51116943359375,0.5965452253421829,14
3,closed,727.0,727.0,0.300445556640625,0.4598388671875,0.5492898290350717,15
3,closed,728.0,728.0,0.3285064697265625,0.458404541015625,0.5639603034575703,12
3,closed,730.0,730.0,0.2322540283203125,0.4661407470703125,0.520796629933683,14
3,closed,731.0,731.0,0.2151947021484375,0.4733428955078125,0.5199637069647022,14
3,closed,732.0,732.0,0.219879150390625,0.602142333984375,0.6410321607787348,10
3,closed,733.0,733.0,0.2476654052734375,0.4782867431640625,0.5386059428336657,14
3,closed,734.0,734.0,0.27178955078125,0.580535888671875,0.6410081730757552,13
3,closed,735.0,735.0,0.2353973388671875,0.500885009765625,0.5534416863172341,14
3,closed,736.0,736.0,0.2674560546875,0.60101318359375,0.6578370528044902,12
3,closed,737.0,737.0,0.248748779296875,0.5142059326171875,0.5712124791532456,16
3,closed,738.0,738.0,0.2727813720703125,0.593597412109375,0.653274494076961,24
3,closed,739.0,739.0,0.260589599609375,0.5867919921875,0.6420527871755947,27
3,closed,740.0,740.0,0.26593017578125,0.592926025390625,0.6498308472030014,29
3,closed,741.0,741.0,0.25177001953125,0.446868896484375,0.5129132025790807,25
3,closed,742.0,742.0,0.245697021484375,0.61688232421875,0.6640111657945372,23
3,closed,743.0,743.0,0.287689208984375,0.411102294921875,0.5017670553714021,11
3,closed,744.0,744.0,0.246429443359375,0.5378875732421875,0.591650667203867,12
3,closed,745.0,745.0,0.251495361328125,0.6321563720703125,0.680346673041519,12
3,closed,746.0,746.0,0.25201416015625,0.620086669921875,0.6693419269208081,15
3,closed,747.0,747.0,0.30126953125,0.633697509765625,0.7016664908222061,12
3,closed,748.0,748.0,0.273162841796875,0.6278076171875,0.6846607498149657,13
3,closed,824.0,824.0,0.3433380126953125,0.6432342529296875,0.7291305062220205,330
3,closed,825.0,825.0,0.34423828125,0.64837646484375,0.7340926606643283,353
3,closed,826.0,826.0,0.351043701171875,0.68548583984375,0.7701444778473322,351
3,closed,827.0,827.0,0.3566131591796875,0.6815948486328125,0.7692492983311091,404
3,closed,828.0,828.0,0.353515625,0.665069580078125,0.753187123804194,461
3,closed,829.0,829.0,0.360015869140625,0.667266845703125,0.7581928972284544,470
3,closed,830.0,830.0,0.3634490966796875,0.679840087890625,0.7708941503088563,468
3,closed,831.0,831.0,0.363037109375,0.67681884765625,0.768036259121983,516
3,closed,832.0,832.0,0.3697509765625,0.67724609375,0.7716074495289403,493
3,closed,833.0,833.0,0.3778839111328125,0.692291259765625,0.7887099838602953,490
3,closed,834.0,834.0,0.373321533203125,0.689544677734375,0.7841178672527077,500
3,closed,835.0,835.0,0.381591796875,0.7011260986328125,0.7982418841594067,502
3,closed,836.0,836.0,0.3747711181640625,0.675140380859375,0.7721838672731279,482
3,closed,837.0,837.0,0.387847900390625,0.6856689453125,0.7877613194384275,510
3,closed,838.0,838.0,0.3890380859375,0.692169189453125,0.7940080724640711,453
3,closed,839.0,839.0,0.3949737548828125,0.677764892578125,0.7844549169057872,438
3,closed,840.0,840.0,0.3915252685546875,0.6818695068359375,0.7862811585365026,396
3,closed,841.0,841.0,0.3994598388671875,0.6890716552734375,0.7964847198591286,404
3,closed,842.0,842.0,0.402618408203125,0.6866912841796875,0.7960191595636166,382
3,closed,843.0,843.0,0.41064453125,0.68743896484375,0.8007504364225965,361
3,closed,844.0,844.0,0.4146270751953125,0.683441162109375,0.799379405257874,394
3,closed,845.0,845.0,0.414031982421875,0.68408203125,0.7996191017899171,363
3,closed,846.0,846.0,0.4222412109375,0.6893310546875,0.8083717852390369,353
3,closed,847.0,847.0,0.422027587890625,0.684600830078125,0.804229806388968,323
3,closed,848.0,848.0,0.42840576171875,0.68902587890625,0.8113495907907717,255
3,closed,849.0,849.0,0.42950439453125,0.683197021484375,0.80698958796677,255
4,closed,703.0,703.0,0.27313232421875,0.323638916015625,0.4234895683401247,15
4,closed,704.0,704.0,0.2518463134765625,0.47052001953125,0.5336812291915679,8
4,closed,705.0,705.0,0.2972869873046875,0.4755706787109375,0.5608449190910791,12
4,closed,706.0,706.0,0.304840087890625,0.492828369140625,0.5794888097409406,11
4,closed,707.0,707.0,0.505401611328125,0.5423583984375,0.7413389380632553,27
4,closed,708.0,708.0,0.30908203125,0.33837890625,0.45829246801204604,11
4,closed,713.0,713.0,0.5345001220703125,0.55419921875,0.7699526963108119,14
4,closed,715.0,715.0,0.2231597900390625,0.4876708984375,0.5363051342968077,10
4,closed,716.0,716.0,0.22735595703125,0.233917236328125,0.32620239828821535,11
4,closed,717.0,717.0,0.209442138671875,0.261077880859375,0.334705347022528,13
4,closed,718.0,718.0,0.218109130859375,0.26971435546875,0.3468680246291883,13
4,closed,719.0,719.0,0.1953887939453125,0.3988800048828125,0.4441644279934136,10
4,closed,720.0,720.0,0.234893798828125,0.38232421875,0.4487169541823726,14
4,closed,721.0,721.0,0.2190399169921875,0.3998870849609375,0.4559475473719542,14
4,closed,722.0,722.0,0.19757080078125,0.465301513671875,0.5055093668238824,13
4,closed,723.0,723.0,0.20355224609375,0.473602294921875,0.5154926290889883,15
4,closed,724.0,724.0,0.528961181640625,0.542205810546875,0.7574873415928743,26
4,closed,725.0,725.0,0.203033447265625,0.2596435546875,0.32960181461776594,15
4,closed,726.0,726.0,0.53125,0.547698974609375,0.7630207921729006,27
4,closed,727.0,727.0,0.195556640625,0.2667236328125,0.33073236308718373,12
4,closed,728.0,728.0,0.538604736328125,0.54376220703125,0.7653576940167159,25
4,closed,729.0,729.0,0.2146759033203125,0.4083404541015625,0.46133249389378855,16
4,closed,732.0,732.0,0.547210693359375,0.56494140625,0.7865102258855733,13
4,closed,733.0,733.0,0.5603485107421875,0.54779052734375,0.7836229420700566,14
4,closed,734.0,734.0,0.560211181640625,0.54840087890625,0.783951587803949,13
4,closed,735.0,735.0,0.54229736328125,0.544677734375,0.7686093055289398,27
4,closed,736.0,736.0,0.5438232421875,0.5435028076171875,0.7688556565644099,30
4,closed,737.0,737.0,0.263580322265625,0.490509033203125,0.5568426150534055,15
4,closed,738.0,738.0,0.2635498046875,0.4196319580078125,0.4955294943111761,10
4,closed,739.0,739.0,0.2642669677734375,0.3103790283203125,0.4076422101270039,14
4,closed,740.0,740.0,0.295562744140625,0.295745849609375,0.41811833646123153,11
4,closed,741.0,741.0,0.255889892578125,0.30010986328125,0.39439265607048885,29
4,closed,742.0,742.0,0.256256103515625,0.29730224609375,0.3924994472880177,26
4,closed,743.0,743.0,0.2458953857421875,0.3976593017578125,0.4675440738623581,38
4,closed,744.0,744.0,0.24530029296875,0.493316650390625,0.5509387908680788,37
4,closed,745.0,745.0,0.248443603515625,0.309356689453125,0.3967691840821642,51
4,closed,746.0,746.0,0.275970458984375,0.2430419921875,0.3677351005799085,47
4,closed,747.0,747.0,0.2470703125,0.515594482421875,0.5717354367386447,41
4,closed,748.0,748.0,0.2649383544921875,0.3230438232421875,0.41779138743631095,50
4,closed,824.0,824.0,0.3331451416015625,0.333953857421875,0.4717105725544798,78
4,closed,825.0,825.0,0.360137939453125,0.262451171875,0.4456231065060513,63
4,closed,826.0,826.0,0.292510986328125,0.591583251953125,0.6599495595226101,49
4,closed,827.0,827.0,0.3987274169921875,0.310211181640625,0.5051876188864238,52
4,closed,828.0,828.0,0.303955078125,0.59820556640625,0.6709982035724069,50
4,closed,829.0,829.0,0.301361083984375,0.45111083984375,0.5425122051758569,34
4,closed,830.0,830.0,0.386871337890625,0.461883544921875,0.6024996607060288,28
4,closed,831.0,831.0,0.3215789794921875,0.4695892333984375,0.5691459287168529,26
5,closed,703.0,703.0,0.140716552734375,0.114501953125,0.18141622166412197,27
5,closed,704.0,704.0,0.452117919921875,0.250244140625,0.5167521102343248,47
5,closed,705.0,705.0,0.3678436279296875,0.2468414306640625,0.44298942030341487,38
5,closed,706.0,706.0,0.3144989013671875,0.2635498046875,0.410326770406206,44
5,closed,707.0,707.0,0.322998046875,0.2630615234375,0.4165682457873176,35
5,closed,708.0,708.0,0.290924072265625,0.263519287109375,0.3925292734335209,37
5,closed,709.0,709.0,0.314117431640625,0.178955078125,0.3615171930174657,26
5,closed,710.0,710.0,0.44097900390625,0.18804931640625,0.47940069596007717,15
5,closed,711.0,711.0,0.10565185546875,0.070098876953125,0.12679182589614757,15
5,closed,712.0,712.0,0.525848388671875,0.09490966796875,0.5343448071636382,27
5,closed,713.0,713.0,0.12371826171875,0.108673095703125,0.16466951755686202,35
5,closed,714.0,714.0,0.5009918212890625,0.1103515625,0.5130012401005707,80
5,closed,715.0,715.0,0.16192626953125,0.12933349609375,0.20723723115342732,75
5,closed,716.0,716.0,0.48089599609375,0.11810302734375,0.4951861105955604,77
5,closed,717.0,717.0,0.314300537109375,0.136566162109375,0.3426881151433847,52
5,closed,718.0,718.0,0.4774627685546875,0.125213623046875,0.4936082928319094,54
5,closed,719.0,719.0,0.567535400390625,-0.0899658203125,0.5746218578517946,11
5,closed,720.0,720.0,0.5933380126953125,0.054473876953125,0.5958333664536815,64
5,closed,721.0,721.0,0.144805908203125,0.0928955078125,0.17204164153562973,121
5,closed,722.0,722.0,0.143218994140625,0.073455810546875,0.1609578714625376,103
5,closed,723.0,723.0,0.32379150390625,0.104705810546875,0.3403002273936196,108
5,closed,724.0,724.0,0.1597137451171875,0.0912322998046875,0.18393426246083222,92
5,closed,725.0,725.0,0.14892578125,0.0703125,0.16468981746657216,55
5,closed,726.0,726.0,0.5714874267578125,0.0648651123046875,0.575156814909261,30
5,closed,727.0,727.0,0.15045166015625,0.058807373046875,0.161536401991768,25
5,closed,728.0,728.0,0.15863037109375,0.0797119140625,0.17753192354291727,55
5,closed,729.0,729.0,0.53857421875,0.10040283203125,0.54785300745918,77
5,closed,730.0,730.0,0.568206787109375,0.055023193359375,0.5708646991403671,63
5,closed,731.0,731.0,0.515716552734375,0.0804443359375,0.5219529231153445,91
5,closed,732.0,732.0,0.504638671875,0.067901611328125,0.5091864275221009,117
5,closed,733.0,733.0,0.52996826171875,0.099334716796875,0.539197314895307,87
5,closed,734.0,734.0,0.5084228515625,0.0972900390625,0.5176477061590505,77
5,closed,735.0,735.0,0.52947998046875,0.077056884765625,0.5350577662336756,45
5,closed,736.0,736.0,0.52325439453125,0.10186767578125,0.5330780287775316,49
5,closed,737.0,737.0,0.58135986328125,0.136932373046875,0.5972685873396008,37
5,closed,738.0,738.0,0.3385772705078125,0.096893310546875,0.35216882561245194,46
5,closed,739.0,739.0,0.5597381591796875,0.1048126220703125,0.5694668494189274,50
5,closed,740.0,740.0,0.544097900390625,0.124176025390625,0.5580879952940214,64
5,closed,741.0,741.0,0.3646697998046875,0.049652099609375,0.36803450094415086,60
5,closed,742.0,742.0,0.6138916015625,0.053314208984375,0.6162023233878633,71
5,closed,743.0,743.0,0.1818695068359375,0.07708740234375,0.19753223817102442,88
5,closed,744.0,744.0,0.586334228515625,0.069671630859375,0.5904591126196785,107
5,closed,745.0,745.0,0.203826904296875,0.067169189453125,0.21460919581191584,105
5,closed,746.0,746.0,0.589630126953125,0.0862579345703125,0.5959061317750427,170
5,closed,747.0,747.0,0.5283203125,0.0787353515625,0.5341550413370336,163
5,closed,748.0,748.0,0.20068359375,0.068511962890625,0.21205611016790207,171
6,closed,703.0,703.0,0.229248046875,0.3094635009765625,0.38512637592441407,28
6,closed,704.0,704.0,0.500885009765625,0.528289794921875,0.7279944370848633,41
6,closed,705.0,705.0,0.34075927734375,0.460968017578125,0.5732437512313077,37
6,closed,706.0,706.0,0.33270263671875,0.51025390625,0.609138812852204,39
6,closed,707.0,707.0,0.251556396484375,0.244384765625,0.3507200226416939,25
6,closed,708.0,708.0,0.341796875,0.525421142578125,0.6268113598427105,40
6,closed,709.0,709.0,0.309722900390625,0.489837646484375,0.579542228780382,37
6,closed,710.0,710.0,0.2263031005859375,0.195037841796875,0.29875215993795223,26
6,closed,711.0,711.0,0.5140838623046875,0.5358123779296875,0.7425477236008277,26
6,closed,712.0,712.0,0.471099853515625,0.469146728515625,0.664856168550279,39
6,closed,713.0,713.0,0.236175537109375,0.264190673828125,0.3543664719843858,25
6,closed,714.0,714.0,0.39129638671875,0.476104736328125,0.6162698939695359,42
6,closed,715.0,715.0,0.3854217529296875,0.5305023193359375,0.6557306142404837,40
6,closed,716.0,716.0,0.401519775390625,0.479461669921875,0.6253811821233598,37
6,closed,717.0,717.0,0.35333251953125,0.42205810546875,0.5504333872051836,49
6,closed,718.0,718.0,0.275787353515625,0.2979736328125,0.40601348525711667,26
6,closed,719.0,719.0,0.288421630859375,0.26177978515625,0.3895069871825588,24
6,closed,720.0,720.0,0.4969482421875,0.4802398681640625,0.691077337486538,38
6,closed,721.0,721.0,0.369110107421875,0.4011993408203125,0.5451634456524405,50
6,closed,722.0,722.0,0.357818603515625,0.433746337890625,0.5622899951585483,50
6,closed,723.0,723.0,0.346710205078125,0.40301513671875,0.5316287865886762,58
6,closed,724.0,724.0,0.299530029296875,0.3111419677734375,0.4318883681699631,60
6,closed,725.0,725.0,0.295928955078125,0.3309478759765625,0.443959956603103,84
6,closed,726.0,726.0,0.289306640625,0.34063720703125,0.44691390571761536,84
6,closed,727.0,727.0,0.29962158203125,0.287445068359375,0.4152080920972457,85
6,closed,728.0,728.0,0.28729248046875,0.3178253173828125,0.4284272420182598,102
6,closed,729.0,729.0,0.283203125,0.362579345703125,0.4600736809906342,93
6,closed,730.0,730.0,0.313201904296875,0.3997802734375,0.5078579524679624,95
6,closed,731.0,731.0,0.291351318359375,0.3326416015625,0.44219455650178563,76
6,closed,732.0,732.0,0.292022705078125,0.344970703125,0.4519757142764448,79
6,closed,733.0,733.0,0.2943878173828125,0.33026123046875,0.4424213685776818,102
6,closed,734.0,734.0,0.2803192138671875,0.307464599609375,0.41606891457554396,112
6,closed,735.0,735.0,0.2888641357421875,0.31817626953125,0.4297425129201247,130
6,closed,736.0,736.0,0.288787841796875,0.302734375,0.4183856108619625,134
6,closed,737.0,737.0,0.299896240234375,0.382354736328125,0.48593507724722235,161
6,closed,738.0,738.0,0.286529541015625,0.314361572265625,0.4253497102290543,141
6,closed,739.0,739.0,0.2784881591796875,0.3420867919921875,0.4411111289219499,156
6,closed,740.0,740.0,0.29022216796875,0.282562255859375,0.4050559655366407,129
6,closed,741.0,741.0,0.2585601806640625,0.357635498046875,0.44131226641491506,154
6,closed,742.0,742.0,0.28173828125,0.34765625,0.447483326265646,171
6,closed,743.0,743.0,0.286407470703125,0.2957611083984375,0.4117084800142374,236
6,closed,744.0,744.0,0.28302001953125,0.28021240234375,0.39827041301448035,215
6,closed,745.0,745.0,0.271575927734375,0.320343017578125,0.419968014777132,217
6,closed,746.0,746.0,0.2587738037109375,0.2864532470703125,0.3860302374738957,210
6,closed,747.0,747.0,0.246063232421875,0.25274658203125,0.35274346071668156,195
6,closed,748.0,748.0,0.225921630859375,0.3543701171875,0.420260351741206,213
7,closed,703.0,703.0,0.271148681640625,0.119842529296875,0.2964520861517445,95
7,closed,704.0,704.0,0.5760345458984375,0.08013916015625,0.5815823957608829,88
7,closed,705.0,705.0,0.253387451171875,0.115936279296875,0.2786510744077301,97
7,closed,706.0,706.0,0.255889892578125,0.096588134765625,0.27351216591067185,87
7,closed,707.0,707.0,0.3848419189453125,0.0664520263671875,0.3905370333090267,106
7,closed,708.0,708.0,0.230926513671875,0.094757080078125,0.2496116161992043,86
7,closed,709.0,709.0,0.28546142578125,0.0948486328125,0.30080639746432347,127
7,closed,710.0,710.0,0.2569580078125,0.0894775390625,0.27209124898763287,125
7,closed,711.0,711.0,0.228057861328125,0.073944091796875,0.23974594224975523,113
7,closed,712.0,712.0,0.205841064453125,0.028045654296875,0.20774287602739927,110
7,closed,713.0,713.0,0.610198974609375,0.115814208984375,0.6210923599731437,117
7,closed,714.0,714.0,0.601806640625,0.03778076171875,0.6029913918592842,109
7,closed,715.0,715.0,0.204376220703125,0.08489990234375,0.22130890855740704,131
7,closed,716.0,716.0,0.191253662109375,0.026641845703125,0.1931003656462517,113
7,closed,717.0,717.0,0.6097412109375,0.07403564453125,0.6142195218134039,104
7,closed,718.0,718.0,0.25616455078125,0.0372467041015625,0.25885825086983216,60
7,closed,719.0,719.0,0.6510772705078125,0.09417724609375,0.6578533011650135,92
7,closed,720.0,720.0,0.6417388916015625,0.0537261962890625,0.6439839354841803,128
7,closed,721.0,721.0,0.6124725341796875,0.0925140380859375,0.6194202550510072,142
7,closed,722.0,722.0,0.25146484375,0.088714599609375,0.26665492274860336,137
7,closed,723.0,723.0,0.583251953125,0.078277587890625,0.5884812839760512,119
7,closed,724.0,724.0,0.63311767578125,0.086578369140625,0.6390100197881895,121
7,closed,725.0,725.0,0.59869384765625,0.070556640625,0.6028370947094501,117
7,closed,726.0,726.0,0.61724853515625,0.053436279296875,0.6195572532846582,111
7,closed,727.0,727.0,0.2642974853515625,0.0952911376953125,0.28095117313587853,100
7,closed,728.0,728.0,0.25775146484375,0.09283447265625,0.27395995499792103,89
7,closed,729.0,729.0,0.276458740234375,0.1005859375,0.29418865694436885,71
7,closed,730.0,730.0,0.655242919921875,0.123321533203125,0.6667469419947227,92
7,closed,731.0,731.0,0.4688873291015625,0.0458526611328125,0.47112396874385143,114
7,closed,732.0,732.0,0.265838623046875,0.094696044921875,0.2822011949430836,123
7,closed,733.0,733.0,0.270233154296875,0.034881591796875,0.2724751055188757,120
7,closed,734.0,734.0,0.26055908203125,0.020751953125,0.2613841594042567,105
7,closed,735.0,735.0,0.628997802734375,0.05523681640625,0.6314185155119935,129
7,closed,736.0,736.0,0.220733642578125,0.008148193359375,0.22088398316951185,117
7,closed,737.0,737.0,0.29058837890625,0.06988525390625,0.29887381061060425,159
7,closed,738.0,738.0,0.2110137939453125,0.1061553955078125,0.23621132324809263,188
7,closed,739.0,739.0,0.62939453125,0.109954833984375,0.6389268670856929,217
7,closed,740.0,740.0,0.606109619140625,0.067901611328125,0.6099012208839635,207
7,closed,741.0,741.0,0.2906036376953125,0.09423828125,0.3055017641433557,252
7,closed,742.0,742.0,0.28045654296875,0.110870361328125,0.30157604267416754,241
7,closed,743.0,743.0,0.2420654296875,0.103118896484375,0.26311438398907283,286
7,closed,744.0,744.0,0.63092041015625,0.070404052734375,0.6348364313688648,275
7,closed,745.0,745.0,0.61114501953125,0.12469482421875,0.6237363498184124,237
7,closed,746.0,746.0,0.239654541015625,0.123809814453125,0.26974649058760175,239
7,closed,747.0,747.0,0.2044219970703125,0.0267791748046875,0.20616856474602246,208
7,closed,748.0,748.0,0.1506500244140625,0.0081939697265625,0.15087269798024244,152
8,closed,709.0,709.0,0.3223114013671875,0.38958740234375,0.5056312722886424,10
8,closed,710.0,710.0,0.263275146484375,0.49078369140625,0.5569402432099105,13
8,closed,711.0,711.0,0.2585906982421875,0.4317169189453125,0.5032381616302718,10
8,closed,712.0,712.0,0.271575927734375,0.361480712890625,0.45213028024751994,11
8,closed,713.0,713.0,0.2694854736328125,0.5353546142578125,0.5993554734097558,12
8,closed,714.0,714.0,0.2787933349609375,0.4488677978515625,0.5284013849023795,16
8,closed,722.0,722.0,0.234649658203125,0.30517578125,0.384958075063235,15
8,closed,723.0,723.0,0.178375244140625,0.544708251953125,0.573170836198124,11
8,closed,724.0,724.0,0.220703125,0.550994873046875,0.5935530469205827,13
8,closed,725.0,725.0,0.225616455078125,0.311767578125,0.38483997657721003,13
8,closed,726.0,726.0,0.218841552734375,0.53594970703125,0.578907344633038,13
8,closed,727.0,727.0,0.23583984375,0.54144287109375,0.5905766796600316,15
8,closed,728.0,728.0,0.240631103515625,0.35687255859375,0.430419970559449,9
8,closed,729.0,729.0,0.5392303466796875,0.563140869140625,0.7796775008147628,28
8,closed,730.0,730.0,0.214630126953125,0.417205810546875,0.46917670418509644,16
8,closed,731.0,731.0,0.209442138671875,0.29254150390625,0.3597867993120084,13
8,closed,732.0,732.0,0.181884765625,0.5426025390625,0.5722757930958927,13
8,closed,733.0,733.0,0.259521484375,0.338134765625,0.4262470182610983,13
8,closed,734.0,734.0,0.183380126953125,0.555450439453125,0.5849388529154256,11
8,closed,735.0,735.0,0.198486328125,0.5899658203125,0.6224600321221807,13
8,closed,736.0,736.0,0.225830078125,0.4550628662109375,0.508017161511358,12
8,closed,737.0,737.0,0.199188232421875,0.57476806640625,0.6083044320862131,13
8,closed,738.0,738.0,0.5555419921875,0.56243896484375,0.7905469589203196,13
8,closed,739.0,739.0,0.56610107421875,0.5479888916015625,0.7878846689397705,14
8,closed,740.0,740.0,0.430206298828125,0.5419921875,0.6919775941910469,27
8,closed,741.0,741.0,0.552459716796875,0.544708251953125,0.7758342725280396,25
8,closed,742.0,742.0,0.556060791015625,0.5462188720703125,0.7794604925913096,24
8,closed,743.0,743.0,0.554931640625,0.547332763671875,0.7794371558730355,27
8,closed,744.0,744.0,0.5538482666015625,0.5462188720703125,0.7778836407993935,28
8,closed,745.0,745.0,0.553955078125,0.54949951171875,0.780266583905539,29
8,closed,746.0,746.0,0.5586700439453125,0.5466461181640625,0.7816227968180659,28
8,closed,747.0,747.0,0.36041259765625,0.5640869140625,0.6693962108989565,37
8,closed,748.0,748.0,0.38916015625,0.54840087890625,0.6724501105641012,39
8,closed,824.0,824.0,0.3115234375,0.6372222900390625,0.7092947899388825,292
8,closed,825.0,825.0,0.316986083984375,0.6399383544921875,0.7141437355252217,268
8,closed,826.0,826.0,0.3182220458984375,0.5334320068359375,0.6211400618321145,274
8,closed,827.0,827.0,0.32330322265625,0.5925750732421875,0.675033474138802,256
8,closed,828.0,828.0,0.331695556640625,0.6400299072265625,0.7208746246328666,182
8,closed,829.0,829.0,0.3509674072265625,0.5751495361328125,0.6737767507484398,178
8,closed,830.0,830.0,0.3317108154296875,0.56048583984375,0.6512882938748262,160
8,closed,831.0,831.0,0.3321533203125,0.557403564453125,0.6488640549912341,127
8,closed,832.0,832.0,0.33795166015625,0.6197967529296875,0.7059457058050213,140
8,closed,833.0,833.0,0.347900390625,0.5860595703125,0.6815427365557495,127
8,closed,834.0,834.0,0.340911865234375,0.567840576171875,0.6623170085425767,125
8,closed,835.0,835.0,0.3520965576171875,0.542144775390625,0.646446396361852,114
8,closed,836.0,836.0,0.3529205322265625,0.57647705078125,0.6759280229022377,82
8,closed,837.0,837.0,0.3703155517578125,0.58013916015625,0.6882550784560127,82
8,closed,838.0,838.0,0.360992431640625,0.5901336669921875,0.6917899107528653,66
8,closed,839.0,839.0,0.3690643310546875,0.6394195556640625,0.7382857499792821,64
8,closed,840.0,840.0,0.3702392578125,0.42572021484375,0.564193946575253,52
8,closed,841.0,841.0,0.3784637451171875,0.52911376953125,0.6505353084004712,34
8,closed,842.0,842.0,0.4463653564453125,0.5493927001953125,0.7078660681671691,24
8,closed,843.0,843.0,0.38055419921875,0.5452728271484375,0.6649390607939,28
9,closed,703.0,703.0,0.28228759765625,0.2521209716796875,0.37848549794047154,26
9,closed,704.0,704.0,0.37884521484375,0.2464599609375,0.4519581940349363,29
9,closed,705.0,705.0,0.196563720703125,0.250030517578125,0.31804489622856896,38
9,closed,706.0,706.0,0.3865966796875,0.217559814453125,0.4436093614998196,37
9,closed,707.0,707.0,0.3706817626953125,0.1831207275390625,0.4134466955356392,50
9,closed,708.0,708.0,0.225860595703125,0.20867919921875,0.3075061249437956,59
9,closed,709.0,709.0,0.2776641845703125,0.2548675537109375,0.3769016706353186,78
9,closed,710.0,710.0,0.324188232421875,0.249725341796875,0.40921969206819175,95
9,closed,711.0,711.0,0.3460693359375,0.24481201171875,0.42390671893472465,110
9,closed,712.0,712.0,0.360992431640625,0.24932861328125,0.43872576070087616,89
9,closed,713.0,713.0,0.343536376953125,0.253631591796875,0.4270201712419405,91
9,closed,714.0,714.0,0.33477783203125,0.244720458984375,0.41468578449841637,95
9,closed,715.0,715.0,0.296783447265625,0.25750732421875,0.3929254847896334,99
9,closed,716.0,716.0,0.2914886474609375,0.2660064697265625,0.3946201636193915,102
9,closed,717.0,717.0,0.289154052734375,0.2428131103515625,0.37758214042948823,124
9,closed,718.0,718.0,0.310455322265625,0.227813720703125,0.3850734974828241,119
9,closed,719.0,719.0,0.30804443359375,0.2220458984375,0.3797311602713304,158
9,closed,720.0,720.0,0.30902099609375,0.221405029296875,0.38015018482794866,163
9,closed,721.0,721.0,0.305389404296875,0.237396240234375,0.38680701019270225,161
9,closed,722.0,722.0,0.326690673828125,0.238800048828125,0.4046631434744079,175
9,closed,723.0,723.0,0.3031463623046875,0.250274658203125,0.3931095540905307,146
9,closed,724.0,724.0,0.3062744140625,0.20751953125,0.3699572577468206,159
9,closed,725.0,725.0,0.3319091796875,0.15679931640625,0.3670827279868892,189
9,closed,726.0,726.0,0.352996826171875,0.149017333984375,0.38316174798018093,231
9,closed,727.0,727.0,0.29547119140625,0.164703369140625,0.3382756638561246,216
9,closed,728.0,728.0,0.2400360107421875,0.198211669921875,0.31129592439709497,216
9,closed,729.0,729.0,0.24603271484375,0.203155517578125,0.319067800155111,203
9,closed,730.0,730.0,0.31170654296875,0.2168426513671875,0.3797126602860126,212
9,closed,731.0,731.0,0.258453369140625,0.223724365234375,0.3418343686928864,231
9,closed,732.0,732.0,0.2421875,0.22442626953125,0.3301846992396275,233
9,closed,733.0,733.0,0.30859375,0.2118377685546875,0.37430648234473823,246
9,closed,734.0,734.0,0.2731170654296875,0.21356201171875,0.3467011166383571,236
9,closed,735.0,735.0,0.288116455078125,0.209228515625,0.35607255361432466,251
9,closed,736.0,736.0,0.24908447265625,0.191162109375,0.31398411835496015,235
9,closed,737.0,737.0,0.3078155517578125,0.2004241943359375,0.3673149487553919,260
9,closed,738.0,738.0,0.25115966796875,0.224365234375,0.3367802506239364,249
9,closed,739.0,739.0,0.2602081298828125,0.21246337890625,0.3359299900773543,268
9,closed,740.0,740.0,0.2689056396484375,0.2180328369140625,0.3461915091499638,248
9,closed,741.0,741.0,0.2822418212890625,0.2174835205078125,0.35631380464001,270
9,closed,742.0,742.0,0.275146484375,0.2347412109375,0.3616753018611113,251
9,closed,743.0,743.0,0.265045166015625,0.2249908447265625,0.3476633720123855,194
9,closed,744.0,744.0,0.3299102783203125,0.218841552734375,0.3958944517729167,198
9,closed,745.0,745.0,0.258941650390625,0.21533203125,0.336776872705463,221
9,closed,746.0,746.0,0.2946624755859375,0.222625732421875,0.36930771892123987,232
9,closed,747.0,747.0,0.2947998046875,0.2316436767578125,0.37492094876875853,236
9,closed,748.0,748.0,0.283172607421875,0.2114105224609375,0.35338524955253847,256
10,closed,703.0,703.0,0.5153045654296875,0.562286376953125,0.7626957223295217,14
10,closed,710.0,710.0,0.5315399169921875,0.5536346435546875,0.767493323684309,12
10,closed,711.0,711.0,0.2316436767578125,0.3198699951171875,0.39493747195998946,14
10,closed,712.0,712.0,0.22601318359375,0.325775146484375,0.3964989347086548,14
10,closed,713.0,713.0,0.187896728515625,0.475677490234375,0.5114433060492125,13
10,closed,714.0,714.0,0.193359375,0.450347900390625,0.4901031312760967,15
10,closed,718.0,718.0,0.527435302734375,0.536346435546875,0.7522336721354209,27
10,closed,719.0,719.0,0.530242919921875,0.538909912109375,0.7560300572708801,26
10,closed,720.0,720.0,0.209564208984375,0.2098541259765625,0.29657361965730156,12
10,closed,721.0,721.0,0.2259521484375,0.221405029296875,0.3163456343644908,15
10,closed,725.0,725.0,0.5491180419921875,0.5525665283203125,0.7790124467948484,12
10,closed,727.0,727.0,0.54443359375,0.5609130859375,0.7816849928068654,13
10,closed,729.0,729.0,0.293792724609375,0.436248779296875,0.5259535744449444,15
10,closed,730.0,730.0,0.317779541015625,0.23779296875,0.39689965063607674,23
10,closed,731.0,731.0,0.4712371826171875,0.5011444091796875,0.6879027555788991,38
10,closed,732.0,732.0,0.24072265625,0.457427978515625,0.5169020726994106,23
10,closed,733.0,733.0,0.2665863037109375,0.2685394287109375,0.3783935545152122,26
10,closed,734.0,734.0,0.2700042724609375,0.275238037109375,0.3855622961584572,26
10,closed,735.0,735.0,0.260955810546875,0.446807861328125,0.517431348105997,11
10,closed,736.0,736.0,0.257049560546875,0.264801025390625,0.3690447935214206,29
10,closed,737.0,737.0,0.26654052734375,0.238525390625,0.35768451838106324,37
10,closed,738.0,738.0,0.25421142578125,0.282989501953125,0.3804030851786217,37
10,closed,739.0,739.0,0.26995849609375,0.2371826171875,0.35935105886738583,39
10,closed,740.0,740.0,0.197540283203125,0.504791259765625,0.5420667665737658,37
10,closed,741.0,741.0,0.212066650390625,0.2095489501953125,0.29813256570837265,26
10,closed,742.0,742.0,0.238861083984375,0.47528076171875,0.5319270813768987,25
10,closed,743.0,743.0,0.21588134765625,0.468170166015625,0.5155463709628616,30
10,closed,744.0,744.0,0.231658935546875,0.440185546875,0.49742253476933873,41
10,closed,745.0,745.0,0.23614501953125,0.4912109375,0.5450253713076515,23
10,closed,746.0,746.0,0.3320465087890625,0.4808502197265625,0.5843558999531778,38
10,closed,747.0,747.0,0.333038330078125,0.47613525390625,0.5810501779653762,38
10,closed,748.0,748.0,0.3339080810546875,0.480499267578125,0.5851274670845135,26
11,closed,703.0,703.0,0.329681396484375,0.244659423828125,0.41054604718082205,37
11,closed,704.0,704.0,0.3599700927734375,0.1545562744140625,0.3917475075250284,28
11,closed,705.0,705.0,0.477203369140625,0.16033935546875,0.5034200675691204,23
11,closed,706.0,706.0,0.474517822265625,0.15521240234375,0.49925750218602566,25
11,closed,707.0,707.0,0.46307373046875,0.184295654296875,0.4983996067845136,15
11,closed,708.0,708.0,0.1041259765625,0.0763702392578125,0.12913029249324043,14
11,closed,709.0,709.0,0.2178955078125,0.081085205078125,0.2324935758412022,25
11,closed,710.0,710.0,0.1884613037109375,0.1031951904296875,0.21486486526243812,52
11,closed,711.0,711.0,0.1976318359375,0.11285400390625,0.22758376210463435,77
11,closed,712.0,712.0,0.163604736328125,0.1103515625,0.19734228410350052,60
11,closed,713.0,713.0,0.3329925537109375,0.1165924072265625,0.3528141582332208,56
11,closed,714.0,714.0,0.171112060546875,0.101226806640625,0.19881198064315916,29
11,closed,715.0,715.0,0.044219970703125,0.1824493408203125,0.18773163765000236,12
11,closed,716.0,716.0,0.1021728515625,0.1004638671875,0.14329089366278758,27
11,closed,717.0,717.0,0.185699462890625,0.102935791015625,0.2123206716028353,41
11,closed,718.0,718.0,0.5438995361328125,0.0786285400390625,0.549553594032614,110
11,closed,719.0,719.0,0.13348388671875,0.0614013671875,0.14692881237537544,96
11,closed,720.0,720.0,0.142669677734375,0.078765869140625,0.1629683990419875,55
11,closed,722.0,722.0,0.125244140625,0.086822509765625,0.1523950227628738,15
11,closed,723.0,723.0,0.3685760498046875,0.1430206298828125,0.39535200146414323,26
11,closed,724.0,724.0,0.1221466064453125,0.056854248046875,0.13473009681241102,30
11,closed,725.0,725.0,0.604278564453125,0.01715087890625,0.6045219070511725,31
11,closed,726.0,726.0,0.152130126953125,0.023834228515625,0.1539858629086091,43
11,closed,727.0,727.0,0.57989501953125,0.07281494140625,0.584448671287004,81
11,closed,728.0,728.0,0.153472900390625,0.0751800537109375,0.17089754717458688,54
11,closed,729.0,729.0,0.3547515869140625,0.0836944580078125,0.3644906730209528,62
11,closed,730.0,730.0,0.138031005859375,0.078460693359375,0.15877228656470463,65
11,closed,731.0,731.0,0.39544677734375,0.14306640625,0.42053079591017756,40
11,closed,732.0,732.0,0.52630615234375,0.154541015625,0.5485262906236027,13
11,closed,733.0,733.0,0.626739501953125,0.048736572265625,0.6286315747595357,22
11,closed,734.0,734.0,0.61492919921875,0.0135498046875,0.6150784643107597,25
11,closed,735.0,735.0,0.60430908203125,0.032623291015625,0.6051890165412308,39
11,closed,736.0,736.0,0.1686859130859375,0.0590362548828125,0.1787182605785566,38
11,closed,737.0,737.0,0.165740966796875,0.082183837890625,0.18499797643540686,43
11,closed,738.0,738.0,0.604583740234375,0.098876953125,0.6126158264484111,39
11,closed,739.0,739.0,0.676300048828125,-0.002410888671875,0.6763043460078549,38
11,closed,740.0,740.0,0.622467041015625,0.0906219482421875,0.6290290570823874,64
11,closed,741.0,741.0,0.1692962646484375,0.1118316650390625,0.20289787216558694,48
11,closed,742.0,742.0,0.6076507568359375,0.1121063232421875,0.6179055510303897,54
11,closed,743.0,743.0,0.58526611328125,0.080780029296875,0.5908145533824848,73
11,closed,744.0,744.0,0.19024658203125,0.0992431640625,0.21457625122018845,85
11,closed,745.0,745.0,0.5794219970703125,0.0911407470703125,0.5865462355735342,126
11,closed,746.0,746.0,0.3832244873046875,0.133758544921875,0.4058969770884699,66
11,closed,747.0,747.0,0.579681396484375,0.0908355712890625,0.5867551639666119,100
11,closed,748.0,748.0,0.567718505859375,0.109832763671875,0.5782452229556273,109
12,closed,703.0,703.0,0.662200927734375,0.062744140625,0.6651668180802743,110
12,closed,704.0,704.0,0.656951904296875,0.038818359375,0.6580977659769535,113
12,closed,705.0,705.0,0.35205078125,0.041900634765625,0.35453549296579273,103
12,closed,706.0,706.0,0.405548095703125,0.055206298828125,0.4092883987590306,127
12,closed,707.0,707.0,0.3121337890625,0.0484619140625,0.3158734863661627,123
12,closed,708.0,708.0,0.62884521484375,0.0556640625,0.6313040409231403,123
12,closed,709.0,709.0,0.5640869140625,0.03070068359375,0.5649217455450602,106
12,closed,710.0,710.0,0.705902099609375,0.06146240234375,0.7085727916980648,103
12,closed,711.0,711.0,0.6923675537109375,0.040008544921875,0.6935225397191022,88
12,closed,712.0,712.0,0.68707275390625,0.053070068359375,0.6891192939658467,142
12,closed,713.0,713.0,0.381500244140625,0.05499267578125,0.38544342084012556,139
12,closed,714.0,714.0,0.684326171875,0.046630859375,0.685913075075219,133
12,closed,715.0,715.0,0.406494140625,0.066741943359375,0.41193685604209207,119
12,closed,716.0,716.0,0.332427978515625,0.072174072265625,0.34017268792098593,143
12,closed,717.0,717.0,0.61724853515625,0.072418212890625,0.6214822215565046,141
12,closed,718.0,718.0,0.3009796142578125,0.0592803955078125,0.3067619492217773,122
12,closed,719.0,719.0,0.539031982421875,0.073486328125,0.5440181233147952,116
12,closed,720.0,720.0,0.40484619140625,0.068695068359375,0.4106329883400081,102
12,closed,721.0,721.0,0.4123687744140625,0.0704498291015625,0.4183433811263127,104
12,closed,722.0,722.0,0.694366455078125,0.069091796875,0.6977954215478761,103
12,closed,723.0,723.0,0.68865966796875,0.06268310546875,0.6915065509436881,155
12,closed,724.0,724.0,0.7216339111328125,0.0722503662109375,0.7252417645960928,160
12,closed,725.0,725.0,0.67535400390625,0.0755615234375,0.6795679321571899,185
12,closed,726.0,726.0,0.6103363037109375,0.0570831298828125,0.6129999081115329,248
12,closed,727.0,727.0,0.710235595703125,0.0741729736328125,0.7140981945232089,262
12,closed,728.0,728.0,0.501220703125,0.065673828125,0.5055049405710209,278
12,closed,729.0,729.0,0.476959228515625,0.038055419921875,0.47847499480291594,297
12,closed,730.0,730.0,0.53289794921875,0.0634918212890625,0.5366669690340106,414
12,closed,731.0,731.0,0.6624908447265625,0.0574798583984375,0.6649797391409897,408
12,closed,732.0,732.0,0.690582275390625,0.07110595703125,0.6942333442071354,427
12,closed,733.0,733.0,0.699493408203125,0.0631103515625,0.7023346386117988,416
12,closed,734.0,734.0,0.691680908203125,0.08929443359375,0.6974209450851964,486
12,closed,735.0,735.0,0.4739837646484375,0.09307861328125,0.48303647626309326,464
12,closed,736.0,736.0,0.6231842041015625,0.0956878662109375,0.6304876842426822,502
12,closed,737.0,737.0,0.48602294921875,0.09759521484375,0.4957248562738098,427
12,closed,738.0,738.0,0.477935791015625,0.094879150390625,0.48726242776616585,399
12,closed,739.0,739.0,0.5621490478515625,0.0998382568359375,0.5709459077079517,384
12,closed,740.0,740.0,0.470062255859375,0.1025543212890625,0.48111943756063813,372
12,closed,741.0,741.0,0.685943603515625,0.095855712890625,0.6926087964340122,307
12,closed,742.0,742.0,0.51239013671875,0.107940673828125,0.5236361726171417,291
12,closed,743.0,743.0,0.662841796875,0.1175537109375,0.673185058241533,219
12,closed,744.0,744.0,0.51824951171875,0.1249237060546875,0.5330933208465106,182
12,closed,745.0,745.0,0.5697174072265625,0.124847412109375,0.5832364875480314,164
12,closed,746.0,746.0,0.6370391845703125,0.1297607421875,0.6501205833467046,134
12,closed,747.0,747.0,0.661376953125,0.15228271484375,0.678682178464332,138
12,closed,748.0,748.0,0.4288330078125,0.1501922607421875,0.45437370497902374,132
13,closed,703.0,703.0,0.7901458740234375,0.1806182861328125,0.8105266605866932,350
13,closed,704.0,704.0,0.7894287109375,0.18280029296875,0.8103169977002234,315
13,closed,705.0,705.0,0.7899169921875,0.1904296875,0.8125468112225256,307
13,closed,706.0,706.0,0.792205810546875,0.2063140869140625,0.8186302881786225,302
13,closed,707.0,707.0,0.78814697265625,0.19915771484375,0.8129203195203059,253
13,closed,708.0,708.0,0.7892608642578125,0.20672607421875,0.8158850296523924,156
13,closed,709.0,709.0,0.7856597900390625,0.2041015625,0.811738106472257,134
13,closed,710.0,710.0,0.7921600341796875,0.2069549560546875,0.8187477472257015,102
13,closed,711.0,711.0,0.7897491455078125,0.2070770263671875,0.8164463287194064,102
13,closed,712.0,712.0,0.782989501953125,0.1904754638671875,0.805824709539378,82
13,closed,713.0,713.0,0.7964935302734375,0.1923980712890625,0.8194015875034625,80
13,closed,714.0,714.0,0.831329345703125,0.18243408203125,0.8511114353090145,65
13,closed,715.0,715.0,0.832427978515625,0.184844970703125,0.8527039360820665,67
13,closed,716.0,716.0,0.83258056640625,0.20556640625,0.8575826181400205,51
13,closed,717.0,717.0,0.8292083740234375,0.1797637939453125,0.8484701227292601,30
13,closed,718.0,718.0,0.8451690673828125,0.22454833984375,0.8744899710044234,24
13,closed,719.0,719.0,0.840667724609375,0.2281951904296875,0.8710885535553462,12
14,closed,703.0,703.0,0.7475128173828125,0.138916015625,0.7603111675812182,488
14,closed,704.0,704.0,0.7473602294921875,0.1260833740234375,0.7579210577835591,526
14,closed,705.0,705.0,0.749298095703125,0.129913330078125,0.7604768961357848,551
14,closed,706.0,706.0,0.73223876953125,0.129547119140625,0.74361016109402,529
14,closed,707.0,707.0,0.767608642578125,0.140380859375,0.7803395503493945,555
14,closed,708.0,708.0,0.751708984375,0.134307861328125,0.7636131211579781,662
14,closed,709.0,709.0,0.7708740234375,0.135986328125,0.7827764952064156,664
14,closed,710.0,710.0,0.74737548828125,0.1277313232421875,0.7582119831688477,670
14,closed,711.0,711.0,0.756072998046875,0.124542236328125,0.7662618005650552,627
14,closed,712.0,712.0,0.736175537109375,0.1319580078125,0.7479086423247966,603
14,closed,713.0,713.0,0.722900390625,0.1227264404296875,0.7332439934607846,646
14,closed,714.0,714.0,0.738037109375,0.114959716796875,0.7469367518743628,645
14,closed,715.0,715.0,0.744781494140625,0.1251220703125,0.7552185157248384,633
14,closed,716.0,716.0,0.742034912109375,0.112640380859375,0.7505355862244727,605
14,closed,717.0,717.0,0.7340087890625,0.109283447265625,0.7420995716662665,649
14,closed,718.0,718.0,0.726043701171875,0.104736328125,0.7335592371720655,639
14,closed,719.0,719.0,0.73236083984375,0.122894287109375,0.7426004346489196,635
14,closed,720.0,720.0,0.741180419921875,0.126739501953125,0.751938372628298,617
14,closed,721.0,721.0,0.7258758544921875,0.115966796875,0.7350809847303975,594
14,closed,722.0,722.0,0.733489990234375,0.1142578125,0.742335782170918,591
14,closed,723.0,723.0,0.707916259765625,0.113067626953125,0.7168889168520901,531
14,closed,724.0,724.0,0.6943511962890625,0.1063232421875,0.7024444573183805,524
14,closed,725.0,725.0,0.72882080078125,0.10260009765625,0.7360071600809971,481
14,closed,726.0,726.0,0.6645050048828125,0.10919189453125,0.673416491738679,420
14,closed,727.0,727.0,0.713592529296875,0.102813720703125,0.7209611355913241,384
14,closed,728.0,728.0,0.690826416015625,0.11773681640625,0.700787482053206,353
14,closed,729.0,729.0,0.7164459228515625,0.110595703125,0.7249318381202058,316
14,closed,730.0,730.0,0.7062530517578125,0.1268157958984375,0.7175483392821542,222
14,closed,731.0,731.0,0.637359619140625,0.131683349609375,0.650820857590956,173
14,closed,732.0,732.0,0.658355712890625,0.1312255859375,0.6713064867110724,143
14,closed,733.0,733.0,0.664581298828125,0.13958740234375,0.6790824291977768,119
14,closed,734.0,734.0,0.85284423828125,0.082916259765625,0.8568654508749003,63
14,closed,735.0,735.0,0.678466796875,0.107208251953125,0.6868848547963969,52
14,closed,736.0,736.0,0.66253662109375,0.05224609375,0.6645934310557523,22
14,closed,737.0,737.0,0.759002685546875,0.113372802734375,0.7674232659147205,28
14,closed,738.0,738.0,0.7582855224609375,0.0842437744140625,0.7629508156502517,14
0,default,703.0,703.0,0.393157958984375,0.684722900390625,0.789568636048893,12
0,default,704.0,704.0,0.396759033203125,0.684722900390625,0.7913679174364021,11
0,default,705.0,705.0,0.375274658203125,0.6815185546875,0.7780093890646894,31
0,default,706.0,706.0,0.38128662109375,0.6822509765625,0.7815663007356278,42
0,default,707.0,707.0,0.3848876953125,0.683502197265625,0.7844193978159293,37
0,default,708.0,708.0,0.386260986328125,0.6849365234375,0.7863431761628157,46
0,default,709.0,709.0,0.389739990234375,0.686798095703125,0.7896764427595201,45
0,default,710.0,710.0,0.393463134765625,0.68621826171875,0.7910175352897654,50
0,default,711.0,711.0,0.399627685546875,0.68743896484375,0.7951569766033614,48
0,default,712.0,712.0,0.401885986328125,0.685882568359375,0.7949510950908758,46
0,default,713.0,713.0,0.404266357421875,0.6866455078125,0.7968144960668306,51
0,default,714.0,714.0,0.407440185546875,0.6881103515625,0.7996895402129124,50
0,default,715.0,715.0,0.41107177734375,0.68743896484375,0.8009696227161153,59
0,default,716.0,716.0,0.416778564453125,0.687835693359375,0.8042526424244932,53
0,default,717.0,717.0,0.420562744140625,0.68853759765625,0.8068190907169542,52
0,default,718.0,718.0,0.421478271484375,0.68865966796875,0.8074008122489632,49
0,default,719.0,719.0,0.4258880615234375,0.688568115234375,0.8096336765881288,50
0,default,720.0,720.0,0.42816162109375,0.689453125,0.8115836280691556,43
0,default,721.0,721.0,0.4342041015625,0.688751220703125,0.8141937397411888,54
0,default,722.0,722.0,0.43707275390625,0.68878173828125,0.8157529498548771,47
0,default,723.0,723.0,0.440765380859375,0.6884765625,0.817480334978112,54
0,default,724.0,724.0,0.44183349609375,0.68896484375,0.8184677111492473,61
0,default,725.0,725.0,0.444671630859375,0.690155029296875,0.8210035467371055,66
0,default,726.0,726.0,0.44793701171875,0.6905517578125,0.8231095289725768,60
0,default,727.0,727.0,0.451202392578125,0.690704345703125,0.8250188435674706,65
0,default,728.0,728.0,0.45428466796875,0.69091796875,0.8268870534076002,64
0,default,729.0,729.0,0.457122802734375,0.691497802734375,0.82893333143637,68
0,default,730.0,730.0,0.4600830078125,0.69189453125,0.8308997631793225,79
0,default,731.0,731.0,0.4581298828125,0.691864013671875,0.8297944341461634,76
0,default,732.0,732.0,0.4610595703125,0.69195556640625,0.8314916916345836,90
0,default,733.0,733.0,0.46466064453125,0.6922607421875,0.8337472337286553,87
0,default,734.0,734.0,0.4588623046875,0.68634033203125,0.8256013965806324,101
0,default,735.0,735.0,0.4471435546875,0.68609619140625,0.8189415988706001,104
0,default,736.0,736.0,0.450439453125,0.684783935546875,0.8196491562336996,100
0,default,737.0,737.0,0.46826171875,0.687652587890625,0.8319465841503154,102
0,default,738.0,738.0,0.443023681640625,0.687225341796875,0.8176482452144355,99
0,default,739.0,739.0,0.446624755859375,0.68731689453125,0.819681759010488,102
0,default,740.0,740.0,0.449432373046875,0.68536376953125,0.8195809627661137,104
0,default,741.0,741.0,0.465972900390625,0.687713623046875,0.8307110034318256,104
0,default,742.0,742.0,0.4552001953125,0.68475341796875,0.8222496343765826,105
0,default,743.0,743.0,0.486114501953125,0.6873779296875,0.8419000696226414,101
0,default,744.0,744.0,0.462371826171875,0.68463134765625,0.8261402954892877,108
0,default,745.0,745.0,0.4652099609375,0.687957763671875,0.8304855160397908,110
0,default,746.0,746.0,0.4681396484375,0.687713623046875,0.8319283369157738,112
0,default,747.0,747.0,0.47052001953125,0.686859130859375,0.832565045161388,125
0,default,748.0,748.0,0.472900390625,0.687469482421875,0.8344154053675413,115
0,default,824.0,824.0,0.5859222412109375,0.626983642578125,0.8581453028515521,224
0,default,825.0,825.0,0.5867919921875,0.62628173828125,0.8582270432699958,231
0,default,826.0,826.0,0.589599609375,0.62640380859375,0.860238008225577,214
0,default,827.0,827.0,0.591522216796875,0.6259765625,0.861246300290228,225
0,default,828.0,828.0,0.593963623046875,0.62530517578125,0.8624380258092695,216
0,default,829.0,829.0,0.596343994140625,0.625030517578125,0.8638803778600209,210
0,default,830.0,830.0,0.598388671875,0.6248779296875,0.865182887971591,213
0,default,831.0,831.0,0.60064697265625,0.623748779296875,0.8659326333124648,231
0,default,832.0,832.0,0.5992431640625,0.623199462890625,0.86456343909675,251
0,default,833.0,833.0,0.60107421875,0.62249755859375,0.865328508082972,234
0,default,834.0,834.0,0.603515625,0.62152099609375,0.8663252612064984,237
0,default,835.0,835.0,0.605804443359375,0.621124267578125,0.8676372395007169,243
0,default,836.0,836.0,0.60791015625,0.6204833984375,0.8686509113610881,244
0,default,837.0,837.0,0.576812744140625,0.619842529296875,0.846709928445501,254
0,default,838.0,838.0,0.570770263671875,0.618499755859375,0.8416178716556393,280
0,default,839.0,839.0,0.58203125,0.614471435546875,0.8463660680105269,291
0,default,840.0,840.0,0.576385498046875,0.6143798828125,0.842426781841274,284
0,default,841.0,841.0,0.57843017578125,0.615997314453125,0.8450054199043873,283
0,default,842.0,842.0,0.581085205078125,0.614837646484375,0.8459818834319869,271
0,default,843.0,843.0,0.557525634765625,0.613555908203125,0.829026951257783,307
0,default,844.0,844.0,0.5595703125,0.61328125,0.8302004735200469,306
0,default,845.0,845.0,0.5616455078125,0.61260986328125,0.8311056016147604,302
0,default,846.0,846.0,0.5906982421875,0.609527587890625,0.8487922559278954,300
0,default,847.0,847.0,0.59234619140625,0.608856201171875,0.8494585829685497,299
0,default,848.0,848.0,0.59490966796875,0.61041259765625,0.8523620430428254,315
0,default,849.0,849.0,0.59722900390625,0.610107421875,0.8537643406314244,308
1,default,703.0,703.0,0.31524658203125,0.65936279296875,0.7308486164958762,63
1,default,704.0,704.0,0.319580078125,0.6611328125,0.7343214705417113,66
1,default,705.0,705.0,0.32318115234375,0.662200927734375,0.736855566527458,50
1,default,706.0,706.0,0.327880859375,0.661712646484375,0.738491357066448,53
1,default,707.0,707.0,0.331329345703125,0.665771484375,0.7436604095492456,53
1,default,708.0,708.0,0.336151123046875,0.66485595703125,0.7450040410129428,53
1,default,709.0,709.0,0.3397216796875,0.66815185546875,0.7495583510414848,65
1,default,710.0,710.0,0.34356689453125,0.669677734375,0.7526662467093101,65
1,default,711.0,711.0,0.34765625,0.670562744140625,0.7553272548991383,41
1,default,712.0,712.0,0.351531982421875,0.671630859375,0.7580651330395394,41
1,default,713.0,713.0,0.43402099609375,0.61175537109375,0.7500792352226948,27
1,default,714.0,714.0,0.3270263671875,0.648284912109375,0.7260988721272839,41
1,default,715.0,715.0,0.33111572265625,0.64971923828125,0.7292274750603809,32
1,default,716.0,716.0,0.323272705078125,0.681365966796875,0.7541649836458655,26
1,default,717.0,717.0,0.328460693359375,0.68292236328125,0.7578056356030674,25
1,default,718.0,718.0,0.33282470703125,0.684326171875,0.7609695099828439,29
1,default,719.0,719.0,0.33697509765625,0.68511962890625,0.7635058102942485,26
1,default,720.0,720.0,0.3470611572265625,0.671234130859375,0.755649856273381,24
1,default,721.0,721.0,0.34625244140625,0.687744140625,0.7699888026093681,24
1,default,722.0,722.0,0.360565185546875,0.65673828125,0.7492078637385332,21
1,default,723.0,723.0,0.364532470703125,0.656982421875,0.751338688508495,23
1,default,724.0,724.0,0.368255615234375,0.657012939453125,0.75317873095334,23
1,default,725.0,725.0,0.362823486328125,0.6920166015625,0.7813628216580355,26
1,default,726.0,726.0,0.37298583984375,0.65850830078125,0.7568035537190326,12
1,default,727.0,727.0,0.37432861328125,0.659759521484375,0.7585542412447215,15
1,default,728.0,728.0,0.378082275390625,0.66363525390625,0.7637787357551696,10
1,default,729.0,729.0,0.38372802734375,0.664642333984375,0.7674611593385838,28
1,default,730.0,730.0,0.348052978515625,0.657257080078125,0.7437255845850813,26
1,default,731.0,731.0,0.391204833984375,0.662872314453125,0.7697018431842196,25
1,default,732.0,732.0,0.3743133544921875,0.661376953125,0.7599539206268381,26
1,default,733.0,733.0,0.37750244140625,0.6634674072265625,0.7633459855921275,26
1,default,734.0,734.0,0.349029541015625,0.6468505859375,0.735008367999484,11
1,default,735.0,735.0,0.3524169921875,0.648895263671875,0.7384191219072517,12
1,default,736.0,736.0,0.35662841796875,0.6512451171875,0.7424985058324725,14
1,default,737.0,737.0,0.361572265625,0.653533935546875,0.7468876141566296,14
1,default,738.0,738.0,0.36602783203125,0.65447998046875,0.7498802695469939,13
1,default,739.0,739.0,0.370330810546875,0.656280517578125,0.7535575804096971,15
1,default,740.0,740.0,0.374847412109375,0.65673828125,0.756184998809352,12
1,default,741.0,741.0,0.378021240234375,0.656951904296875,0.7579484564451764,12
1,default,742.0,742.0,0.38104248046875,0.65814208984375,0.7604895675455886,12
1,default,743.0,743.0,0.318115234375,0.683624267578125,0.7540155446429397,25
1,default,744.0,744.0,0.323028564453125,0.685150146484375,0.75748146952926,27
1,default,745.0,745.0,0.327362060546875,0.6865234375,0.7605789564024975,27
1,default,746.0,746.0,0.332061767578125,0.68817138671875,0.7640974250614355,12
1,default,747.0,747.0,0.33660888671875,0.68890380859375,0.7667424600953116,11
1,default,748.0,748.0,0.340850830078125,0.690399169921875,0.7699547403541074,10
1,default,824.0,824.0,0.050079345703125,0.392791748046875,0.395971335073352,287
1,default,825.0,825.0,0.0428314208984375,0.3800506591796875,0.3824565781354716,268
1,default,826.0,826.0,0.03363037109375,0.386383056640625,0.3878438710600643,265
1,default,827.0,827.0,0.0302734375,0.3785400390625,0.37974865660263424,234
1,default,828.0,828.0,0.032196044921875,0.376678466796875,0.37805191793860254,209
1,default,829.0,829.0,0.035552978515625,0.38348388671875,0.38512842748134235,221
1,default,830.0,830.0,0.03826904296875,0.382232666015625,0.38414363279788505,230
1,default,831.0,831.0,0.031402587890625,0.387054443359375,0.38832623482126993,207
1,default,832.0,832.0,0.031890869140625,0.38873291015625,0.3900388480306694,218
1,default,833.0,833.0,0.036590576171875,0.390838623046875,0.3925477035084616,253
1,default,834.0,834.0,0.03515625,0.399658203125,0.40120149705499136,264
1,default,835.0,835.0,0.037017822265625,0.39642333984375,0.39814794177310864,242
1,default,836.0,836.0,0.039398193359375,0.401702880859375,0.40363030378144793,277
1,default,837.0,837.0,0.03155517578125,0.370849609375,0.37218968536510477,289
1,default,838.0,838.0,0.04052734375,0.346405029296875,0.34876770193582934,286
1,default,839.0,839.0,0.046295166015625,0.333587646484375,0.3367847387923013,334
1,default,840.0,840.0,0.019378662109375,0.3331298828125,0.3336930496246802,342
1,default,841.0,841.0,0.02227783203125,0.318359375,0.31913789096627687,344
1,default,842.0,842.0,-0.03759765625,0.29876708984375,0.30112349248970355,372
1,default,843.0,843.0,-0.035186767578125,0.311370849609375,0.3133527000028259,387
1,default,844.0,844.0,-0.065338134765625,0.3240966796875,0.33061719501428377,383
1,default,845.0,845.0,-0.064483642578125,0.309600830078125,0.31624486421949594,399
1,default,846.0,846.0,-0.084930419921875,0.3221435546875,0.3331510859276979,369
1,default,847.0,847.0,-0.102447509765625,0.3350677490234375,0.3503796351000028,384
1,default,848.0,848.0,-0.110076904296875,0.3424072265625,0.3596660029274474,439
1,default,849.0,849.0,-0.12811279296875,0.34307861328125,0.36621827181783173,467
2,default,703.0,703.0,0.36724853515625,0.680145263671875,0.7729612320612824,40
2,default,704.0,704.0,0.37139892578125,0.680877685546875,0.7755846728418089,38
2,default,705.0,705.0,0.367828369140625,0.678802490234375,0.7720560406428024,40
2,default,706.0,706.0,0.334808349609375,0.674957275390625,0.7534347712781044,20
2,default,707.0,707.0,0.338775634765625,0.6763916015625,0.7564882876655368,25
2,default,708.0,708.0,0.343048095703125,0.677459716796875,0.7593639864044399,11
2,default,709.0,709.0,0.3470458984375,0.678436279296875,0.7620476630030952,14
2,default,710.0,710.0,0.35137939453125,0.67926025390625,0.7647626896220363,12
2,default,711.0,711.0,0.348541259765625,0.680084228515625,0.764196026968671,38
2,default,712.0,712.0,0.352447509765625,0.680816650390625,0.7666358709251093,35
2,default,713.0,713.0,0.356475830078125,0.672760009765625,0.7613678796545938,46
2,default,714.0,714.0,0.3604736328125,0.6737060546875,0.764081859538386,55
2,default,715.0,715.0,0.36370849609375,0.67474365234375,0.7665264943294268,51
2,default,716.0,716.0,0.368011474609375,0.67547607421875,0.769220626534508,71
2,default,717.0,717.0,0.371917724609375,0.676300048828125,0.7718189877967108,62
2,default,718.0,718.0,0.3759765625,0.677276611328125,0.7746366785799809,62
2,default,719.0,719.0,0.37945556640625,0.677398681640625,0.776437699216843,63
2,default,720.0,720.0,0.383514404296875,0.678741455078125,0.7795981408038101,62
2,default,721.0,721.0,0.3876953125,0.679046630859375,0.7819283740956975,57
2,default,722.0,722.0,0.3909912109375,0.679443359375,0.7839116057497542,66
2,default,723.0,723.0,0.39471435546875,0.679534912109375,0.7858543880316549,65
2,default,724.0,724.0,0.39892578125,0.680328369140625,0.7886624555559022,50
2,default,725.0,725.0,0.40264892578125,0.68182373046875,0.7918394767016338,48
2,default,726.0,726.0,0.4053955078125,0.682342529296875,0.7936856084381343,62
2,default,727.0,727.0,0.409210205078125,0.68316650390625,0.7963475773803605,60
2,default,728.0,728.0,0.41265869140625,0.68402099609375,0.798856632125067,65
2,default,729.0,729.0,0.4156494140625,0.683990478515625,0.8003795412868405,65
2,default,730.0,730.0,0.418914794921875,0.683868408203125,0.8019760626993255,53
2,default,731.0,731.0,0.42279052734375,0.68408203125,0.8041890670052237,51
2,default,732.0,732.0,0.42437744140625,0.684783935546875,0.805621034455768,41
2,default,733.0,733.0,0.428131103515625,0.686248779296875,0.8088470985816527,42
2,default,734.0,734.0,0.38641357421875,0.655853271484375,0.7612220202130694,43
2,default,735.0,735.0,0.3902587890625,0.65740966796875,0.7645190605729271,39
2,default,736.0,736.0,0.39508056640625,0.658355712890625,0.7678026430324438,35
2,default,737.0,737.0,0.3994140625,0.658538818359375,0.7701980061055181,40
2,default,738.0,738.0,0.4027099609375,0.6578369140625,0.771313631502488,35
2,default,739.0,739.0,0.405517578125,0.657379150390625,0.7723935871928672,40
2,default,740.0,740.0,0.4073486328125,0.657928466796875,0.7738234786279747,37
2,default,741.0,741.0,0.40966796875,0.658294677734375,0.7753578060180704,35
2,default,742.0,742.0,0.413482666015625,0.659820556640625,0.7786726411406356,44
2,default,743.0,743.0,0.417022705078125,0.662078857421875,0.7824681143636029,39
2,default,744.0,744.0,0.42144775390625,0.662872314453125,0.7855048787506451,42
2,default,745.0,745.0,0.499847412109375,0.614654541015625,0.7922421600644389,26
2,default,746.0,746.0,0.424774169921875,0.66387939453125,0.7881427192558446,43
2,default,747.0,747.0,0.427764892578125,0.663543701171875,0.7894764383357146,40
2,default,748.0,748.0,0.429931640625,0.66375732421875,0.7908318412055365,41
2,default,824.0,824.0,0.291015625,0.515716552734375,0.5921601614076787,138
2,default,825.0,825.0,0.26654052734375,0.521026611328125,0.5852457453316114,169
2,default,826.0,826.0,0.2711181640625,0.526214599609375,0.5919517410453959,165
2,default,827.0,827.0,0.2659912109375,0.52325439453125,0.5869808222525355,206
2,default,828.0,828.0,0.258453369140625,0.536102294921875,0.5951502454344123,219
2,default,829.0,829.0,0.261505126953125,0.529998779296875,0.5910022313654557,216
2,default,830.0,830.0,0.248321533203125,0.545562744140625,0.5994182943876503,226
2,default,831.0,831.0,0.196868896484375,0.536285400390625,0.5712787350104225,253
2,default,832.0,832.0,0.20184326171875,0.545196533203125,0.5813604407920873,252
2,default,833.0,833.0,0.2064208984375,0.542205810546875,0.5801695685767553,247
2,default,834.0,834.0,0.210357666015625,0.54638671875,0.5854816769788213,250
2,default,835.0,835.0,0.21466064453125,0.553680419921875,0.5938360040578843,263
2,default,836.0,836.0,0.21051025390625,0.560943603515625,0.5991429656807868,260
2,default,837.0,837.0,0.215362548828125,0.554351806640625,0.5947158590145982,237
2,default,838.0,838.0,0.210784912109375,0.56097412109375,0.5992680900146964,232
2,default,839.0,839.0,0.2174072265625,0.55487060546875,0.5959423554127156,239
2,default,840.0,840.0,0.218292236328125,0.565093994140625,0.6057909892487167,251
2,default,841.0,841.0,0.228179931640625,0.56549072265625,0.6097916354082008,275
2,default,842.0,842.0,0.232879638671875,0.5625,0.6088014258425674,296
2,default,843.0,843.0,0.215087890625,0.566864013671875,0.606298285243905,291
2,default,844.0,844.0,0.209320068359375,0.575042724609375,0.6119550850709118,268
2,default,845.0,845.0,0.21405029296875,0.5833740234375,0.621403877636489,291
2,default,846.0,846.0,0.222381591796875,0.589935302734375,0.6304579556024419,309
2,default,847.0,847.0,0.21185302734375,0.58642578125,0.6235197688200307,318
2,default,848.0,848.0,0.2208099365234375,0.594573974609375,0.6342517160798812,346
2,default,849.0,849.0,0.23223876953125,0.601806640625,0.6450628487006029,330
3,default,703.0,703.0,0.262664794921875,0.657440185546875,0.7079692027646824,25
3,default,704.0,704.0,0.283599853515625,0.627593994140625,0.6886966664617064,28
3,default,705.0,705.0,0.287841796875,0.630279541015625,0.6928962403210857,25
3,default,706.0,706.0,0.292144775390625,0.6328125,0.6969937086834348,27
3,default,707.0,707.0,0.2893524169921875,0.651031494140625,0.7124372446624302,26
3,default,708.0,708.0,0.286651611328125,0.668182373046875,0.7270741571033615,28
3,default,709.0,709.0,0.305206298828125,0.639312744140625,0.7084290152619237,13
3,default,710.0,710.0,0.309600830078125,0.6412353515625,0.7120642176647742,14
3,default,711.0,711.0,0.314056396484375,0.64288330078125,0.7154930877347077,12
3,default,712.0,712.0,0.3182373046875,0.644989013671875,0.7192258406454699,15
3,default,713.0,713.0,0.32281494140625,0.64691162109375,0.7229828019401735,12
3,default,715.0,715.0,0.283721923828125,0.625,0.6863840980535114,15
3,default,716.0,716.0,0.28857421875,0.62774658203125,0.6908985822673902,13
3,default,717.0,717.0,0.29315185546875,0.63067626953125,0.6954786605745893,11
3,default,718.0,718.0,0.2969970703125,0.633270263671875,0.6994558503760292,11
3,default,719.0,719.0,0.301605224609375,0.6356201171875,0.703547187390528,11
3,default,720.0,720.0,0.305816650390625,0.63848876953125,0.7079489617717307,12
3,default,721.0,721.0,0.31085205078125,0.64080810546875,0.7122247015579827,12
3,default,722.0,722.0,0.314788818359375,0.64306640625,0.7159793314135413,14
3,default,723.0,723.0,0.31964111328125,0.6446533203125,0.7195473192845677,15
3,default,724.0,724.0,0.324554443359375,0.646881103515625,0.7237338936307367,12
3,default,725.0,725.0,0.3282470703125,0.64794921875,0.7263500046447819,12
3,default,726.0,726.0,0.332183837890625,0.649932861328125,0.7299032993417065,14
3,default,727.0,727.0,0.335845947265625,0.650634765625,0.7322008594194926,15
3,default,728.0,728.0,0.33880615234375,0.652801513671875,0.7354858429081198,12
3,default,730.0,730.0,0.277862548828125,0.677001953125,0.7318054663476673,14
3,default,731.0,731.0,0.28314208984375,0.67913818359375,0.7357976049540419,14
3,default,732.0,732.0,0.28753662109375,0.68133544921875,0.7395236999800119,10
3,default,733.0,733.0,0.293121337890625,0.684234619140625,0.7443770098258718,14
3,default,734.0,734.0,0.27178955078125,0.6640625,0.7175294863767786,13
3,default,735.0,735.0,0.276611328125,0.666717529296875,0.7218213703672162,14
3,default,736.0,736.0,0.281951904296875,0.669403076171875,0.7263589709812933,12
3,default,737.0,737.0,0.287200927734375,0.67236328125,0.7311338829959615,16
3,default,738.0,738.0,0.25909423828125,0.671661376953125,0.7199019583256522,24
3,default,739.0,739.0,0.29736328125,0.67657470703125,0.739038737300142,27
3,default,740.0,740.0,0.302703857421875,0.678802490234375,0.7432378125784987,29
3,default,741.0,741.0,0.27618408203125,0.679962158203125,0.7339115639882613,25
3,default,742.0,742.0,0.281646728515625,0.681365966796875,0.7372818052770558,23
3,default,743.0,743.0,0.287689208984375,0.683380126953125,0.7414671124739954,11
3,default,744.0,744.0,0.29315185546875,0.6854248046875,0.7454831810615639,12
3,default,745.0,745.0,0.298126220703125,0.687713623046875,0.7495527138200406,12
3,default,746.0,746.0,0.303131103515625,0.689361572265625,0.7530656300981575,15
3,default,747.0,747.0,0.307952880859375,0.691131591796875,0.7566358794091586,12
3,default,748.0,748.0,0.31280517578125,0.692596435546875,0.7599584860555051,13
3,default,824.0,824.0,0.043426513671875,-0.02105712890625,0.0482624571221563,330
3,default,825.0,825.0,0.053314208984375,-0.10443115234375,0.11725301897807636,353
3,default,826.0,826.0,0.03155517578125,-0.089813232421875,0.09519530364808615,351
3,default,827.0,827.0,0.04022216796875,-0.074249267578125,0.08444392537059336,404
3,default,828.0,828.0,0.034149169921875,-0.083770751953125,0.09046383083390339,461
3,default,829.0,829.0,0.021514892578125,-0.066986083984375,0.07035642152788897,470
3,default,830.0,830.0,0.027252197265625,-0.071563720703125,0.0765770747461629,468
3,default,831.0,831.0,0.0185546875,-0.074798583984375,0.07706558631639843,516
3,default,832.0,832.0,0.00115966796875,-0.0675048828125,0.06751484305933846,493
3,default,833.0,833.0,-0.012908935546875,-0.05145263671875,0.053047284966009654,490
3,default,834.0,834.0,-0.02642822265625,-0.038909912109375,0.04703649873372393,500
3,default,835.0,835.0,-0.0423583984375,-0.0224609375,0.04794504804011472,502
3,default,836.0,836.0,-0.05426025390625,-0.00689697265625,0.05469683158823533,482
3,default,837.0,837.0,-0.065948486328125,-0.001129150390625,0.06595815210855697,510
3,default,838.0,838.0,-0.077392578125,0.005706787109375,0.07760269691155042,453
3,default,839.0,839.0,-0.0755615234375,0.0135498046875,0.07676679641137345,438
3,default,840.0,840.0,-0.09417724609375,-0.027496337890625,0.09810913453495637,396
3,default,841.0,841.0,-0.098052978515625,-0.005706787109375,0.09821890864236553,404
3,default,842.0,842.0,-0.0975341796875,0.016845703125,0.09897824973745077,382
3,default,843.0,843.0,-0.121856689453125,0.0347900390625,0.12672568635618284,361
3,default,844.0,844.0,-0.1236572265625,0.055999755859375,0.13574638977681527,394
3,default,845.0,845.0,-0.133544921875,0.06976318359375,0.150669001270119,363
3,default,846.0,846.0,-0.147491455078125,0.0977783203125,0.17695855233414523,353
3,default,847.0,847.0,-0.153594970703125,0.097381591796875,0.18186420606097017,323
3,default,848.0,848.0,-0.161346435546875,0.08685302734375,0.18323787987874143,255
3,default,849.0,849.0,0.01678466796875,0.098541259765625,0.0999605169805437,255
4,default,703.0,703.0,0.236419677734375,0.58575439453125,0.6316664267892484,15
4,default,704.0,704.0,0.240447998046875,0.589263916015625,0.6364331877603646,8
4,default,705.0,705.0,0.24407958984375,0.592803955078125,0.6410860904235568,12
4,default,706.0,706.0,0.24786376953125,0.596221923828125,0.6456911263905918,11
4,default,707.0,707.0,0.25152587890625,0.599822998046875,0.6504251661378909,27
4,default,708.0,708.0,0.255126953125,0.603240966796875,0.6549728438896336,11
4,default,713.0,713.0,0.51947021484375,0.57781982421875,0.7769974603369042,14
4,default,715.0,715.0,0.198394775390625,0.632598876953125,0.6629795064891912,10
4,default,716.0,716.0,0.20355224609375,0.636260986328125,0.6680281128912533,11
4,default,717.0,717.0,0.209442138671875,0.640411376953125,0.6737898345793342,13
4,default,718.0,718.0,0.215179443359375,0.64373779296875,0.678749245996434,13
4,default,719.0,719.0,0.2205810546875,0.646636962890625,0.6832242409805593,10
4,default,720.0,720.0,0.22589111328125,0.6505126953125,0.688617137328266,14
4,default,721.0,721.0,0.2315673828125,0.653533935546875,0.6933469965998396,14
4,default,722.0,722.0,0.19757080078125,0.64581298828125,0.6753581547254037,13
4,default,723.0,723.0,0.20355224609375,0.6494140625,0.68056751425745,15
4,default,724.0,724.0,0.3710479736328125,0.6158599853515625,0.7189993882433025,26
4,default,725.0,725.0,0.214752197265625,0.657440185546875,0.69162569631436,15
4,default,726.0,726.0,0.22027587890625,0.660675048828125,0.696428735027473,27
4,default,727.0,727.0,0.2261962890625,0.6636962890625,0.7011829470979594,12
4,default,728.0,728.0,0.23150634765625,0.66656494140625,0.7056231360415091,25
4,default,729.0,729.0,0.236846923828125,0.669464111328125,0.7101258069407151,16
4,default,732.0,732.0,0.541107177734375,0.579925537109375,0.7931649301294514,13
4,default,733.0,733.0,0.5423583984375,0.580535888671875,0.794464945980459,14
4,default,734.0,734.0,0.54571533203125,0.5750732421875,0.7927890371933889,13
4,default,735.0,735.0,0.23199462890625,0.600006103515625,0.6432952915243135,27
4,default,736.0,736.0,0.236419677734375,0.60406494140625,0.6486822931575688,30
4,default,737.0,737.0,0.240509033203125,0.60882568359375,0.6546092789257565,15
4,default,738.0,738.0,0.2451171875,0.612457275390625,0.6596865541958681,10
4,default,739.0,739.0,0.24993896484375,0.617584228515625,0.6662430228215565,14
4,default,740.0,740.0,0.251861572265625,0.60052490234375,0.6512022803392837,11
4,default,741.0,741.0,0.125,0.724853515625,0.7355525943900423,29
4,default,742.0,742.0,0.1963958740234375,0.6665496826171875,0.6948811543929676,26
4,default,743.0,743.0,0.21246337890625,0.6253662109375,0.6604722440485947,38
4,default,744.0,744.0,0.218536376953125,0.629547119140625,0.6663990720807305,37
4,default,745.0,745.0,0.22406005859375,0.6339111328125,0.6723438362628616,51
4,default,746.0,746.0,0.230072021484375,0.636962890625,0.6772406212737556,47
4,default,747.0,747.0,0.236328125,0.64031982421875,0.6825397130962758,41
4,default,748.0,748.0,0.242156982421875,0.62872314453125,0.6737453499690602,50
4,default,824.0,824.0,0.465423583984375,0.013031005859375,0.4656059703682585,78
4,default,825.0,825.0,0.458221435546875,0.01422119140625,0.4584420642563814,63
4,default,826.0,826.0,0.4649658203125,-0.001861572265625,0.46496954686320713,49
4,default,827.0,827.0,0.4503021240234375,0.00872802734375,0.45038670202541786,52
4,default,828.0,828.0,0.437103271484375,0.020111083984375,0.4375656815169236,50
4,default,829.0,829.0,0.44085693359375,0.002227783203125,0.4408625623884208,34
4,default,830.0,830.0,0.434844970703125,0.004364013671875,0.43486686831848886,28
4,default,831.0,831.0,0.424224853515625,-0.000579833984375,0.42422524977634574,26
5,default,703.0,703.0,-0.16802978515625,0.444549560546875,0.4752455370459308,27
5,default,704.0,704.0,0.036224365234375,0.406707763671875,0.40831778024917204,47
5,default,705.0,705.0,0.03912353515625,0.41748046875,0.419309662172054,38
5,default,706.0,706.0,0.042388916015625,0.427581787109375,0.4296777919192783,44
5,default,707.0,707.0,0.040802001953125,0.428466796875,0.43040515725035794,35
5,default,708.0,708.0,0.075225830078125,0.40911865234375,0.41597715947694663,37
5,default,709.0,709.0,0.0616455078125,0.4157257080078125,0.4202713801010699,26
5,default,710.0,710.0,0.048492431640625,0.424224853515625,0.42698740293687143,15
5,default,711.0,711.0,-0.121307373046875,0.418701171875,0.43591988952677074,15
5,default,712.0,712.0,-0.11456298828125,0.43359375,0.44847320803253377,27
5,default,713.0,713.0,-0.07513427734375,0.426055908203125,0.43263009204949815,35
5,default,714.0,714.0,-0.046875,0.413970947265625,0.41661638326522743,80
5,default,715.0,715.0,-0.0064697265625,0.424713134765625,0.42476240912330915,75
5,default,716.0,716.0,-0.014923095703125,0.43951416015625,0.43976743372289223,77
5,default,717.0,717.0,-0.084716796875,0.453369140625,0.46121634115001936,52
5,default,718.0,718.0,0.004669189453125,0.444854736328125,0.4448792395287903,54
5,default,719.0,719.0,-0.189483642578125,0.487884521484375,0.523388342541857,11
5,default,720.0,720.0,-0.189483642578125,0.44818115234375,0.48659058367465996,64
5,default,721.0,721.0,-0.15509033203125,0.4432373046875,0.4695873926716976,121
5,default,722.0,722.0,-0.148345947265625,0.458892822265625,0.4822749655508215,103
5,default,723.0,723.0,-0.14080810546875,0.474517822265625,0.494968772967962,108
5,default,724.0,724.0,-0.132720947265625,0.489898681640625,0.507558438129352,92
5,default,725.0,725.0,-0.125030517578125,0.504791259765625,0.5200450425315297,55
5,default,726.0,726.0,-0.11480712890625,0.46063232421875,0.47472393552765374,30
5,default,727.0,727.0,-0.1278076171875,0.468780517578125,0.48589089379402994,25
5,default,728.0,728.0,-0.119903564453125,0.478729248046875,0.4935165222199669,55
5,default,729.0,729.0,-0.15777587890625,0.4825439453125,0.5076828607727394,77
5,default,730.0,730.0,-0.14892578125,0.497528076171875,0.5193390750754365,63
5,default,731.0,731.0,-0.11932373046875,0.472076416015625,0.4869232949974116,91
5,default,732.0,732.0,-0.131561279296875,0.484527587890625,0.5020710643298791,117
5,default,733.0,733.0,-0.1063232421875,0.485107421875,0.49662243463970795,87
5,default,734.0,734.0,-0.08575439453125,0.361358642578125,0.37139451362039044,77
5,default,735.0,735.0,-0.193695068359375,0.373931884765625,0.42112092556784164,45
5,default,736.0,736.0,-0.187774658203125,0.393280029296875,0.4358078747648455,49
5,default,737.0,737.0,-0.132476806640625,0.3388671875,0.3638421018269569,37
5,default,738.0,738.0,-0.1282958984375,0.345916748046875,0.3689420471228652,46
5,default,739.0,739.0,-0.138458251953125,0.3535614013671875,0.37970561237706835,50
5,default,740.0,740.0,-0.13299560546875,0.36248779296875,0.38611556705907984,64
5,default,741.0,741.0,-0.167694091796875,0.34637451171875,0.3848332246467049,60
5,default,742.0,742.0,-0.198455810546875,0.364410400390625,0.41494535622497664,71
5,default,743.0,743.0,-0.15814208984375,0.36419677734375,0.39704938383999755,88
5,default,744.0,744.0,-0.188446044921875,0.36328125,0.40924953078563187,107
5,default,745.0,745.0,-0.182525634765625,0.360504150390625,0.4040777769136292,105
5,default,746.0,746.0,-0.230865478515625,0.351318359375,0.42038489364413434,170
5,default,747.0,747.0,-0.244171142578125,0.369140625,0.44258823740955616,163
5,default,748.0,748.0,-0.24609375,0.378509521484375,0.4514771219490452,171
6,default,703.0,703.0,0.0927734375,0.547149658203125,0.5549591509087519,28
6,default,704.0,704.0,0.14202880859375,0.577606201171875,0.5948118241114282,41
6,default,705.0,705.0,0.147308349609375,0.577728271484375,0.5962128022249787,37
6,default,706.0,706.0,0.152099609375,0.577728271484375,0.5974146356127805,39
6,default,707.0,707.0,0.15740966796875,0.597259521484375,0.6176542233108884,25
6,default,708.0,708.0,0.16192626953125,0.578582763671875,0.6008145564003021,40
6,default,709.0,709.0,0.1668701171875,0.58367919921875,0.6070642829312323,37
6,default,710.0,710.0,0.1514129638671875,0.6001434326171875,0.6189491298488001,26
6,default,711.0,711.0,0.326446533203125,0.5860443115234375,0.6708317778022437,26
6,default,712.0,712.0,0.15081787109375,0.5777587890625,0.5971191242794166,39
6,default,713.0,713.0,0.147613525390625,0.60546875,0.6232031451339212,25
6,default,714.0,714.0,0.159393310546875,0.577972412109375,0.5995484439197735,42
6,default,715.0,715.0,0.163421630859375,0.577911376953125,0.6005732170556682,40
6,default,716.0,716.0,0.167449951171875,0.577911376953125,0.6016818476232437,37
6,default,717.0,717.0,0.169677734375,0.557403564453125,0.5826570751374106,49
6,default,718.0,718.0,0.1646728515625,0.549560546875,0.5737019633252741,26
6,default,719.0,719.0,0.180450439453125,0.567108154296875,0.5951252135213514,24
6,default,720.0,720.0,0.184844970703125,0.572357177734375,0.6014652127083479,38
6,default,721.0,721.0,0.18121337890625,0.578033447265625,0.6057730225525086,50
6,default,722.0,722.0,0.193756103515625,0.58197021484375,0.6133765227124675,50
6,default,723.0,723.0,0.193389892578125,0.578216552734375,0.6096999527697234,58
6,default,724.0,724.0,0.199188232421875,0.578582763671875,0.6119100966265679,60
6,default,725.0,725.0,0.2027587890625,0.581024169921875,0.6153862304077783,84
6,default,726.0,726.0,0.14251708984375,0.58575439453125,0.6028427088471775,84
6,default,727.0,727.0,0.147857666015625,0.5904541015625,0.608685415836101,85
6,default,728.0,728.0,0.152435302734375,0.5968017578125,0.6159617355386701,102
6,default,729.0,729.0,0.156005859375,0.59906005859375,0.6190402102946783,93
6,default,730.0,730.0,0.160980224609375,0.58551025390625,0.6072370954945409,95
6,default,731.0,731.0,0.153167724609375,0.5908203125,0.6103515327453606,76
6,default,732.0,732.0,0.170928955078125,0.596099853515625,0.6201223613493141,79
6,default,733.0,733.0,0.16400146484375,0.6188507080078125,0.640212995238824,102
6,default,734.0,734.0,0.120025634765625,0.558197021484375,0.5709553991293181,112
6,default,735.0,735.0,0.09698486328125,0.56610107421875,0.5743487528821712,130
6,default,736.0,736.0,0.10260009765625,0.56732177734375,0.5765247428233619,134
6,default,737.0,737.0,0.085479736328125,0.57464599609375,0.5809688512728578,161
6,default,738.0,738.0,0.0928955078125,0.581512451171875,0.5888856478465616,141
6,default,739.0,739.0,0.0916748046875,0.5882568359375,0.5953573505397326,156
6,default,740.0,740.0,0.098236083984375,0.594451904296875,0.6025142278143863,129
6,default,741.0,741.0,0.10400390625,0.580902099609375,0.5901390190843502,154
6,default,742.0,742.0,0.11016845703125,0.60223388671875,0.6122276890479706,171
6,default,743.0,743.0,0.0673980712890625,0.610931396484375,0.6146378374488787,236
6,default,744.0,744.0,0.07476806640625,0.615325927734375,0.619851805753842,215
6,default,745.0,745.0,0.084686279296875,0.619873046875,0.6256311694147313,217
6,default,746.0,746.0,0.076690673828125,0.624267578125,0.6289606255961218,210
6,default,747.0,747.0,0.084930419921875,0.641754150390625,0.6473496472322349,195
6,default,748.0,748.0,0.091949462890625,0.631683349609375,0.6383404717700377,213
7,default,703.0,703.0,-0.02508544921875,0.279510498046875,0.28063392218496785,95
7,default,704.0,704.0,-0.05133056640625,0.278472900390625,0.28316423379295874,88
7,default,705.0,705.0,-0.050628662109375,0.295623779296875,0.2999277918312218,97
7,default,706.0,706.0,-0.0496826171875,0.3128662109375,0.3167864081632732,87
7,default,707.0,707.0,-0.0763092041015625,0.329345703125,0.33807053524008057,106
7,default,708.0,708.0,-0.046661376953125,0.326202392578125,0.32952281411588913,86
7,default,709.0,709.0,-0.0703125,0.331390380859375,0.33876751937334787,127
7,default,710.0,710.0,-0.086761474609375,0.27392578125,0.28733758387968683,125
7,default,711.0,711.0,-0.195831298828125,0.27716064453125,0.3393639940796435,113
7,default,712.0,712.0,-0.195159912109375,0.292236328125,0.3514106753792799,110
7,default,713.0,713.0,-0.193511962890625,0.31170654296875,0.3668894230027786,117
7,default,714.0,714.0,-0.1749267578125,0.330047607421875,0.3735382092419692,109
7,default,715.0,715.0,-0.1734619140625,0.34039306640625,0.38204250455633315,131
7,default,716.0,716.0,-0.183807373046875,0.356109619140625,0.4007483140711562,113
7,default,717.0,717.0,-0.179290771484375,0.371002197265625,0.4120531653990588,104
7,default,718.0,718.0,-0.181243896484375,0.279541015625,0.333155413327617,60
7,default,719.0,719.0,-0.177093505859375,0.295257568359375,0.3442951371876395,92
7,default,720.0,720.0,-0.1673583984375,0.3004302978515625,0.3438999816730783,128
7,default,721.0,721.0,-0.16552734375,0.310272216796875,0.35166482628346224,142
7,default,722.0,722.0,-0.16217041015625,0.307952880859375,0.3480434150502416,137
7,default,723.0,723.0,-0.160430908203125,0.326080322265625,0.3634094837448981,119
7,default,724.0,724.0,-0.157073974609375,0.343963623046875,0.3781312040537243,121
7,default,725.0,725.0,-0.17730712890625,0.358978271484375,0.40037884229675175,117
7,default,726.0,726.0,-0.159393310546875,0.37152099609375,0.4042698084022411,111
7,default,727.0,727.0,-0.1722412109375,0.31451416015625,0.35858916838634103,100
7,default,728.0,728.0,-0.1693115234375,0.33349609375,0.37401341756043444,89
7,default,729.0,729.0,-0.1527099609375,0.339599609375,0.3723549742613698,71
7,default,730.0,730.0,-0.160675048828125,0.340850830078125,0.3768232472670273,92
7,default,731.0,731.0,-0.15576171875,0.326385498046875,0.36164790385575407,114
7,default,732.0,732.0,-0.17681884765625,0.34735107421875,0.38976617817276515,123
7,default,733.0,733.0,-0.17144775390625,0.344482421875,0.3847888658736938,120
7,default,734.0,734.0,-0.176849365234375,0.176727294921875,0.2500164689659558,105
7,default,735.0,735.0,-0.20831298828125,0.183563232421875,0.27765043018845026,129
7,default,736.0,736.0,-0.210205078125,0.206787109375,0.2948679085170266,117
7,default,737.0,737.0,-0.211090087890625,0.19921875,0.2902535711360573,159
7,default,738.0,738.0,-0.2540130615234375,0.19464111328125,0.32001218477407084,188
7,default,739.0,739.0,-0.253021240234375,0.1707763671875,0.30526106138762793,217
7,default,740.0,740.0,-0.268035888671875,0.18695068359375,0.3267932002234627,207
7,default,741.0,741.0,-0.2598876953125,0.206756591796875,0.33209923581107864,252
7,default,742.0,742.0,-0.26092529296875,0.21636962890625,0.33896581660081354,241
7,default,743.0,743.0,-0.275726318359375,0.219482421875,0.3524167081001281,286
7,default,744.0,744.0,-0.302734375,0.203125,0.36456531298471145,275
7,default,745.0,745.0,-0.306640625,0.184661865234375,0.3579503839531802,237
7,default,746.0,746.0,-0.303497314453125,0.206817626953125,0.36726577665061716,239
7,default,747.0,747.0,-0.30853271484375,0.2330322265625,0.38664771400530884,208
7,default,748.0,748.0,-0.32366943359375,0.256134033203125,0.41275482457240703,152
8,default,709.0,709.0,0.2593994140625,0.606597900390625,0.6597340894438326,10
8,default,710.0,710.0,0.263275146484375,0.6099853515625,0.6643763480717807,13
8,default,711.0,711.0,0.267333984375,0.61328125,0.6690152096950974,10
8,default,712.0,712.0,0.271575927734375,0.6162109375,0.6734013691843932,11
8,default,713.0,713.0,0.275970458984375,0.61944580078125,0.6781392145699662,12
8,default,714.0,714.0,0.280426025390625,0.622222900390625,0.6824954897190934,16
8,default,722.0,722.0,0.2366943359375,0.6561279296875,0.6975156405277942,15
8,default,723.0,723.0,0.2418212890625,0.658966064453125,0.701935759129487,11
8,default,724.0,724.0,0.247711181640625,0.662109375,0.7069297376491425,13
8,default,725.0,725.0,0.252532958984375,0.665069580078125,0.7114003385708342,13
8,default,726.0,726.0,0.257232666015625,0.667633056640625,0.7154736492595727,13
8,default,727.0,727.0,0.262603759765625,0.6700439453125,0.7196663277470904,15
8,default,728.0,728.0,0.26763916015625,0.672149658203125,0.7234748669247056,9
8,default,729.0,729.0,0.5382080078125,0.5792236328125,0.7906755823231232,28
8,default,730.0,730.0,0.242767333984375,0.672607421875,0.7150781232922843,16
8,default,731.0,731.0,0.2484130859375,0.675750732421875,0.7199639668995194,13
8,default,732.0,732.0,0.253814697265625,0.6787109375,0.7246174419858866,13
8,default,733.0,733.0,0.259521484375,0.68157958984375,0.7293162127251648,13
8,default,734.0,734.0,0.236846923828125,0.658966064453125,0.7002376306852451,11
8,default,735.0,735.0,0.241790771484375,0.662139892578125,0.7049056777458812,13
8,default,736.0,736.0,0.247711181640625,0.6651611328125,0.709788815151523,12
8,default,737.0,737.0,0.2532958984375,0.66900634765625,0.7153518752122032,13
8,default,738.0,738.0,0.54998779296875,0.575531005859375,0.7960669011585274,13
8,default,739.0,739.0,0.550933837890625,0.575408935546875,0.7966326235097839,14
8,default,740.0,740.0,0.254547119140625,0.621429443359375,0.671542097665317,27
8,default,741.0,741.0,0.552459716796875,0.576385498046875,0.7983933748735816,25
8,default,742.0,742.0,0.4091339111328125,0.60150146484375,0.7274576066328602,24
8,default,743.0,743.0,0.554931640625,0.57635498046875,0.8000838639029582,27
8,default,744.0,744.0,0.4151153564453125,0.6051025390625,0.7338050435480824,28
8,default,745.0,745.0,0.27911376953125,0.636474609375,0.6949851974833727,29
8,default,746.0,746.0,0.5574951171875,0.5770263671875,0.802346704434877,28
8,default,747.0,747.0,0.287841796875,0.64178466796875,0.7033778927916255,37
8,default,748.0,748.0,0.29180908203125,0.644378662109375,0.7073728864875928,39
8,default,824.0,824.0,0.19671630859375,-0.324737548828125,0.37967325647937117,292
8,default,825.0,825.0,0.19097900390625,-0.335906982421875,0.3864019678686863,268
8,default,826.0,826.0,0.165618896484375,-0.328094482421875,0.3675263368363962,274
8,default,827.0,827.0,0.14031982421875,-0.318756103515625,0.34827447020596375,256
8,default,828.0,828.0,0.160736083984375,-0.368621826171875,0.402141939400655,182
8,default,829.0,829.0,0.185791015625,-0.31781005859375,0.36813249629763983,178
8,default,830.0,830.0,0.19110107421875,-0.361358642578125,0.4087782884810118,160
8,default,831.0,831.0,0.17047119140625,-0.3780517578125,0.41470900482698403,127
8,default,832.0,832.0,0.21868896484375,-0.274749755859375,0.3511584993834224,140
8,default,833.0,833.0,0.1903076171875,-0.3597412109375,0.40697755221432413,127
8,default,834.0,834.0,0.161865234375,-0.34832763671875,0.38409959203485644,125
8,default,835.0,835.0,0.371002197265625,0.01019287109375,0.37114218972929436,114
8,default,836.0,836.0,0.36383056640625,0.013458251953125,0.36407939463409145,82
8,default,837.0,837.0,0.373809814453125,0.02398681640625,0.3745786229121823,82
8,default,838.0,838.0,0.366546630859375,0.0281982421875,0.36762966890176835,66
8,default,839.0,839.0,0.359466552734375,0.03228759765625,0.3609136898167581,64
8,default,840.0,840.0,0.3515625,0.065155029296875,0.35754911445691856,52
8,default,841.0,841.0,0.346160888671875,0.04095458984375,0.3485751558493118,34
8,default,842.0,842.0,0.335540771484375,0.0400390625,0.33792119769882517,24
8,default,843.0,843.0,0.332763671875,0.05047607421875,0.33657019385006365,28
9,default,703.0,703.0,0.1113433837890625,0.4591827392578125,0.47248929844590837,26
9,default,704.0,704.0,0.12188720703125,0.4791259765625,0.4943866833308196,29
9,default,705.0,705.0,0.110748291015625,0.47552490234375,0.4882510795809002,38
9,default,706.0,706.0,0.113677978515625,0.490325927734375,0.5033311019676555,37
9,default,707.0,707.0,0.045989990234375,0.487945556640625,0.4901080956759307,50
9,default,708.0,708.0,0.0494384765625,0.484039306640625,0.48655751287793086,59
9,default,709.0,709.0,0.1246337890625,0.49139404296875,0.5069533379328411,78
9,default,710.0,710.0,0.080718994140625,0.4658203125,0.47276222306004095,95
9,default,711.0,711.0,0.061981201171875,0.470733642578125,0.4747966212533303,110
9,default,712.0,712.0,0.066558837890625,0.480621337890625,0.48520815052627136,89
9,default,713.0,713.0,0.0714111328125,0.4906005859375,0.49577059696172265,91
9,default,714.0,714.0,0.076019287109375,0.50006103515625,0.5058062582591856,95
9,default,715.0,715.0,0.0670166015625,0.480987548828125,0.4856338610647684,99
9,default,716.0,716.0,0.0787353515625,0.517303466796875,0.5232610556364156,102
9,default,717.0,717.0,0.050018310546875,0.489471435546875,0.492020444297066,124
9,default,718.0,718.0,0.03875732421875,0.4989013671875,0.5004045407089688,119
9,default,719.0,719.0,0.0115966796875,0.497955322265625,0.49809033914786677,158
9,default,720.0,720.0,0.01531982421875,0.507110595703125,0.5073419490722916,163
9,default,721.0,721.0,0.02001953125,0.515350341796875,0.5157390390707549,161
9,default,722.0,722.0,0.02459716796875,0.52508544921875,0.5256612499065718,175
9,default,723.0,723.0,0.0279541015625,0.528533935546875,0.5292726639633251,146
9,default,724.0,724.0,0.033660888671875,0.544281005859375,0.5453208860528573,159
9,default,725.0,725.0,-0.00286865234375,0.536956787109375,0.5369644498373165,189
9,default,726.0,726.0,-0.02178955078125,0.536651611328125,0.5370937874006007,231
9,default,727.0,727.0,-0.01373291015625,0.550140380859375,0.5503117584364865,216
9,default,728.0,728.0,-0.0083160400390625,0.563262939453125,0.5633243253076384,216
9,default,729.0,729.0,-0.00567626953125,0.575653076171875,0.5756810611284116,203
9,default,730.0,730.0,0.001007080078125,0.56982421875,0.5698251086818934,212
9,default,731.0,731.0,0.0072021484375,0.580963134765625,0.5810077752481609,231
9,default,732.0,732.0,0.013580322265625,0.575225830078125,0.575386114484792,233
9,default,733.0,733.0,-0.034454345703125,0.57623291015625,0.5772620450756929,246
9,default,734.0,734.0,-0.09503173828125,0.49090576171875,0.5000194977892584,236
9,default,735.0,735.0,-0.08172607421875,0.492767333984375,0.4994985451923531,251
9,default,736.0,736.0,-0.084014892578125,0.496337890625,0.5033982557031642,235
9,default,737.0,737.0,-0.07611083984375,0.48468017578125,0.49061974352553767,260
9,default,738.0,738.0,-0.067901611328125,0.501068115234375,0.5056479851887918,249
9,default,739.0,739.0,-0.069305419921875,0.50799560546875,0.5127014495845602,268
9,default,740.0,740.0,-0.059173583984375,0.520355224609375,0.5237089581244806,248
9,default,741.0,741.0,-0.057281494140625,0.531463623046875,0.5345416281199186,270
9,default,742.0,742.0,-0.04815673828125,0.5269775390625,0.5291733157655037,251
9,default,743.0,743.0,-0.0894775390625,0.510711669921875,0.5184907325990229,194
9,default,744.0,744.0,-0.079620361328125,0.51495361328125,0.5210725724593805,198
9,default,745.0,745.0,-0.0697021484375,0.5272216796875,0.531809260007112,221
9,default,746.0,746.0,-0.0596923828125,0.52899169921875,0.5323489442162673,232
9,default,747.0,747.0,-0.05877685546875,0.53924560546875,0.5424394360259522,236
9,default,748.0,748.0,-0.0528411865234375,0.512908935546875,0.5156236681505544,256
10,default,703.0,703.0,0.505615234375,0.57769775390625,0.767711834023947,14
10,default,710.0,710.0,0.51531982421875,0.5780029296875,0.7743654873250593,12
10,default,711.0,711.0,0.177337646484375,0.615142822265625,0.6401947614949184,14
10,default,712.0,712.0,0.18231201171875,0.619842529296875,0.6460978492009434,14
10,default,713.0,713.0,0.187896728515625,0.624298095703125,0.651961113016277,13
10,default,714.0,714.0,0.193206787109375,0.628448486328125,0.657477271510764,15
10,default,718.0,718.0,0.17535400390625,0.62896728515625,0.6529539589303189,27
10,default,719.0,719.0,0.526275634765625,0.577972412109375,0.7816765014425665,26
10,default,720.0,720.0,0.18658447265625,0.637237548828125,0.6639920625074428,12
10,default,721.0,721.0,0.1922607421875,0.64166259765625,0.6698470588257105,15
10,default,725.0,725.0,0.533538818359375,0.578948974609375,0.7873027282421704,12
10,default,727.0,727.0,0.5355224609375,0.57867431640625,0.7884467455933831,13
10,default,729.0,729.0,0.2264404296875,0.611480712890625,0.6520612934642621,15
10,default,730.0,730.0,0.2308349609375,0.615753173828125,0.657599232261129,23
10,default,731.0,731.0,0.235687255859375,0.6044921875,0.6488137539564476,38
10,default,732.0,732.0,0.2349853515625,0.60693359375,0.650835234657161,23
10,default,733.0,733.0,0.241851806640625,0.619049072265625,0.664615716221235,26
10,default,734.0,734.0,0.219818115234375,0.57769775390625,0.6181057342021017,26
10,default,735.0,735.0,0.22393798828125,0.58306884765625,0.6245938710095069,11
10,default,736.0,736.0,0.229644775390625,0.58819580078125,0.6314356839147647,29
10,default,737.0,737.0,0.175811767578125,0.600128173828125,0.6253507836736314,37
10,default,738.0,738.0,0.183013916015625,0.60516357421875,0.6322317969040997,37
10,default,739.0,739.0,0.189239501953125,0.60955810546875,0.6382575287782499,39
10,default,740.0,740.0,0.15985107421875,0.628814697265625,0.6488145262138849,37
10,default,741.0,741.0,0.201202392578125,0.617340087890625,0.6493005366515313,26
10,default,742.0,742.0,0.207122802734375,0.621002197265625,0.6546324040415942,25
10,default,743.0,743.0,0.19537353515625,0.6075439453125,0.6381852894930503,30
10,default,744.0,744.0,0.20123291015625,0.61212158203125,0.6443504600125569,41
10,default,745.0,745.0,0.207122802734375,0.6004638671875,0.6351824235684662,23
10,default,746.0,746.0,0.2137451171875,0.60491943359375,0.6415718948495807,38
10,default,747.0,747.0,0.219573974609375,0.609130859375,0.6474975939481817,38
10,default,748.0,748.0,0.22064208984375,0.613311767578125,0.65179310832535,26
11,default,703.0,703.0,0.067626953125,0.381378173828125,0.38732766007793257,37
11,default,704.0,704.0,0.068695068359375,0.371124267578125,0.3774284493812025,28
11,default,705.0,705.0,0.03778076171875,0.37176513671875,0.37367994706106433,23
11,default,706.0,706.0,0.03961181640625,0.382232666015625,0.38427972489895273,25
11,default,707.0,707.0,0.07342529296875,0.40020751953125,0.4068873705792582,15
11,default,708.0,708.0,-0.139801025390625,0.3702392578125,0.3957542605276929,14
11,default,709.0,709.0,0.014190673828125,0.358642578125,0.3589232147240451,25
11,default,710.0,710.0,-0.041290283203125,0.38629150390625,0.3884919735041467,52
11,default,711.0,711.0,-0.038055419921875,0.366790771484375,0.3687596575434103,77
11,default,712.0,712.0,-0.014862060546875,0.381866455078125,0.3821555578002662,60
11,default,713.0,713.0,-0.012298583984375,0.3878173828125,0.3880123420454018,56
11,default,714.0,714.0,-0.231781005859375,0.398681640625,0.46116101878695825,29
11,default,715.0,715.0,-0.224212646484375,0.417938232421875,0.4742822756159548,12
11,default,716.0,716.0,-0.216217041015625,0.436248779296875,0.48689095931590887,27
11,default,717.0,717.0,-0.062744140625,0.37237548828125,0.37762459063926057,41
11,default,718.0,718.0,-0.1309356689453125,0.393218994140625,0.4144458067771,110
11,default,719.0,719.0,-0.167877197265625,0.4088134765625,0.44194028101190247,96
11,default,720.0,720.0,-0.078765869140625,0.413848876953125,0.4212777647785851,55
11,default,722.0,722.0,-0.142242431640625,0.399871826171875,0.4244177031240192,15
11,default,723.0,723.0,-0.15594482421875,0.40557861328125,0.43452594830660984,26
11,default,724.0,724.0,-0.149627685546875,0.422698974609375,0.4484003427941727,30
11,default,725.0,725.0,-0.14306640625,0.414459228515625,0.4384568949156315,31
11,default,726.0,726.0,-0.184051513671875,0.431793212890625,0.4693829336302258,43
11,default,727.0,727.0,-0.1767578125,0.428314208984375,0.4633534136031546,81
11,default,728.0,728.0,-0.095306396484375,0.406463623046875,0.41748770768877613,54
11,default,729.0,729.0,-0.132293701171875,0.42633056640625,0.4463847838155186,62
11,default,730.0,730.0,-0.1258544921875,0.44171142578125,0.4592911243094931,65
11,default,731.0,731.0,-0.176666259765625,0.46112060546875,0.4938047996196897,40
11,default,732.0,732.0,0.074188232421875,0.408660888671875,0.4153403613423198,13
11,default,733.0,733.0,-0.143646240234375,0.424072265625,0.44774047036848513,22
11,default,734.0,734.0,-0.155548095703125,0.28033447265625,0.3205972966765726,25
11,default,735.0,735.0,-0.15362548828125,0.2886962890625,0.32702650958005075,39
11,default,736.0,736.0,-0.135498046875,0.283294677734375,0.3140312009013803,38
11,default,737.0,737.0,-0.171783447265625,0.2880859375,0.33541475838089724,43
11,default,738.0,738.0,-0.177642822265625,0.28192138671875,0.33322160883099916,39
11,default,739.0,739.0,-0.220703125,0.28680419921875,0.3618929649416718,38
11,default,740.0,740.0,-0.171539306640625,0.281036376953125,0.32925245465096437,64
11,default,741.0,741.0,-0.088226318359375,0.293365478515625,0.30634488282971434,48
11,default,742.0,742.0,-0.0968017578125,0.29852294921875,0.313825638732482,54
11,default,743.0,743.0,-0.08465576171875,0.304168701171875,0.31572962604856575,73
11,default,744.0,744.0,-0.226226806640625,0.28857421875,0.36667921644127527,85
11,default,745.0,745.0,-0.248321533203125,0.3057861328125,0.3939146390688909,126
11,default,746.0,746.0,-0.263519287109375,0.31396484375,0.4098979602164362,66
11,default,747.0,747.0,-0.237945556640625,0.305694580078125,0.3873851626148813,100
11,default,748.0,748.0,-0.1220703125,0.299407958984375,0.32333618278354936,109
12,default,703.0,703.0,-0.174713134765625,0.14447021484375,0.2267075703116919,110
12,default,704.0,704.0,-0.17974853515625,0.16162109375,0.24172487219101788,113
12,default,705.0,705.0,-0.184783935546875,0.178466796875,0.25689589413420794,103
12,default,706.0,706.0,-0.16082763671875,0.195465087890625,0.2531247307487516,127
12,default,707.0,707.0,-0.172576904296875,0.175750732421875,0.24631505809332538,123
12,default,708.0,708.0,-0.177642822265625,0.198944091796875,0.2667128117721004,123
12,default,709.0,709.0,-0.2211761474609375,0.1522216796875,0.2684964207816302,106
12,default,710.0,710.0,-0.19342041015625,0.143646240234375,0.24092674695534275,103
12,default,711.0,711.0,-0.18756103515625,0.115875244140625,0.22046817029569937,88
12,default,712.0,712.0,-0.189117431640625,0.126556396484375,0.22755642034769485,142
12,default,713.0,713.0,-0.189849853515625,0.14508056640625,0.23893793677158634,139
12,default,714.0,714.0,-0.18988037109375,0.170135498046875,0.2549522367471178,133
12,default,715.0,715.0,-0.218902587890625,0.181671142578125,0.2844692374068842,119
12,default,716.0,716.0,-0.1669921875,0.20037841796875,0.2608407580760611,143
12,default,717.0,717.0,-0.168212890625,0.218597412109375,0.27582676656433136,141
12,default,718.0,718.0,-0.1676025390625,0.20068359375,0.26146608938945004,122
12,default,719.0,719.0,-0.170501708984375,0.213623046875,0.27332332304937124,116
12,default,720.0,720.0,-0.192291259765625,0.15802001953125,0.24889004631545172,102
12,default,721.0,721.0,-0.196044921875,0.17022705078125,0.259636014856678,104
12,default,722.0,722.0,-0.1888427734375,0.1185302734375,0.2229596797646056,103
12,default,723.0,723.0,-0.19989013671875,0.142913818359375,0.24572428906295973,155
12,default,724.0,724.0,-0.1966552734375,0.151397705078125,0.24818251685745474,160
12,default,725.0,725.0,-0.227935791015625,0.155242919921875,0.2757808713667218,185
12,default,726.0,726.0,-0.26104736328125,0.108306884765625,0.28262361395277513,248
12,default,727.0,727.0,-0.2630615234375,0.135955810546875,0.2961171179359885,262
12,default,728.0,728.0,-0.27166748046875,0.162933349609375,0.3167814646711033,278
12,default,729.0,729.0,-0.28985595703125,0.141082763671875,0.3223675263294924,297
12,default,730.0,730.0,-0.291229248046875,0.160308837890625,0.33243555529424185,414
12,default,731.0,731.0,-0.304229736328125,0.166839599609375,0.3469743282493635,408
12,default,732.0,732.0,-0.318389892578125,0.189727783203125,0.3706329119426417,427
12,default,733.0,733.0,-0.3159942626953125,0.1953125,0.3714826331238167,416
12,default,734.0,734.0,-0.225433349609375,0.0063934326171875,0.22552399228626033,486
12,default,735.0,735.0,-0.236785888671875,0.002197265625,0.2367960832665025,464
12,default,736.0,736.0,-0.250823974609375,0.03485107421875,0.25323361469805944,502
12,default,737.0,737.0,-0.259918212890625,-0.006561279296875,0.2600010149562264,427
12,default,738.0,738.0,-0.265228271484375,0.01123046875,0.26546592893050147,399
12,default,739.0,739.0,-0.2000732421875,0.00408935546875,0.20011502958940347,384
12,default,740.0,740.0,-0.16876220703125,0.032806396484375,0.17192132553103615,372
12,default,741.0,741.0,-0.290618896484375,0.0457763671875,0.2942020033695908,307
12,default,742.0,742.0,-0.2266845703125,0.074859619140625,0.23872548459609877,291
12,default,743.0,743.0,-0.233673095703125,0.0697021484375,0.24384729884147804,219
12,default,744.0,744.0,-0.235931396484375,0.09967041015625,0.2561207030050138,182
12,default,745.0,745.0,-0.239654541015625,0.107666015625,0.2627285099679375,164
12,default,746.0,746.0,-0.254119873046875,-0.03759765625,0.2568861491650592,134
12,default,747.0,747.0,-0.0735015869140625,0.0714263916015625,0.10249006145039255,138
12,default,748.0,748.0,-0.0817413330078125,0.090545654296875,0.12198426551790725,132
13,default,703.0,703.0,0.331268310546875,-0.40655517578125,0.5244290271591608,350
13,default,704.0,704.0,0.3193359375,-0.41552734375,0.5240595523248618,315
13,default,705.0,705.0,0.31561279296875,-0.4141845703125,0.5207305381581584,307
13,default,706.0,706.0,0.319915771484375,-0.427276611328125,0.5337709278637124,302
13,default,707.0,707.0,0.28863525390625,-0.39569091796875,0.4897771047736689,253
13,default,708.0,708.0,0.352752685546875,-0.3900604248046875,0.525910251049878,156
13,default,709.0,709.0,0.349761962890625,-0.3887939453125,0.5229666935826431,134
13,default,710.0,710.0,0.38677978515625,-0.399871826171875,0.5563237183255313,102
13,default,711.0,711.0,0.36016845703125,-0.408355712890625,0.5444958270645257,102
13,default,712.0,712.0,0.3331298828125,-0.41094970703125,0.5290134029793009,82
13,default,713.0,713.0,0.310333251953125,-0.4154815673828125,0.5185862127965613,80
13,default,714.0,714.0,0.283172607421875,-0.4188232421875,0.5055686242149058,65
13,default,715.0,715.0,0.25640869140625,-0.4171142578125,0.48962201860122495,67
13,default,716.0,716.0,0.277984619140625,-0.413787841796875,0.498493557127546,51
13,default,717.0,717.0,0.25250244140625,-0.410736083984375,0.48214273156704984,30
13,default,718.0,718.0,0.225830078125,-0.40899658203125,0.4672016998034025,24
13,default,719.0,719.0,0.229736328125,-0.43292236328125,0.4901025944528148,12
14,default,703.0,703.0,0.0987548828125,-0.156494140625,0.18504848804912696,488
14,default,704.0,704.0,0.084259033203125,-0.162689208984375,0.18321398253486812,526
14,default,705.0,705.0,0.0869140625,-0.153289794921875,0.17621525327690676,551
14,default,706.0,706.0,0.079254150390625,-0.14337158203125,0.1638188966153882,529
14,default,707.0,707.0,0.05010986328125,-0.144683837890625,0.15311567961781777,555
14,default,708.0,708.0,0.05657958984375,-0.226898193359375,0.23384618905732737,662
14,default,709.0,709.0,0.0374755859375,-0.27081298828125,0.27339366152707234,664
14,default,710.0,710.0,0.03936767578125,-0.28656005859375,0.2892515878567844,670
14,default,711.0,711.0,0.031890869140625,-0.285614013671875,0.2873889217424751,627
14,default,712.0,712.0,0.027740478515625,-0.2694091796875,0.2708336025093037,603
14,default,713.0,713.0,0.009918212890625,-0.242218017578125,0.2424209953498678,646
14,default,714.0,714.0,-0.019378662109375,-0.21868896484375,0.21954588561296304,645
14,default,715.0,715.0,-0.04339599609375,-0.19342041015625,0.19822882621349686,633
14,default,716.0,716.0,-0.060302734375,-0.189453125,0.19881877764780526,605
14,default,717.0,717.0,-0.08111572265625,-0.17315673828125,0.19121458227406973,649
14,default,718.0,718.0,-0.10821533203125,-0.1673583984375,0.19929724437181434,639
14,default,719.0,719.0,-0.129852294921875,-0.145782470703125,0.19522844890226707,635
14,default,720.0,720.0,-0.152069091796875,-0.132904052734375,0.2019616199012771,617
14,default,721.0,721.0,-0.1741943359375,-0.10467529296875,0.20322545025365363,594
14,default,722.0,722.0,-0.184326171875,-0.111480712890625,0.21541607875155003,591
14,default,723.0,723.0,-0.205596923828125,-0.0888671875,0.22398096370394513,531
14,default,724.0,724.0,-0.228729248046875,-0.061676025390625,0.2368987146864117,524
14,default,725.0,725.0,-0.24139404296875,-0.0389404296875,0.24451470517137788,481
14,default,726.0,726.0,-0.187255859375,-0.077056884765625,0.2024907908030698,420
14,default,727.0,727.0,-0.261444091796875,-0.067230224609375,0.2699498402231789,384
14,default,728.0,728.0,-0.128509521484375,-0.05682373046875,0.14051204025466354,353
14,default,729.0,729.0,-0.2308349609375,-0.026824951171875,0.23238837577725488,316
14,default,730.0,730.0,-0.160430908203125,-0.02398681640625,0.16221419071149928,222
14,default,731.0,731.0,-0.136871337890625,-0.010589599609375,0.13728038008345006,173
14,default,732.0,732.0,-0.160919189453125,0.035736083984375,0.16483947716730069,143
14,default,733.0,733.0,0.123779296875,0.112518310546875,0.16727726845926313,119
14,default,734.0,734.0,0.00274658203125,-0.36944580078125,0.36945601013889795,63
14,default,735.0,735.0,-0.01116943359375,-0.35357666015625,0.3537530365297993,52
14,default,736.0,736.0,-0.01727294921875,-0.33880615234375,0.3392461696772564,22
14,default,737.0,737.0,-0.02569580078125,-0.363555908203125,0.36446285485243723,28
14,default,738.0,738.0,-0.051544189453125,-0.349822998046875,0.35359996242771796,14
